data,S_mais,S_menos,n_categorias,ISM,recorte,ar,k
2009-07-01,0.0,0.0,384,0.0,cheio,1,2
2009-08-01,0.1252174991300035,0.40235939056243775,384,-0.2771418914324343,cheio,1,2
2009-09-01,0.16818615906920464,0.3818620906895466,384,-0.21367593162034193,cheio,1,2
2009-10-01,0.12481787372511607,0.33772436407054846,384,-0.21290649034543238,cheio,1,2
2009-11-01,0.07245456527260836,0.4038255770465377,384,-0.33137101177392936,cheio,1,2
2009-12-01,0.12360124720249441,0.5411540823081646,384,-0.4175528351056702,cheio,1,2
2010-01-01,0.1906558560648636,0.36521880868714784,384,-0.17456295262228425,cheio,1,2
2010-02-01,0.2876507259043554,0.2590975545853275,384,0.028553171319027904,cheio,1,2
2010-03-01,0.1752312990748037,0.33921964312142755,384,-0.16398834404662385,cheio,1,2
2010-04-01,0.17600835987460187,0.43621845672314913,384,-0.26021009684854723,cheio,1,2
2010-05-01,0.27906032563804617,0.3024921850468897,384,-0.023431859408843514,cheio,1,2
2010-06-01,0.21948331689990142,0.30044880269281615,384,-0.08096548579291474,cheio,1,2
2010-07-01,0.06476591026018852,0.4694801724267112,384,-0.4047142621665227,cheio,1,2
2010-08-01,0.07060585878828243,0.49662700674598653,384,-0.42602114795770407,cheio,1,2
2010-09-01,0.15217847821521785,0.35241147588524113,384,-0.20023299767002328,cheio,1,2
2010-10-01,0.24232054607672351,0.2601294392233646,384,-0.017808893146641108,cheio,1,2
2010-11-01,0.30946338107323784,0.32776134447731103,384,-0.018297963404073192,cheio,1,2
2010-12-01,0.23929211079744037,0.37643989371861836,384,-0.137147782921178,cheio,1,2
2011-01-01,0.1564238435761564,0.2679447320552679,384,-0.11152088847911151,cheio,1,2
2011-02-01,0.2182606191274295,0.18424821097853172,384,0.03401240814889778,cheio,1,2
2011-03-01,0.2488852399671597,0.22828105452949077,384,0.020604185437668926,cheio,1,2
2011-04-01,0.23599552800894402,0.3090563818872362,384,-0.0730608538782922,cheio,1,2
2011-05-01,0.2238204332569672,0.2842570102009286,384,-0.06043657694396137,cheio,1,2
2011-06-01,0.2373346613426294,0.2940850585954102,384,-0.056750397252780777,cheio,1,2
2011-07-01,0.13970639706397064,0.3009270092700927,384,-0.16122061220612205,cheio,1,2
2011-08-01,0.11302167813006879,0.3282749696498179,384,-0.2152532915197491,cheio,1,2
2011-09-01,0.16534599207595246,0.23889643337860028,384,-0.07355044130264782,cheio,1,2
2011-10-01,0.2463519708157665,0.29483035864286916,384,-0.04847838782710265,cheio,1,2
2011-11-01,0.19687557500460004,0.42387139097112775,384,-0.2269958159665277,cheio,1,2
2011-12-01,0.175917,0.310798,384,-0.13488100000000003,cheio,1,2
2012-01-01,0.1842124736997896,0.26209309674477393,365,-0.07788062304498433,cheio,1,2
2012-02-01,0.16211270309837522,0.29517863857089144,365,-0.13306593547251622,cheio,1,2
2012-03-01,0.17427521992653947,0.30628114396800776,365,-0.1320059240414683,cheio,1,2
2012-04-01,0.17689070756283024,0.3254203016812067,365,-0.1485295941183765,cheio,1,2
2012-05-01,0.18327263345473307,0.358755282489435,365,-0.17548264903470193,cheio,1,2
2012-06-01,0.16632700203798775,0.3642558144651132,365,-0.19792881242712543,cheio,1,2
2012-07-01,0.20862866902935223,0.2563950511604093,365,-0.04776638213105705,cheio,1,2
2012-08-01,0.219004780995219,0.2674657325342675,365,-0.048460951539048475,cheio,1,2
2012-09-01,0.19946720213119148,0.22353310586757652,365,-0.024065903736385036,cheio,1,2
2012-10-01,0.2445930216279135,0.18921424314302743,365,0.055378778484886065,cheio,1,2
2012-11-01,0.30050480302881816,0.2688976133856803,365,0.031607189643137856,cheio,1,2
2012-12-01,0.21311913119131193,0.22899728997289975,365,-0.015878158781587826,cheio,1,2
2013-01-01,0.2346952346952347,0.27924427924427925,365,-0.04454904454904454,cheio,1,2
2013-02-01,0.31731836536326924,0.22517054965890068,365,0.09214781570436856,cheio,1,2
2013-03-01,0.2576807423192577,0.20693679306320695,365,0.05074394925605075,cheio,1,2
2013-04-01,0.2040502243013458,0.32378394270365624,365,-0.11973371840231042,cheio,1,2
2013-05-01,0.2648373516264837,0.3804291957080429,365,-0.1155918440815592,cheio,1,2
2013-06-01,0.2186974691177162,0.2855230013389906,365,-0.06682553222127441,cheio,1,2
2013-07-01,0.2146265707468585,0.3210803578392843,365,-0.10645378709242578,cheio,1,2
2013-08-01,0.21983043966087934,0.2960655921311843,365,-0.07623515247030493,cheio,1,2
2013-09-01,0.2673797326202674,0.3061886938113062,365,-0.03880896119103883,cheio,1,2
2013-10-01,0.23638805444778221,0.22766308934764262,365,0.008724965100139592,cheio,1,2
2013-11-01,0.195652,0.18791,365,0.007741999999999999,cheio,1,2
2013-12-01,0.22105732634395808,0.18709512257073543,365,0.03396220377322265,cheio,1,2
2014-01-01,0.2819186915121491,0.21870831224987353,373,0.06321037926227557,cheio,1,2
2014-02-01,0.31254793764381295,0.16475149425448277,373,0.14779644338933018,cheio,1,2
2014-03-01,0.38528407357963207,0.11160244198779005,373,0.273681631591842,cheio,1,2
2014-04-01,0.23060730607306074,0.20351903519035192,373,0.02708827088270882,cheio,1,2
2014-05-01,0.23923843543061257,0.21939631637789828,373,0.019842119052714297,cheio,1,2
2014-06-01,0.38263,0.216004,373,0.16662600000000002,cheio,1,2
2014-07-01,0.32916832916832917,0.24487324487324488,373,0.08429508429508428,cheio,1,2
2014-08-01,0.26473194107223574,0.19289322842708628,373,0.07183871264514946,cheio,1,2
2014-09-01,0.23710386606520542,0.20244017803839767,373,0.03466368802680775,cheio,1,2
2014-10-01,0.2022376179009432,0.2308738469907759,373,-0.02863622908983271,cheio,1,2
2014-11-01,0.2170309532785795,0.2640723766513899,373,-0.04704142337281039,cheio,1,2
2014-12-01,0.2292466877400632,0.21390864172592516,373,0.015338046014138046,cheio,1,2
2015-01-01,0.3181116362232725,0.23428546857093716,373,0.08382616765233533,cheio,1,2
2015-02-01,0.33053963593599534,0.17922697149668648,373,0.15131266443930885,cheio,1,2
2015-03-01,0.3688352623294754,0.14481771036457927,373,0.22401755196489612,cheio,1,2
2015-04-01,0.31502405492783525,0.14977355067934797,373,0.16525050424848728,cheio,1,2
2015-05-01,0.2996087976527859,0.1619769718618312,373,0.13763182579095473,cheio,1,2
2015-06-01,0.362596,0.130006,373,0.23258999999999996,cheio,1,2
2015-07-01,0.3783444050996459,0.12184509660586945,373,0.25649930849377645,cheio,1,2
2015-08-01,0.24528450943098112,0.21148457703084592,373,0.03379993240013521,cheio,1,2
2015-09-01,0.18364646917175337,0.18727249817998542,373,-0.0036260290082320568,cheio,1,2
2015-10-01,0.3367000101000303,0.1997565992697978,373,0.1369434108302325,cheio,1,2
2015-11-01,0.29410876465258795,0.1982381894291366,373,0.09587057522345135,cheio,1,2
2015-12-01,0.25248299006803976,0.282124871500514,373,-0.02964188143247426,cheio,1,2
2016-01-01,0.2932791201626395,0.2446412660762018,373,0.048637854086437726,cheio,1,2
2016-02-01,0.31471,0.24968100000000001,373,0.06502899999999998,cheio,1,2
2016-03-01,0.24832776505011456,0.349480854672308,373,-0.10115308962219344,cheio,1,2
2016-04-01,0.21502864508593525,0.36677810033430097,373,-0.15174945524836572,cheio,1,2
2016-05-01,0.25748848502302996,0.3345193309613381,373,-0.07703084593830817,cheio,1,2
2016-06-01,0.22985660899626295,0.2622898360288522,373,-0.032433227032589246,cheio,1,2
2016-07-01,0.19903439806879614,0.3401626803253606,373,-0.14112828225656449,cheio,1,2
2016-08-01,0.17644264711470575,0.2134045731908536,373,-0.036961926076147844,cheio,1,2
2016-09-01,0.2306210755896803,0.2947826530438774,373,-0.0641615774541971,cheio,1,2
2016-10-01,0.1845733691467383,0.36967273934547873,373,-0.18509937019874043,cheio,1,2
2016-11-01,0.19834619834619835,0.3367913367913368,373,-0.13844513844513848,cheio,1,2
2016-12-01,0.23238,0.37150500000000003,373,-0.13912500000000003,cheio,1,2
2017-01-01,0.1833796332407335,0.34812330375339245,373,-0.16474367051265895,cheio,1,2
2017-02-01,0.13723,0.394591,373,-0.25736100000000006,cheio,1,2
2017-03-01,0.143250286500573,0.36159972319944644,373,-0.21834943669887344,cheio,1,2
2017-04-01,0.1222368556579896,0.42861400029800206,373,-0.3063771446400125,cheio,1,2
2017-05-01,0.10549352746763734,0.5051385256926285,373,-0.39964499822499117,cheio,1,2
2017-06-01,0.12099524199048399,0.4153498306996614,373,-0.2943545887091774,cheio,1,2
2017-07-01,0.16853349439951681,0.3339759980720058,373,-0.16544250367248897,cheio,1,2
2017-08-01,0.1894088635468187,0.327445035329788,373,-0.1380361717829693,cheio,1,2
2017-09-01,0.13354859935420194,0.35194994415016756,373,-0.21840134479596562,cheio,1,2
2017-10-01,0.1486798105615155,0.3515871873025016,373,-0.2029073767409861,cheio,1,2
2017-11-01,0.16494016494016495,0.447953447953448,373,-0.28301328301328305,cheio,1,2
2017-12-01,0.1762885288655866,0.42094026282078845,373,-0.24465173395520184,cheio,1,2
2018-01-01,0.19862580137419864,0.4548435451564548,373,-0.25621774378225615,cheio,1,2
2018-02-01,0.09421747108735544,0.4998634993174966,373,-0.4056460282301411,cheio,1,2
2018-03-01,0.10433789566210434,0.40581459418540583,373,-0.3014766985233015,cheio,1,2
2018-04-01,0.13746927493854988,0.37919475838951683,373,-0.24172548345096695,cheio,1,2
2018-05-01,0.20986720986720986,0.43782843782843783,383,-0.22796122796122797,cheio,1,2
2018-06-01,0.2835651493045521,0.3846748459754621,383,-0.10110969667090997,cheio,1,2
2018-07-01,0.20640979359020642,0.2734047265952734,383,-0.06699493300506695,cheio,1,2
2018-08-01,0.16134251597245208,0.32436402690791927,383,-0.16302151093546718,cheio,1,2
2018-09-01,0.18589999999999998,0.385799,383,-0.19989900000000002,cheio,1,2
2018-10-01,0.12968890782235476,0.4318260227821594,383,-0.30213711495980466,cheio,1,2
2018-11-01,0.10374503745037451,0.4417774177741778,383,-0.3380323803238033,cheio,1,2
2018-12-01,0.14502258009032037,0.4447437789751159,383,-0.29972119888479554,cheio,1,2
2019-01-01,0.12857997136022914,0.3873979008167935,383,-0.25881792945656434,cheio,1,2
2019-02-01,0.15333161332645331,0.48740494961979847,383,-0.3340733362933451,cheio,1,2
2019-03-01,0.08625151750910506,0.3477450864705188,383,-0.26149356896141374,cheio,1,2
2019-04-01,0.2512255122551226,0.31084510845108454,383,-0.059619596195961966,cheio,1,2
2019-05-01,0.189445568336705,0.35520606561819684,383,-0.16576049728149184,cheio,1,2
2019-06-01,0.12157127057237657,0.46040723755657464,383,-0.33883596698419804,cheio,1,2
2019-07-01,0.14090871818256365,0.43033613932772136,383,-0.28942742114515774,cheio,1,2
2019-08-01,0.227362,0.357502,383,-0.13013999999999998,cheio,1,2
2019-09-01,0.08769394767262793,0.37785346575841094,383,-0.290159518085783,cheio,1,2
2019-10-01,0.08181940909704549,0.5205486027430137,383,-0.43872919364596824,cheio,1,2
2019-11-01,0.115247,0.518692,383,-0.40344500000000005,cheio,1,2
2019-12-01,0.11902607123464112,0.37806340257062315,383,-0.25903733133598206,cheio,1,2
2020-01-01,0.13089878539271238,0.3481300887805327,377,-0.21723130338782032,cheio,1,2
2020-02-01,0.04555786332641003,0.5590923227230319,377,-0.5135344593966219,cheio,1,2
2020-03-01,0.07447059576476611,0.5000280002240017,377,-0.4255574044592356,cheio,1,2
2020-04-01,0.13276207066550536,0.4798956407305149,377,-0.34713357006500956,cheio,1,2
2020-05-01,0.05939488121023758,0.5159549680900638,377,-0.45656008687982624,cheio,1,2
2020-06-01,0.1493407467037335,0.4443252216261081,377,-0.29498447492237456,cheio,1,2
2020-07-01,0.2724490897963592,0.372064488257953,377,-0.09961539846159384,cheio,1,2
2020-08-01,0.20906479093520905,0.3613886386113614,377,-0.15232384767615234,cheio,1,2
2020-09-01,0.24887650674095954,0.3814407113557318,377,-0.13256420461477228,cheio,1,2
2020-10-01,0.2170285191996344,0.30867016069112485,377,-0.09164164149149046,cheio,1,2
2020-11-01,0.23439589043698605,0.2788614902465878,377,-0.04446559980960174,cheio,1,2
2020-12-01,0.2595920383681535,0.22397689590758363,377,0.03561514246056985,cheio,1,2
2021-01-01,0.2097832097832098,0.2914022914022914,377,-0.0816190816190816,cheio,1,2
2021-02-01,0.18027690138450692,0.2832184160920805,377,-0.10294151470757357,cheio,1,2
2021-03-01,0.228651,0.318416,377,-0.08976499999999998,cheio,1,2
2021-04-01,0.161228,0.327405,377,-0.166177,cheio,1,2
2021-05-01,0.2891721566886268,0.29077116308465234,377,-0.0015990063960255596,cheio,1,2
2021-06-01,0.32077,0.221552,377,0.099218,cheio,1,2
2021-07-01,0.34769743388203717,0.27928695500868506,377,0.06841047887335211,cheio,1,2
2021-08-01,0.3601687203374407,0.158750317500635,377,0.20141840283680568,cheio,1,2
2021-09-01,0.34374596876209373,0.1572325283024151,377,0.18651344045967863,cheio,1,2
2021-10-01,0.4314525685474314,0.2229027770972229,377,0.20854979145020852,cheio,1,2
2021-11-01,0.4724980225375717,0.2390784575093073,377,0.23341956502826441,cheio,1,2
2021-12-01,0.3007992031968128,0.21967887871551486,377,0.08112032448129794,cheio,1,2
2022-01-01,0.23287693150772604,0.2958691834767339,377,-0.06299225196900787,cheio,1,2
2022-02-01,0.3211476422952846,0.28696157392314786,377,0.034186068372136724,cheio,1,2
2022-03-01,0.3040757366816301,0.14559831038479346,377,0.15847742629683667,cheio,1,2
2022-04-01,0.4010386041544166,0.18044672178688714,377,0.22059188236752947,cheio,1,2
2022-05-01,0.3820208202082021,0.16063560635606355,377,0.22138521385213855,cheio,1,2
2022-06-01,0.36324017944107667,0.19322015932095593,377,0.17002002012012074,cheio,1,2
2022-07-01,0.3737673737673738,0.22915922915922918,377,0.1446081446081446,cheio,1,2
2022-08-01,0.31695716957169573,0.22761527615276153,377,0.0893418934189342,cheio,1,2
2022-09-01,0.24003248006496014,0.22107644215288433,377,0.018956037912075813,cheio,1,2
2022-10-01,0.23105261736832156,0.2555857891005237,377,-0.024533171732202153,cheio,1,2
2022-11-01,0.2811644376711247,0.3138473723052554,377,-0.03268293463413069,cheio,1,2
2022-12-01,0.23544858730847615,0.2689923860456837,377,-0.03354379873720756,cheio,1,2
2023-01-01,0.28992071007928993,0.265050734949265,377,0.024869975130024924,cheio,1,2
2023-02-01,0.2956839302124885,0.17690076169466815,377,0.11878316851782036,cheio,1,2
2023-03-01,0.18704943885168346,0.21781834654496038,377,-0.03076890769327692,cheio,1,2
2023-04-01,0.20448540897081796,0.21988843977687958,377,-0.015403030806061618,cheio,1,2
2023-05-01,0.2663070652282609,0.253312013248053,377,0.012995051980207895,cheio,1,2
2023-06-01,0.13819599999999999,0.380988,377,-0.242792,cheio,1,2
2023-07-01,0.098912,0.358416,377,-0.259504,cheio,1,2
2023-08-01,0.17326,0.35621400000000003,377,-0.18295400000000003,cheio,1,2
2023-09-01,0.1281931281931282,0.2937992937992938,377,-0.16560616560616562,cheio,1,2
2023-10-01,0.16261381306906536,0.34736473682368413,377,-0.18475092375461877,cheio,1,2
2023-11-01,0.1952864141407576,0.3541569375291874,377,-0.15887052338842983,cheio,1,2
2023-12-01,0.21977868132791203,0.34551892688643865,377,-0.12574024555852661,cheio,1,2
2024-01-01,0.17262365475269048,0.3108023783952432,377,-0.13817872364255274,cheio,1,2
2024-02-01,0.22234822234822235,0.20727020727020729,377,0.015078015078015067,cheio,1,2
2024-03-01,0.198833192999158,0.2699236195417173,377,-0.07109042654255929,cheio,1,2
2024-04-01,0.1659506680986638,0.3361873276253447,377,-0.1702366595266809,cheio,1,2
2024-05-01,0.23343870031610092,0.3019479058437175,377,-0.06850920552761658,cheio,1,2
2024-06-01,0.13836469182345912,0.3244086220431102,377,-0.1860439302196511,cheio,1,2
2024-07-01,0.18997481002518996,0.3099396900603099,377,-0.11996488003511996,cheio,1,2
2024-08-01,0.1710825397428577,0.22986106874961876,377,-0.05877852900676106,cheio,1,2
2024-09-01,0.13041913041913042,0.2744412744412745,377,-0.14402214402214406,cheio,1,2
2024-10-01,0.2556137443862556,0.3065076934923065,377,-0.050893949106050884,cheio,1,2
2024-11-01,0.2144113567659297,0.31649405051784846,377,-0.10208269375191875,cheio,1,2
2024-12-01,0.2097520487602438,0.2875964379821899,377,-0.07784438922194611,cheio,1,2
2025-01-01,0.28657442685114626,0.21608556782886432,377,0.07048885902228194,cheio,1,2
2025-02-01,0.2558102558102558,0.16338116338116337,377,0.09242909242909242,cheio,1,2
2025-03-01,0.21496821496821497,0.2163882163882164,377,-0.0014200014200014266,cheio,1,2
2025-04-01,0.2561267928875502,0.2491207438452069,377,0.007006049042343282,cheio,1,2
2025-05-01,0.25257201028804116,0.22334589338357352,377,0.029226116904467636,cheio,1,2
2025-06-01,0.1886318863188632,0.33391433914339147,377,-0.14528245282452826,cheio,1,2
2025-07-01,0.15959747879243635,0.27735083205249617,377,-0.11775335326005981,cheio,1,2
2025-08-01,0.20254203813057195,0.23536153042295632,377,-0.03281949229238437,cheio,1,2
2025-09-01,0.16108616108616108,0.19515319515319515,377,-0.03406703406703407,cheio,1,2
2025-10-01,0.1575851575851576,0.27586127586127585,377,-0.11827611827611825,cheio,1,2
2025-11-01,0.13671582029492177,0.41396448378690276,377,-0.27724866349198096,cheio,1,2
2025-12-01,0.12030451878192487,0.3915434338262647,377,-0.27123891504433983,cheio,1,2
2026-01-01,0.17269896380621716,0.29762721423671457,377,-0.1249282504304974,cheio,1,2
2026-02-01,0.2601188208317458,0.32178725251076756,377,-0.06166843167902175,cheio,1,2
2026-03-01,0.24982699861598892,0.24033992271938176,377,0.009487075896607161,cheio,1,2
2026-04-01,0.29575352123239385,0.19929000354998225,377,0.0964635176824116,cheio,1,2
2026-05-01,0.269563078252313,0.25899503598014395,377,0.010568042272169065,cheio,1,2
2026-06-01,0.18094200000000002,0.298052,377,-0.11710999999999996,cheio,1,2
2026-07-01,0.15754431508863018,0.2860825721651443,377,-0.12853825707651415,cheio,1,2
2009-07-01,0.0,0.0,384,0.0,cheio,1,3
2009-08-01,0.0,0.0,384,0.0,cheio,1,3
2009-09-01,0.03069684651576742,0.19833700831495843,384,-0.167640161799191,cheio,1,3
2009-10-01,0.06824847773934417,0.2017904125328877,384,-0.13354193479354354,cheio,1,3
2009-11-01,0.027515834904990568,0.19576882538704768,384,-0.1682529904820571,cheio,1,3
2009-12-01,0.014525029050058102,0.30377860755721514,384,-0.28925357850715705,cheio,1,3
2010-01-01,0.08714047715713705,0.26870638776167344,384,-0.1815659106045364,cheio,1,3
2010-02-01,0.05833835003010018,0.20135420812524876,384,-0.14301585809514858,cheio,1,3
2010-03-01,0.11115555537777849,0.21046515813936745,384,-0.09930960276158896,cheio,1,3
2010-04-01,0.08764168537471938,0.20352494712579308,384,-0.1158832617510737,cheio,1,3
2010-05-01,0.11075333547998711,0.19966380201718786,384,-0.08891046653720075,cheio,1,3
2010-06-01,0.1345358072148433,0.21606429638577831,384,-0.08152848917093503,cheio,1,3
2010-07-01,0.03781599492510027,0.20077122491895646,384,-0.1629552299938562,cheio,1,3
2010-08-01,0.031649936700126606,0.28335343329313345,384,-0.25170349659300684,cheio,1,3
2010-09-01,0.03797862021379786,0.25153648463515366,384,-0.2135578644213558,cheio,1,3
2010-10-01,0.07118157291056253,0.16956898258610448,384,-0.09838740967554195,cheio,1,3
2010-11-01,0.18032163935672127,0.1952976094047812,384,-0.014975970048059922,cheio,1,3
2010-12-01,0.18203536645976398,0.25898136675776784,384,-0.07694600029800386,cheio,1,3
2011-01-01,0.07308092691907307,0.17803982196017804,384,-0.10495889504110496,cheio,1,3
2011-02-01,0.051004612055344664,0.07855094261131133,384,-0.02754633055596667,cheio,1,3
2011-03-01,0.11808306274756472,0.1256161305451749,384,-0.007533067797610177,cheio,1,3
2011-04-01,0.143993712012576,0.1315937368125264,384,0.012399975200049596,cheio,1,3
2011-05-01,0.0865673940282418,0.18818068273522087,384,-0.10161328870697907,cheio,1,3
2011-06-01,0.141856992998951,0.1390349732448127,384,0.0028220197541382885,cheio,1,3
2011-07-01,0.06388463884638847,0.13823938239382394,384,-0.07435474354743547,cheio,1,3
2011-08-01,0.07543245259471558,0.14968289809738858,384,-0.074250445502673,cheio,1,3
2011-09-01,0.05584933509601058,0.1664109984659908,384,-0.11056166336998022,cheio,1,3
2011-10-01,0.09228773830190642,0.1566172529380235,384,-0.06432951463611708,cheio,1,3
2011-11-01,0.13348506788054304,0.22036976295810368,384,-0.08688469507756064,cheio,1,3
2011-12-01,0.095003,0.216856,384,-0.12185299999999999,cheio,1,3
2012-01-01,0.055579444635557085,0.15400223201785615,365,-0.09842278738229907,cheio,1,3
2012-02-01,0.0777763777889777,0.11972204222366221,365,-0.04194566443468452,cheio,1,3
2012-03-01,0.03939427575993032,0.11343879407155849,365,-0.07404451831162817,cheio,1,3
2012-04-01,0.08741734966939868,0.19337977351909408,365,-0.1059624238496954,cheio,1,3
2012-05-01,0.05633988732022536,0.23339153321693357,365,-0.17705164589670822,cheio,1,3
2012-06-01,0.09543542738743567,0.19897780613316318,365,-0.10354237874572751,cheio,1,3
2012-07-01,0.04138533108264866,0.1336000688005504,365,-0.09221473771790173,cheio,1,3
2012-08-01,0.08655191344808655,0.11583188416811584,365,-0.02927997072002929,cheio,1,3
2012-09-01,0.0906436374254503,0.15907336370654518,365,-0.06842972628109488,cheio,1,3
2012-10-01,0.11719753120987517,0.08593965624137503,365,0.03125787496850013,cheio,1,3
2012-11-01,0.13586281517689106,0.11684270105620634,365,0.019020114120684717,cheio,1,3
2012-12-01,0.08583885838858389,0.14149741497414975,365,-0.05565855658556586,cheio,1,3
2013-01-01,0.07935307935307935,0.1514871514871515,365,-0.07213407213407215,cheio,1,3
2013-02-01,0.1650766698466603,0.11077977844044311,365,0.0542968914062172,cheio,1,3
2013-03-01,0.10045189954810045,0.1346018653981346,365,-0.034149965850034145,cheio,1,3
2013-04-01,0.1424358546151277,0.12258273549641298,365,0.01985311911871472,cheio,1,3
2013-05-01,0.10532594674053258,0.24565354346456533,365,-0.14032759672403275,cheio,1,3
2013-06-01,0.12374313379806341,0.17585276903061678,365,-0.05210963523255337,cheio,1,3
2013-07-01,0.14669470661058678,0.1680816638366723,365,-0.021386957226085523,cheio,1,3
2013-08-01,0.12571125142250286,0.17122834245668492,365,-0.045517091034182056,cheio,1,3
2013-09-01,0.1486798513201487,0.1873178126821873,365,-0.03863796136203862,cheio,1,3
2013-10-01,0.15285438858244565,0.16651333394666423,365,-0.013658945364218578,cheio,1,3
2013-11-01,0.07621,0.126523,365,-0.050313,cheio,1,3
2013-12-01,0.12075872455234733,0.07835447012682077,365,0.04240425442552656,cheio,1,3
2014-01-01,0.12675376052256315,0.11815270891625351,373,0.00860105160630964,cheio,1,3
2014-02-01,0.20558061674185021,0.07388322164966495,373,0.13169739509218525,cheio,1,3
2014-03-01,0.19653601731991338,0.04775276123619382,373,0.14878325608371956,cheio,1,3
2014-04-01,0.14135341353413536,0.07356873568735688,373,0.06778467784677848,cheio,1,3
2014-05-01,0.1199247195483173,0.100777604665628,373,0.01914711488268929,cheio,1,3
2014-06-01,0.14433400000000002,0.124337,373,0.019997000000000015,cheio,1,3
2014-07-01,0.2530582530582531,0.12652912652912654,373,0.12652912652912654,cheio,1,3
2014-08-01,0.17652229391082436,0.10707057171771313,373,0.06945172219311123,cheio,1,3
2014-09-01,0.13446778978989188,0.07459432865104214,373,0.05987346113884974,cheio,1,3
2014-10-01,0.10565484523876191,0.08264666117328938,373,0.02300818406547253,cheio,1,3
2014-11-01,0.1089889809008281,0.12346311116800052,373,-0.014474130267172411,cheio,1,3
2014-12-01,0.150888452665358,0.11937935813807442,373,0.03150909452728358,cheio,1,3
2015-01-01,0.1403482806965614,0.11460822921645844,373,0.02574005148010297,cheio,1,3
2015-02-01,0.18419402613428748,0.08197790175691934,373,0.10221612437736814,cheio,1,3
2015-03-01,0.20438159123681754,0.0582988834022332,373,0.14608270783458432,cheio,1,3
2015-04-01,0.16482850551448347,0.04364686905939283,373,0.12118163645509064,cheio,1,3
2015-05-01,0.16956801740810445,0.06272937637625826,373,0.10683864103184619,cheio,1,3
2015-06-01,0.215475,0.049671,373,0.165804,cheio,1,3
2015-07-01,0.2440391963527672,0.04336739030651276,373,0.20067180604625443,cheio,1,3
2015-08-01,0.18368263263473472,0.04320891358217283,373,0.1404737190525619,cheio,1,3
2015-09-01,0.11840194721557772,0.08887471099768797,373,0.029527236217889746,cheio,1,3
2015-10-01,0.09517028551085653,0.06291618874856625,373,0.03225409676229028,cheio,1,3
2015-11-01,0.18020608123648743,0.06807140842845058,373,0.11213467280803685,cheio,1,3
2015-12-01,0.17515429938280247,0.06820672717309131,373,0.10694757220971116,cheio,1,3
2016-01-01,0.19879540361378917,0.14501456495630513,373,0.05378083865748404,cheio,1,3
2016-02-01,0.135385,0.160379,373,-0.02499399999999999,cheio,1,3
2016-03-01,0.17049746552281028,0.18769831071520357,373,-0.017200845192393288,cheio,1,3
2016-04-01,0.14277442832328496,0.2643737931213793,373,-0.12159936479809436,cheio,1,3
2016-05-01,0.13685472629054743,0.205995588008824,373,-0.06914086171827658,cheio,1,3
2016-06-01,0.11364779553456873,0.1733652135564949,373,-0.059717418021926164,cheio,1,3
2016-07-01,0.12273024546049091,0.18000036000072,373,-0.057270114540229095,cheio,1,3
2016-08-01,0.10929178141643717,0.13651172697654604,373,-0.02721994556010887,cheio,1,3
2016-09-01,0.08551576964192678,0.14625631630684677,373,-0.06074054666491999,cheio,1,3
2016-10-01,0.12157024314048628,0.1797983595967192,373,-0.05822811645623291,cheio,1,3
2016-11-01,0.13635913635913635,0.2326852326852327,373,-0.09632609632609634,cheio,1,3
2016-12-01,0.12455500000000001,0.230157,373,-0.10560199999999999,cheio,1,3
2017-01-01,0.05945788108423783,0.24552150895698208,373,-0.18606362787274425,cheio,1,3
2017-02-01,0.078809,0.187742,373,-0.10893299999999999,cheio,1,3
2017-03-01,0.06477112954225908,0.1879183758367517,373,-0.12314724629449261,cheio,1,3
2017-04-01,0.0637634463441244,0.297326081282569,373,-0.2335626349384446,cheio,1,3
2017-05-01,0.06747933739668699,0.2937924689623448,373,-0.2263131315656578,cheio,1,3
2017-06-01,0.05743711487422975,0.3190396380792762,373,-0.26160252320504646,cheio,1,3
2017-07-01,0.0501888494334517,0.25392623822128535,373,-0.20373738878783365,cheio,1,3
2017-08-01,0.05461867228796627,0.228583628498229,373,-0.17396495621026273,cheio,1,3
2017-09-01,0.05431683704948885,0.1957534127397618,373,-0.14143657569027296,cheio,1,3
2017-10-01,0.0664874681002552,0.21496328029375766,373,-0.14847581219350248,cheio,1,3
2017-11-01,0.08646708646708648,0.28634628634628634,373,-0.19987919987919986,cheio,1,3
2017-12-01,0.09544828634485904,0.30336091008273025,373,-0.20791262373787123,cheio,1,3
2018-01-01,0.11542388457611542,0.357988642011358,373,-0.24256475743524258,cheio,1,3
2018-02-01,0.05922329611648058,0.3175425877129386,373,-0.258319291596458,cheio,1,3
2018-03-01,0.042999957000043,0.27827072172927825,373,-0.23527076472923525,cheio,1,3
2018-04-01,0.059701119402238816,0.26866353732707465,373,-0.20896241792483583,cheio,1,3
2018-05-01,0.08914008914008914,0.28427528427528426,383,-0.19513519513519512,cheio,1,3
2018-06-01,0.18565944302167092,0.31449405651783047,383,-0.12883461349615954,cheio,1,3
2018-07-01,0.13903686096313903,0.2268997731002269,383,-0.08786291213708788,cheio,1,3
2018-08-01,0.08838073485779543,0.14953555139334582,383,-0.06115481653555038,cheio,1,3
2018-09-01,0.086632,0.187154,383,-0.10052199999999999,cheio,1,3
2018-10-01,0.042598298188087316,0.27714193999357994,383,-0.23454364180549264,cheio,1,3
2018-11-01,0.03995539955399554,0.24569345693456937,383,-0.20573805738057382,cheio,1,3
2018-12-01,0.04229016916067664,0.30062120248480995,383,-0.2583310333241333,cheio,1,3
2019-01-01,0.08301733586131312,0.3006125950992392,383,-0.2175952592379261,cheio,1,3
2019-02-01,0.023663094652378612,0.3283303133212533,383,-0.3046672186688747,cheio,1,3
2019-03-01,0.03879923279539677,0.19257715546293278,383,-0.153777922667536,cheio,1,3
2019-04-01,0.04374743747437475,0.20947909479094792,383,-0.1657316573165732,cheio,1,3
2019-05-01,0.13559740679222038,0.23499470498411495,383,-0.09939729819189458,cheio,1,3
2019-06-01,0.08868946786319282,0.25462347225916643,383,-0.1659340043959736,cheio,1,3
2019-07-01,0.04972990054019892,0.2466165067669865,383,-0.19688660622678755,cheio,1,3
2019-08-01,0.06784,0.262647,383,-0.194807,cheio,1,3
2019-09-01,0.03546657440110719,0.26789678523857713,383,-0.23243021083746995,cheio,1,3
2019-10-01,0.03498817494087471,0.23443217216086082,383,-0.19944399721998612,cheio,1,3
2019-11-01,0.053073,0.387568,383,-0.33449500000000004,cheio,1,3
2019-12-01,0.06586359277233496,0.3059787538087843,383,-0.24011516103644936,cheio,1,3
2020-01-01,0.02457714746288478,0.25663153978923875,377,-0.23205439232635397,cheio,1,3
2020-02-01,0.018760943717168847,0.2677621967134099,377,-0.24900125299624104,cheio,1,3
2020-03-01,0.025220201761614092,0.32277558220465763,377,-0.2975553804430435,cheio,1,3
2020-04-01,0.04432368973417186,0.4032131775077574,377,-0.35888948777358554,cheio,1,3
2020-05-01,0.03585892828214344,0.37867124265751473,377,-0.3428123143753713,cheio,1,3
2020-06-01,0.021585107925539627,0.3095825479127396,377,-0.28799743998719995,cheio,1,3
2020-07-01,0.08723434893739575,0.3072832291329165,377,-0.22004888019552077,cheio,1,3
2020-08-01,0.15922584077415922,0.28566871433128566,377,-0.12644287355712644,cheio,1,3
2020-09-01,0.16447301316192103,0.19625982244106532,377,-0.03178680927914429,cheio,1,3
2020-10-01,0.10544373810616674,0.21517150620054337,377,-0.10972776809437663,cheio,1,3
2020-11-01,0.1325868067187395,0.1756854188312305,377,-0.043098612112491,cheio,1,3
2020-12-01,0.14061156244624978,0.14819659278637115,377,-0.007585030340121368,cheio,1,3
2021-01-01,0.1413931413931414,0.13844913844913845,377,0.0029440029440029603,cheio,1,3
2021-02-01,0.12216461082305412,0.13148065740328702,377,-0.009316046580232898,cheio,1,3
2021-03-01,0.125136,0.195871,377,-0.07073499999999999,cheio,1,3
2021-04-01,0.076474,0.20210899999999998,377,-0.125635,cheio,1,3
2021-05-01,0.13021552086208343,0.17499569998279993,377,-0.044780179120716496,cheio,1,3
2021-06-01,0.202499,0.17832900000000002,377,0.024169999999999997,cheio,1,3
2021-07-01,0.23272762909340364,0.16443815106705748,377,0.06828947802634616,cheio,1,3
2021-08-01,0.20188940377880757,0.12131324262648527,377,0.0805761611523223,cheio,1,3
2021-09-01,0.23184730445808663,0.0938997183008451,377,0.1379475861572415,cheio,1,3
2021-10-01,0.2868097131902868,0.10707589292410707,377,0.17973382026617973,cheio,1,3
2021-11-01,0.3659820463411195,0.18478648905670791,377,0.1811955572844116,cheio,1,3
2021-12-01,0.22486789947159788,0.14635258541034163,377,0.07851531406125625,cheio,1,3
2022-01-01,0.12474149896599586,0.12406449625798503,377,0.0006770027080108265,cheio,1,3
2022-02-01,0.20973941947883898,0.19680639361278723,377,0.012933025866051745,cheio,1,3
2022-03-01,0.22891506023554212,0.09685487169384524,377,0.13206018854169688,cheio,1,3
2022-04-01,0.2328569314277257,0.08332033328133312,377,0.14953659814639259,cheio,1,3
2022-05-01,0.21979419794197944,0.09211992119921199,377,0.12767427674276743,cheio,1,3
2022-06-01,0.24965749794498768,0.03420020520123121,377,0.21545729274375647,cheio,1,3
2022-07-01,0.23954423954423956,0.13526613526613526,377,0.1042781042781043,cheio,1,3
2022-08-01,0.21510615106151063,0.11855718557185572,377,0.0965489654896549,cheio,1,3
2022-09-01,0.15698231396462795,0.14367228734457468,377,0.013310026620053261,cheio,1,3
2022-10-01,0.15311807182650278,0.08055756390294731,377,0.07256050792355546,cheio,1,3
2022-11-01,0.14703670592658816,0.17586764826470347,377,-0.028830942338115312,cheio,1,3
2022-12-01,0.13800417197496814,0.1518030891814649,377,-0.013798917206496758,cheio,1,3
2023-01-01,0.14796685203314797,0.13697386302613695,377,0.010992989007011011,cheio,1,3
2023-02-01,0.1841467109730232,0.0841734107861245,377,0.0999733001868987,cheio,1,3
2023-03-01,0.10083969748090757,0.07896176311471066,377,0.021877934366196908,cheio,1,3
2023-04-01,0.09251118502237005,0.08579117158234317,377,0.006720013440026873,cheio,1,3
2023-05-01,0.12634250537002148,0.1340995363981456,377,-0.007757031028124112,cheio,1,3
2023-06-01,0.104378,0.210817,377,-0.106439,cheio,1,3
2023-07-01,0.067363,0.180278,377,-0.11291499999999999,cheio,1,3
2023-08-01,0.057437,0.248036,377,-0.19059900000000002,cheio,1,3
2023-09-01,0.06642106642106643,0.21666521666521668,377,-0.15024415024415025,cheio,1,3
2023-10-01,0.06580432902164511,0.14870874354371771,377,-0.0829044145220726,cheio,1,3
2023-11-01,0.08604974185077445,0.1830994507016479,377,-0.09704970885087345,cheio,1,3
2023-12-01,0.08672047967712193,0.20107479355123867,377,-0.11435431387411674,cheio,1,3
2024-01-01,0.11409577180845638,0.18293063413873173,377,-0.06883486233027535,cheio,1,3
2024-02-01,0.08562408562408563,0.12524212524212525,377,-0.03961803961803961,cheio,1,3
2024-03-01,0.08204549227295364,0.16488698932193593,377,-0.08284149704898229,cheio,1,3
2024-04-01,0.107751784496431,0.17474565050869897,377,-0.06699386601226798,cheio,1,3
2024-05-01,0.11334634003902011,0.17904353713061139,377,-0.06569719709159128,cheio,1,3
2024-06-01,0.05148925744628723,0.2287241436207181,377,-0.17723488617443087,cheio,1,3
2024-07-01,0.07938192061807937,0.18154381845618153,377,-0.10216189783810216,cheio,1,3
2024-08-01,0.03555932003388031,0.11826706440357963,377,-0.08270774436969933,cheio,1,3
2024-09-01,0.07162907162907163,0.1340961340961341,377,-0.062467062467062476,cheio,1,3
2024-10-01,0.08226391773608226,0.19098280901719097,377,-0.10871889128110872,cheio,1,3
2024-11-01,0.1295196114411657,0.19878940363178912,377,-0.06926979219062343,cheio,1,3
2024-12-01,0.1285286426432132,0.13287666438332194,377,-0.004348021740108732,cheio,1,3
2025-01-01,0.12958174083651833,0.1786536426927146,377,-0.04907190185619628,cheio,1,3
2025-02-01,0.19044819044819045,0.10898110898110898,377,0.08146708146708147,cheio,1,3
2025-03-01,0.07605507605507605,0.06943406943406943,377,0.00662100662100662,cheio,1,3
2025-04-01,0.14241199688397818,0.1033367233570635,377,0.039075273526914686,cheio,1,3
2025-05-01,0.12662950651802607,0.14317657270629083,377,-0.016547066188264764,cheio,1,3
2025-06-01,0.11843918439184392,0.17054270542705427,377,-0.05210352103521035,cheio,1,3
2025-07-01,0.1017903053709161,0.14717244151732456,377,-0.04538213614640846,cheio,1,3
2025-08-01,0.08000120001800026,0.1461991929878948,377,-0.06619799296989454,cheio,1,3
2025-09-01,0.06170706170706171,0.1286051286051286,377,-0.06689806689806689,cheio,1,3
2025-10-01,0.08940708940708941,0.14556514556514558,377,-0.05615805615805616,cheio,1,3
2025-11-01,0.060233361400168405,0.192027152162913,377,-0.13179379076274458,cheio,1,3
2025-12-01,0.06265174939300243,0.17739529041883834,377,-0.11474354102583591,cheio,1,3
2026-01-01,0.03479479123125261,0.183444899330604,377,-0.1486501080993514,cheio,1,3
2026-02-01,0.05392737749164244,0.19464836253853776,377,-0.1407209850468953,cheio,1,3
2026-03-01,0.13022904183233466,0.19190053520428163,377,-0.06167149337194697,cheio,1,3
2026-04-01,0.15956920215398923,0.13614631926840365,377,0.023422882885585583,cheio,1,3
2026-05-01,0.12684750739002956,0.11982847931391725,377,0.0070190280761123075,cheio,1,3
2026-06-01,0.08854200000000001,0.16516,377,-0.07661799999999999,cheio,1,3
2026-07-01,0.07255514511029021,0.1348532697065394,377,-0.0622981245962492,cheio,1,3
2009-07-01,0.0,0.0,384,0.0,cheio,1,4
2009-08-01,0.0,0.0,384,0.0,cheio,1,4
2009-09-01,0.0,0.0,384,0.0,cheio,1,4
2009-10-01,0.018082126574886025,0.10501673511714582,384,-0.08693460854225979,cheio,1,4
2009-11-01,0.01551890688655868,0.15178408929546422,384,-0.13626518240890553,cheio,1,4
2009-12-01,0.004806009612019225,0.16698033396066794,384,-0.16217432434864873,cheio,1,4
2010-01-01,0.007864952810283137,0.09817041097753414,384,-0.090305458167251,cheio,1,4
2010-02-01,0.02415614493686962,0.1469668818012908,384,-0.12281073686442118,cheio,1,4
2010-03-01,0.02862688549245803,0.1665993336026656,384,-0.13797244811020756,cheio,1,4
2010-04-01,0.07111693324600131,0.1459258111128333,384,-0.07480887786683198,cheio,1,4
2010-05-01,0.06080763515418907,0.09155945064329613,384,-0.030751815489107055,cheio,1,4
2010-06-01,0.05345132070792425,0.1516859101154607,384,-0.09823458940753646,cheio,1,4
2010-07-01,0.02015874046583184,0.14860565132042297,384,-0.12844691085459115,cheio,1,4
2010-08-01,0.02021895956208088,0.09973680052639895,384,-0.07951784096431808,cheio,1,4
2010-09-01,0.019866801331986678,0.1758762412375876,384,-0.15600943990560093,cheio,1,4
2010-10-01,0.014701911788529268,0.12494525032849803,384,-0.11024333853996876,cheio,1,4
2010-11-01,0.04798990402019195,0.1359817280365439,384,-0.08799182401635194,cheio,1,4
2010-12-01,0.08978116715517301,0.18079335031355406,384,-0.09101218315838105,cheio,1,4
2011-01-01,0.0494019505980494,0.10284089715910284,384,-0.05343894656105344,cheio,1,4
2011-02-01,0.02424729096749161,0.025937311247734973,384,-0.0016900202802433636,cheio,1,4
2011-03-01,0.026845241607174466,0.04292438631947688,384,-0.01607914471230241,cheio,1,4
2011-04-01,0.06556486887026226,0.07456285087429826,384,-0.008997982004035995,cheio,1,4
2011-05-01,0.035142754000722,0.07350448546860172,384,-0.038361731467879724,cheio,1,4
2011-06-01,0.063163442144095,0.0758205307437152,384,-0.012657088599620198,cheio,1,4
2011-07-01,0.04159541595415955,0.10605306053060531,384,-0.06445764457644576,cheio,1,4
2011-08-01,0.03276419658517951,0.06400138400830405,384,-0.031237187423124535,cheio,1,4
2011-09-01,0.037478224869349215,0.10173761042566257,384,-0.06425938555631336,cheio,1,4
2011-10-01,0.031942255538044306,0.11163789310314481,384,-0.07969563756510051,cheio,1,4
2011-11-01,0.07819962559700477,0.1307220457763662,384,-0.05252242017936143,cheio,1,4
2011-12-01,0.08489,0.149584,384,-0.064694,cheio,1,4
2012-01-01,0.045147361178889435,0.10907687261498092,365,-0.06392951143609149,cheio,1,4
2012-02-01,0.04153766769865841,0.057803537571699426,365,-0.016265869873041017,cheio,1,4
2012-03-01,0.008455059185414298,0.057710403972827805,365,-0.04925534478741351,cheio,1,4
2012-04-01,0.02072808291233165,0.06267425069700279,365,-0.04194616778467114,cheio,1,4
2012-05-01,0.010978978042043916,0.13678872642254716,365,-0.12580974838050324,cheio,1,4
2012-06-01,0.026858838846966916,0.10901034593792437,365,-0.08215150709095745,cheio,1,4
2012-07-01,0.020726165809326475,0.0958047664381315,365,-0.07507860062880503,cheio,1,4
2012-08-01,0.02819197180802819,0.08158291841708158,365,-0.05339094660905339,cheio,1,4
2012-09-01,0.04093683625265499,0.05911976352094592,365,-0.018182927268290926,cheio,1,4
2012-10-01,0.05242579029683882,0.07051571793712826,365,-0.018089927640289438,cheio,1,4
2012-11-01,0.05291031746190478,0.055801334808008855,365,-0.0028910173461040786,cheio,1,4
2012-12-01,0.04945149451494515,0.06649366493664936,365,-0.017042170421704216,cheio,1,4
2013-01-01,0.03262503262503263,0.09162809162809163,365,-0.059003059003059,cheio,1,4
2013-02-01,0.04913390173219653,0.06662386675226649,365,-0.017489965020069956,cheio,1,4
2013-03-01,0.06207493792506207,0.09457790542209457,365,-0.0325029674970325,cheio,1,4
2013-04-01,0.04614327685966116,0.08531151186907121,365,-0.03916823500941005,cheio,1,4
2013-05-01,0.07653923460765392,0.08979810201897981,365,-0.013258867411325884,cheio,1,4
2013-06-01,0.025184823706234056,0.1294750936743443,365,-0.10429026996811024,cheio,1,4
2013-07-01,0.09888580222839553,0.12558574882850235,365,-0.026699946600106814,cheio,1,4
2013-08-01,0.111749223498447,0.11874523749047498,365,-0.006996013992027983,cheio,1,4
2013-09-01,0.09819890180109819,0.10568489431510568,365,-0.007485992514007486,cheio,1,4
2013-10-01,0.0795756816972732,0.12339750640997436,365,-0.04382182471270116,cheio,1,4
2013-11-01,0.039348,0.10178999999999999,365,-0.06244199999999999,cheio,1,4
2013-12-01,0.04221125326751961,0.06644239865439193,365,-0.02423114538687232,cheio,1,4
2014-01-01,0.08135148810892866,0.05575333452000712,373,0.025598153588921535,cheio,1,4
2014-02-01,0.10507431522294566,0.03722011166033498,373,0.06785420356261068,cheio,1,4
2014-03-01,0.1604201978990105,0.03062684686576567,373,0.12979335103324482,cheio,1,4
2014-04-01,0.05829958299582996,0.03640936409364094,373,0.02189021890218902,cheio,1,4
2014-05-01,0.07270943625661755,0.040266241597449584,373,0.032443194659167965,cheio,1,4
2014-06-01,0.074159,0.067167,373,0.006991999999999998,cheio,1,4
2014-07-01,0.10974910974910974,0.06244806244806245,373,0.0473010473010473,cheio,1,4
2014-08-01,0.14707141171435315,0.06469274122903508,373,0.08237867048531806,cheio,1,4
2014-09-01,0.07881629065338412,0.025788767901088888,373,0.053027522752295234,cheio,1,4
2014-10-01,0.057687461499692,0.04132933063464507,373,0.01635813086504693,cheio,1,4
2014-11-01,0.055855502699524294,0.0418283764553881,373,0.014027126244136191,cheio,1,4
2014-12-01,0.05647516942550827,0.064777194331583,373,-0.00830202490607472,cheio,1,4
2015-01-01,0.10277920555841112,0.05781111562223125,373,0.04496808993617987,cheio,1,4
2015-02-01,0.08102589128480414,0.05079755877314651,373,0.03022833251165763,cheio,1,4
2015-03-01,0.10585978828042344,0.04385191229617541,373,0.062007875984248034,cheio,1,4
2015-04-01,0.07308278075165775,0.022790931627205118,373,0.05029184912445263,cheio,1,4
2015-05-01,0.13547081282487697,0.03093518561111367,373,0.1045356272137633,cheio,1,4
2015-06-01,0.147968,0.011984999999999999,373,0.135983,cheio,1,4
2015-07-01,0.1818936370427334,0.03832334491010419,373,0.1435702921326292,cheio,1,4
2015-08-01,0.0996508006983986,0.010060979878040242,373,0.08958982082035835,cheio,1,4
2015-09-01,0.07383559068472548,0.021561172489379915,373,0.05227441819534556,cheio,1,4
2015-10-01,0.05592716778150334,0.02415107245321736,373,0.031776095328285986,cheio,1,4
2015-11-01,0.07273343640061841,0.03620921725530353,373,0.03652421914531488,cheio,1,4
2015-12-01,0.10878156487374051,0.02445990216039136,373,0.08432166271334915,cheio,1,4
2016-01-01,0.16005151984544047,0.04531586405240784,373,0.11473565579303263,cheio,1,4
2016-02-01,0.081441,0.11116300000000001,373,-0.029722000000000012,cheio,1,4
2016-03-01,0.09492114570968861,0.11467696790728885,373,-0.019755822197600234,cheio,1,4
2016-04-01,0.10514431543294629,0.1307333922001766,373,-0.02558907676723031,cheio,1,4
2016-05-01,0.09946480107039786,0.16907466185067632,373,-0.06960986078027846,cheio,1,4
2016-06-01,0.09213664495651469,0.0820795745570219,373,0.010057070399492787,cheio,1,4
2016-07-01,0.05002710005420011,0.13649427298854597,373,-0.08646717293434586,cheio,1,4
2016-08-01,0.09524980950038099,0.1044767910464179,373,-0.009226981546036905,cheio,1,4
2016-09-01,0.051046459418134765,0.08098772888956,373,-0.02994126947142524,cheio,1,4
2016-10-01,0.03546207092414185,0.07382214764429529,373,-0.03836007672015344,cheio,1,4
2016-11-01,0.1136021136021136,0.11488211488211489,373,-0.0012800012800012889,cheio,1,4
2016-12-01,0.098387,0.186622,373,-0.08823500000000001,cheio,1,4
2017-01-01,0.04629190741618516,0.19514960970078057,373,-0.1488577022845954,cheio,1,4
2017-02-01,0.046857,0.127314,373,-0.080457,cheio,1,4
2017-03-01,0.0550991101982204,0.08394416788833578,373,-0.028845057690115382,cheio,1,4
2017-04-01,0.06095342667398671,0.13845596919178435,373,-0.07750254251779765,cheio,1,4
2017-05-01,0.0525842629213146,0.2018960094800474,373,-0.1493117465587328,cheio,1,4
2017-06-01,0.046345092690185385,0.21673043346086693,373,-0.17038534077068154,cheio,1,4
2017-07-01,0.011597965206104382,0.21105436683689952,373,-0.19945640163079514,cheio,1,4
2017-08-01,0.010976934138395168,0.16798199210804735,373,-0.15700505796965217,cheio,1,4
2017-09-01,0.011341965974102078,0.12836861489415533,373,-0.11702664892005325,cheio,1,4
2017-10-01,0.010517915856673147,0.15148078815369478,373,-0.14096287229702165,cheio,1,4
2017-11-01,0.05731605731605732,0.1874911874911875,373,-0.1301751301751302,cheio,1,4
2017-12-01,0.07765223295669887,0.1879035637106911,373,-0.11025133075399224,cheio,1,4
2018-01-01,0.06236593763406236,0.26986773013226983,373,-0.20750179249820747,cheio,1,4
2018-02-01,0.04916624583122915,0.2787773938869694,373,-0.2296111480557403,cheio,1,4
2018-03-01,0.039585960414039584,0.19687580312419686,373,-0.15728984271015728,cheio,1,4
2018-04-01,0.04020208040416082,0.19952139904279811,373,-0.1593193186386373,cheio,1,4
2018-05-01,0.041554041554041556,0.21611921611921614,383,-0.1745651745651746,cheio,1,4
2018-06-01,0.08466974599076202,0.19324042027873917,383,-0.10857067428797715,cheio,1,4
2018-07-01,0.08942491057508943,0.17438082561917437,383,-0.08495591504408494,cheio,1,4
2018-08-01,0.0631988104035688,0.1166546500360499,383,-0.0534558396324811,cheio,1,4
2018-09-01,0.050292,0.11967799999999999,383,-0.06938599999999999,cheio,1,4
2018-10-01,0.015056105392737749,0.15081105567738973,383,-0.13575495028465198,cheio,1,4
2018-11-01,0.024466244662446627,0.15488054880548807,383,-0.13041430414304145,cheio,1,4
2018-12-01,0.010497041988167952,0.1597236388945556,383,-0.14922659690638765,cheio,1,4
2019-01-01,0.018900848793209656,0.22771317829457363,383,-0.20881232950136397,cheio,1,4
2019-02-01,0.009003036012144049,0.25419001676006703,383,-0.24518698074792297,cheio,1,4
2019-03-01,0.004279025674154046,0.14681688090128542,383,-0.14253785522713136,cheio,1,4
2019-04-01,0.01755817558175582,0.12731727317273173,383,-0.10975909759097591,cheio,1,4
2019-05-01,0.026776080328240984,0.15751647254941764,383,-0.13074039222117667,cheio,1,4
2019-06-01,0.05908464549212705,0.18851486891078653,383,-0.12943022341865948,cheio,1,4
2019-07-01,0.031837936324127354,0.1926426147147706,383,-0.16080467839064325,cheio,1,4
2019-08-01,0.021574000000000003,0.169097,383,-0.147523,cheio,1,4
2019-09-01,0.01595180857829706,0.23467618388579337,383,-0.2187243753074963,cheio,1,4
2019-10-01,0.017244086220431103,0.16961684808424043,383,-0.15237276186380933,cheio,1,4
2019-11-01,0.016901,0.190213,383,-0.173312,cheio,1,4
2019-12-01,0.0297172674554071,0.23832014488130393,383,-0.20860287742589684,cheio,1,4
2020-01-01,0.014997089982539898,0.19173815042890258,377,-0.17674106044636267,cheio,1,4
2020-02-01,0.010736967789096634,0.2092983721048837,377,-0.19856140431578706,cheio,1,4
2020-03-01,0.016797134377075015,0.17608840870726966,377,-0.15929127433019463,cheio,1,4
2020-04-01,0.010120929153495925,0.28681899226705415,377,-0.2766980631135582,cheio,1,4
2020-05-01,0.01425197149605701,0.32000935998128005,377,-0.30575738848522305,cheio,1,4
2020-06-01,0.012402062010310052,0.25351026755133776,377,-0.24110820554102771,cheio,1,4
2020-07-01,0.010887043548174193,0.2603630414521658,377,-0.24947599790399164,cheio,1,4
2020-08-01,0.02863197136802863,0.25129474870525126,377,-0.22266277733722262,cheio,1,4
2020-09-01,0.1277612334325994,0.1769029385823685,377,-0.049141705149769094,cheio,1,4
2020-10-01,0.07431552020864146,0.08683760786325503,377,-0.012522087654613573,cheio,1,4
2020-11-01,0.06721539506144444,0.10189108298025316,377,-0.03467568791880872,cheio,1,4
2020-12-01,0.09333237332949332,0.09591538366153464,377,-0.0025830103320413217,cheio,1,4
2021-01-01,0.06858906858906859,0.12906112906112907,377,-0.06047206047206048,cheio,1,4
2021-02-01,0.09818449092245461,0.09428047140235701,377,0.0039040195200975986,cheio,1,4
2021-03-01,0.106598,0.095747,377,0.010851,cheio,1,4
2021-04-01,0.039708,0.110901,377,-0.071193,cheio,1,4
2021-05-01,0.05857623430493722,0.14144856579426318,377,-0.08287233148932596,cheio,1,4
2021-06-01,0.111047,0.12429,377,-0.013242999999999991,cheio,1,4
2021-07-01,0.18372828609800268,0.14274399920799447,377,0.040984286890008215,cheio,1,4
2021-08-01,0.17055834111668225,0.07002514005028011,377,0.10053320106640214,cheio,1,4
2021-09-01,0.12097063708808874,0.07524777425667724,377,0.0457228628314115,cheio,1,4
2021-10-01,0.20555379444620553,0.06946993053006946,377,0.13608386391613608,cheio,1,4
2021-11-01,0.23878246313320045,0.07779152196108273,377,0.1609909411721177,cheio,1,4
2021-12-01,0.1946317785271141,0.13499553998215993,377,0.05963623854495417,cheio,1,4
2022-01-01,0.11459145836583345,0.08848535394141577,377,0.026106104424417687,cheio,1,4
2022-02-01,0.1153482306964614,0.09910419820839642,377,0.016244032488064983,cheio,1,4
2022-03-01,0.16107944971504742,0.08761578854209688,377,0.07346366117295054,cheio,1,4
2022-04-01,0.1821307285229141,0.08010232040928164,377,0.10202840811363245,cheio,1,4
2022-05-01,0.16491864918649188,0.04330443304433044,377,0.12161421614216145,cheio,1,4
2022-06-01,0.15308691852151113,0.008609051654309925,377,0.1444778668672012,cheio,1,4
2022-07-01,0.16963216963216965,0.013276013276013276,377,0.15635615635615638,cheio,1,4
2022-08-01,0.14220442204422046,0.08927489274892748,377,0.052929529295292974,cheio,1,4
2022-09-01,0.13171326342652687,0.0790281580563161,377,0.05268510537021076,cheio,1,4
2022-10-01,0.09030163211142478,0.034629242404696836,377,0.05567238970672794,cheio,1,4
2022-11-01,0.1137247725504549,0.06842086315827368,377,0.04530390939218122,cheio,1,4
2022-12-01,0.11728129631222212,0.11401831589010465,377,0.0032629804221174646,cheio,1,4
2023-01-01,0.082001917998082,0.062085937914062084,377,0.019915980084019916,cheio,1,4
2023-02-01,0.11189621672648292,0.04741666808332342,377,0.0644795486431595,cheio,1,4
2023-03-01,0.08947673156980529,0.051103846688459936,377,0.038372884881345354,cheio,1,4
2023-04-01,0.05074410148820298,0.029632059264118528,377,0.02111204222408445,cheio,1,4
2023-05-01,0.06845227380909523,0.060160240640962565,377,0.008292033168132665,cheio,1,4
2023-06-01,0.046315999999999996,0.113873,377,-0.067557,cheio,1,4
2023-07-01,0.06306099999999999,0.110902,377,-0.04784100000000001,cheio,1,4
2023-08-01,0.050596,0.127421,377,-0.076825,cheio,1,4
2023-09-01,0.03197603197603198,0.19901619901619902,377,-0.16704016704016705,cheio,1,4
2023-10-01,0.05250726253631268,0.11306356531782659,377,-0.06055630278151391,cheio,1,4
2023-11-01,0.05448983653049041,0.09289372131883605,377,-0.038403884788345645,cheio,1,4
2023-12-01,0.059839640962154224,0.11444631332212006,377,-0.05460667235996584,cheio,1,4
2024-01-01,0.04554690890618218,0.114752770494459,377,-0.06920586158827682,cheio,1,4
2024-02-01,0.06113506113506114,0.057712057712057716,377,0.003423003423003425,cheio,1,4
2024-03-01,0.059501357008142054,0.10212161272967639,377,-0.042620255721534335,cheio,1,4
2024-04-01,0.06022987954024092,0.11622076755846487,377,-0.05599088801822395,cheio,1,4
2024-05-01,0.08173824521473565,0.06847420542261627,377,0.013264039792119375,cheio,1,4
2024-06-01,0.034588172940864706,0.13303366516832585,377,-0.09844549222746114,cheio,1,4
2024-07-01,0.02476097523902476,0.1361988638011362,377,-0.11143788856211143,cheio,1,4
2024-08-01,0.019438174943574492,0.09257083313749824,377,-0.07313265819392376,cheio,1,4
2024-09-01,0.02106002106002106,0.08783408783408783,377,-0.06677406677406678,cheio,1,4
2024-10-01,0.047816952183047816,0.0973029026970973,377,-0.04948595051404948,cheio,1,4
2024-11-01,0.04445186664440007,0.11931564205307385,377,-0.07486377540867378,cheio,1,4
2024-12-01,0.0783483917419587,0.07612938064690324,377,0.0022190110950554703,cheio,1,4
2025-01-01,0.06442787114425771,0.06091487817024365,377,0.0035129929740140634,cheio,1,4
2025-02-01,0.07595407595407595,0.0896970896970897,377,-0.013743013743013746,cheio,1,4
2025-03-01,0.05533405533405533,0.0581010581010581,377,-0.0027670027670027714,cheio,1,4
2025-04-01,0.051855362987540905,0.053923377463642244,377,-0.002068014476101339,cheio,1,4
2025-05-01,0.09147436589746359,0.09026536106144424,377,0.0012090048360193506,cheio,1,4
2025-06-01,0.07306873068730688,0.12689226892268923,377,-0.05382353823538236,cheio,1,4
2025-07-01,0.09005027015081044,0.0935892807678423,377,-0.0035390106170318653,cheio,1,4
2025-08-01,0.049045735686035284,0.10259453891808376,377,-0.05354880323204848,cheio,1,4
2025-09-01,0.024555024555024556,0.09317909317909318,377,-0.06862406862406861,cheio,1,4
2025-10-01,0.03716703716703717,0.11730811730811731,377,-0.08014108014108015,cheio,1,4
2025-11-01,0.041986251917511506,0.12021772130632784,377,-0.07823146938881634,cheio,1,4
2025-12-01,0.036582853668585325,0.1034185863256547,377,-0.06683573265706938,cheio,1,4
2026-01-01,0.017049897700613798,0.1026753839476963,377,-0.08562548624708251,cheio,1,4
2026-02-01,0.01973413813896697,0.11940683584785093,377,-0.09967269770888396,cheio,1,4
2026-03-01,0.020879167033336265,0.13835110680885448,377,-0.11747193977551822,cheio,1,4
2026-04-01,0.10486347568262158,0.12432137839310803,377,-0.019457902710486447,cheio,1,4
2026-05-01,0.10125640502562011,0.09962339849359397,377,0.0016330065320261378,cheio,1,4
2026-06-01,0.010108,0.110831,377,-0.100723,cheio,1,4
2026-07-01,0.06304412608825218,0.07614215228430456,377,-0.013098026196052381,cheio,1,4
2009-07-01,0.0,0.0,225,0.0,sem_alimentacao,1,2
2009-08-01,0.07316066333231966,0.39576197162138554,225,-0.32260130828906586,sem_alimentacao,1,2
2009-09-01,0.1852019520675075,0.40912577331855354,225,-0.22392382125104604,sem_alimentacao,1,2
2009-10-01,0.1435736693317071,0.28590827575157757,225,-0.14233460641987047,sem_alimentacao,1,2
2009-11-01,0.0729149996128133,0.4039751168013216,225,-0.3310601171885083,sem_alimentacao,1,2
2009-12-01,0.08529056667118609,0.5924461058707315,225,-0.5071555391995455,sem_alimentacao,1,2
2010-01-01,0.15093872019103552,0.4200587305172804,225,-0.2691200103262449,sem_alimentacao,1,2
2010-02-01,0.28220625025844603,0.28846968945126744,225,-0.006263439192821407,sem_alimentacao,1,2
2010-03-01,0.16894942338522004,0.3139137404974919,225,-0.14496431711227184,sem_alimentacao,1,2
2010-04-01,0.16053821776632107,0.5066583507518037,225,-0.3461201329854826,sem_alimentacao,1,2
2010-05-01,0.22891668075038027,0.33020891564072236,225,-0.10129223489034209,sem_alimentacao,1,2
2010-06-01,0.20800521864782962,0.305042700390359,225,-0.09703748174252941,sem_alimentacao,1,2
2010-07-01,0.0741799500771629,0.4907469264311386,225,-0.4165669763539757,sem_alimentacao,1,2
2010-08-01,0.06201555398966947,0.5157446973565976,225,-0.4537291433669281,sem_alimentacao,1,2
2010-09-01,0.09218140171231683,0.4136419482739242,225,-0.3214605465616074,sem_alimentacao,1,2
2010-10-01,0.17796096826050153,0.3259711986249065,225,-0.14801023036440494,sem_alimentacao,1,2
2010-11-01,0.2635199453527075,0.3683043106168729,225,-0.1047843652641654,sem_alimentacao,1,2
2010-12-01,0.17841001848997654,0.42821768622327233,225,-0.2498076677332958,sem_alimentacao,1,2
2011-01-01,0.16142710234823252,0.28596012800225795,225,-0.12453302565402544,sem_alimentacao,1,2
2011-02-01,0.25719876370266603,0.14547028870917322,225,0.11172847499349281,sem_alimentacao,1,2
2011-03-01,0.2419712656510538,0.23439399459158078,225,0.007577271059473034,sem_alimentacao,1,2
2011-04-01,0.1964617714643827,0.3480859619803635,225,-0.1516241905159808,sem_alimentacao,1,2
2011-05-01,0.21865816931034665,0.31264190532859404,225,-0.09398373601824739,sem_alimentacao,1,2
2011-06-01,0.2573030935587087,0.26291789543492194,225,-0.005614801876213271,sem_alimentacao,1,2
2011-07-01,0.13716757044305686,0.2927596624105079,225,-0.15559209196745102,sem_alimentacao,1,2
2011-08-01,0.09833941974079065,0.36945990457033867,225,-0.27112048482954804,sem_alimentacao,1,2
2011-09-01,0.1598868731102075,0.2728182671254301,225,-0.11293139401522262,sem_alimentacao,1,2
2011-10-01,0.20926372825493178,0.3183661815379922,225,-0.1091024532830604,sem_alimentacao,1,2
2011-11-01,0.2159414316533063,0.4640808458133232,225,-0.24813941416001692,sem_alimentacao,1,2
2011-12-01,0.19519371216100045,0.3530011209619892,225,-0.15780740880098876,sem_alimentacao,1,2
2012-01-01,0.1294807372363134,0.27681353030778016,211,-0.14733279307146677,sem_alimentacao,1,2
2012-02-01,0.18195548241274073,0.29118449696376303,211,-0.1092290145510223,sem_alimentacao,1,2
2012-03-01,0.18984459868211356,0.2342793580995375,211,-0.04443475941742395,sem_alimentacao,1,2
2012-04-01,0.19039397554778095,0.2668809954709921,211,-0.07648701992321114,sem_alimentacao,1,2
2012-05-01,0.18346577533847497,0.32318407054325066,211,-0.1397182952047757,sem_alimentacao,1,2
2012-06-01,0.1694320540161913,0.43234695976647836,211,-0.2629149057502871,sem_alimentacao,1,2
2012-07-01,0.13329794199821043,0.29962460836922467,211,-0.16632666637101423,sem_alimentacao,1,2
2012-08-01,0.2140906223181852,0.3176378999781863,211,-0.1035472776600011,sem_alimentacao,1,2
2012-09-01,0.15914887939536793,0.24427663643331965,211,-0.08512775703795172,sem_alimentacao,1,2
2012-10-01,0.14761780547366654,0.21843675816534255,211,-0.07081895269167601,sem_alimentacao,1,2
2012-11-01,0.23906517080682094,0.30081077565649705,211,-0.06174560484967612,sem_alimentacao,1,2
2012-12-01,0.2268286943615887,0.23506986392670892,211,-0.008241169565120221,sem_alimentacao,1,2
2013-01-01,0.24182268809396018,0.2725218114271883,211,-0.030699123333228107,sem_alimentacao,1,2
2013-02-01,0.28524413136863,0.24678086658517073,211,0.038463264783459294,sem_alimentacao,1,2
2013-03-01,0.20910367686672765,0.20863111272309462,211,0.0004725641436330308,sem_alimentacao,1,2
2013-04-01,0.1581710756365392,0.33302203910103173,211,-0.17485096346449253,sem_alimentacao,1,2
2013-05-01,0.21777159684559932,0.4054377149323971,211,-0.18766611808679778,sem_alimentacao,1,2
2013-06-01,0.21524289664441654,0.29880444223684316,211,-0.08356154559242662,sem_alimentacao,1,2
2013-07-01,0.21174823318623712,0.30320050432993795,211,-0.09145227114370083,sem_alimentacao,1,2
2013-08-01,0.2121958494342849,0.31362422201748513,211,-0.10142837258320023,sem_alimentacao,1,2
2013-09-01,0.26429142911641906,0.3275610389335142,211,-0.06326960981709512,sem_alimentacao,1,2
2013-10-01,0.23632539219229237,0.2650599060406416,211,-0.02873451384834924,sem_alimentacao,1,2
2013-11-01,0.19100767588922327,0.20525778526070185,211,-0.014250109371478581,sem_alimentacao,1,2
2013-12-01,0.2376234473377535,0.19803677467852981,211,0.03958667265922369,sem_alimentacao,1,2
2014-01-01,0.2791774753482527,0.20601954642640796,212,0.07315792892184475,sem_alimentacao,1,2
2014-02-01,0.3352682143060898,0.16472448842852727,212,0.1705437258775625,sem_alimentacao,1,2
2014-03-01,0.32780632206622334,0.10464274251519243,212,0.22316357955103092,sem_alimentacao,1,2
2014-04-01,0.19514658448567687,0.2454837713835574,212,-0.050337186897880526,sem_alimentacao,1,2
2014-05-01,0.2564092994489749,0.25023392576755643,212,0.006175373681418461,sem_alimentacao,1,2
2014-06-01,0.35708342666965337,0.20422253512112387,212,0.1528608915485295,sem_alimentacao,1,2
2014-07-01,0.30810146700405583,0.2776752092154636,212,0.030426257788592204,sem_alimentacao,1,2
2014-08-01,0.24104069851752613,0.19287992134626666,212,0.04816077717125947,sem_alimentacao,1,2
2014-09-01,0.19334159721419525,0.20428127486969772,212,-0.010939677655502467,sem_alimentacao,1,2
2014-10-01,0.2132828641400161,0.2518287770128513,212,-0.03854591287283518,sem_alimentacao,1,2
2014-11-01,0.25320202546727233,0.19919577034775487,212,0.054006255119517454,sem_alimentacao,1,2
2014-12-01,0.23888746932409197,0.22279226621098636,212,0.01609520311310561,sem_alimentacao,1,2
2015-01-01,0.3392191785749017,0.27738649821293215,212,0.06183268036196954,sem_alimentacao,1,2
2015-02-01,0.34333931959293434,0.14395821084166277,212,0.19938110875127157,sem_alimentacao,1,2
2015-03-01,0.38323438600508875,0.16306936875643246,212,0.22016501724865628,sem_alimentacao,1,2
2015-04-01,0.2755382604784124,0.15831206198546185,212,0.11722619849295055,sem_alimentacao,1,2
2015-05-01,0.2917709489095818,0.16953728653497022,212,0.12223366237461156,sem_alimentacao,1,2
2015-06-01,0.37523306671079976,0.08377722225855491,212,0.2914558444522448,sem_alimentacao,1,2
2015-07-01,0.36685052656853395,0.12443824908459113,212,0.24241227748394284,sem_alimentacao,1,2
2015-08-01,0.28081101598470504,0.24837598011551254,212,0.0324350358691925,sem_alimentacao,1,2
2015-09-01,0.209915517593058,0.13795149160708547,212,0.07196402598597251,sem_alimentacao,1,2
2015-10-01,0.3070135598954206,0.21055596769918636,212,0.09645759219623426,sem_alimentacao,1,2
2015-11-01,0.31582325509549136,0.2174941874245963,212,0.09832906767089505,sem_alimentacao,1,2
2015-12-01,0.2834080585767578,0.23923248852417864,212,0.04417557005257919,sem_alimentacao,1,2
2016-01-01,0.2804520831940079,0.2556971845114693,212,0.024754898682538606,sem_alimentacao,1,2
2016-02-01,0.33237784281912647,0.282872161542312,212,0.049505681276814484,sem_alimentacao,1,2
2016-03-01,0.2581042325683811,0.3229528622602699,212,-0.06484862969188881,sem_alimentacao,1,2
2016-04-01,0.2026246839311825,0.35589954733828993,212,-0.15327486340710744,sem_alimentacao,1,2
2016-05-01,0.2829549515531971,0.29564214770712105,212,-0.01268719615392394,sem_alimentacao,1,2
2016-06-01,0.25522696011004126,0.26670038028966747,212,-0.011473420179626215,sem_alimentacao,1,2
2016-07-01,0.16651499276285944,0.38321064399749405,212,-0.2166956512346346,sem_alimentacao,1,2
2016-08-01,0.1924575101985001,0.15482088143744355,212,0.037636628761056556,sem_alimentacao,1,2
2016-09-01,0.25521684113654663,0.2056380725533052,212,0.04957876858324142,sem_alimentacao,1,2
2016-10-01,0.2114430752014445,0.3941987225404308,212,-0.1827556473389863,sem_alimentacao,1,2
2016-11-01,0.23347324168413836,0.37553714411460154,212,-0.14206390243046318,sem_alimentacao,1,2
2016-12-01,0.28203465333852873,0.34715359133005885,212,-0.06511893799153012,sem_alimentacao,1,2
2017-01-01,0.20636017648445654,0.34680408204506413,212,-0.1404439055606076,sem_alimentacao,1,2
2017-02-01,0.15560378098113145,0.39909637945596865,212,-0.2434925984748372,sem_alimentacao,1,2
2017-03-01,0.18015747523748238,0.3140194875942238,212,-0.13386201235674144,sem_alimentacao,1,2
2017-04-01,0.12669893649330372,0.39735023691714755,212,-0.27065130042384383,sem_alimentacao,1,2
2017-05-01,0.11734272943716244,0.4682995896382653,212,-0.35095686020110284,sem_alimentacao,1,2
2017-06-01,0.1469194821936939,0.3551485201697373,212,-0.2082290379760434,sem_alimentacao,1,2
2017-07-01,0.19691458975903536,0.29306701691354337,212,-0.096152427154508,sem_alimentacao,1,2
2017-08-01,0.2315235663197567,0.30616273716219106,212,-0.07463917084243435,sem_alimentacao,1,2
2017-09-01,0.1679068422238127,0.32594292660106594,212,-0.15803608437725325,sem_alimentacao,1,2
2017-10-01,0.19095584342333857,0.3029263010586191,212,-0.11197045763528055,sem_alimentacao,1,2
2017-11-01,0.21540758332237556,0.3778777482470856,212,-0.16247016492471003,sem_alimentacao,1,2
2017-12-01,0.2249056983885889,0.4505841000723664,212,-0.22567840168377748,sem_alimentacao,1,2
2018-01-01,0.23670431749205462,0.49671776200559264,212,-0.26001344451353803,sem_alimentacao,1,2
2018-02-01,0.11057761253485593,0.4686987119904395,212,-0.35812109945558357,sem_alimentacao,1,2
2018-03-01,0.12364698789593284,0.4268118006373351,212,-0.3031648127414023,sem_alimentacao,1,2
2018-04-01,0.1512626419884276,0.36703602759673365,212,-0.21577338560830606,sem_alimentacao,1,2
2018-05-01,0.25091447794330834,0.4542721311605629,213,-0.20335765321725457,sem_alimentacao,1,2
2018-06-01,0.3102178188469286,0.43760703669489215,213,-0.12738921784796353,sem_alimentacao,1,2
2018-07-01,0.20164714436595427,0.3461192461402103,213,-0.144472101774256,sem_alimentacao,1,2
2018-08-01,0.1527867766404982,0.3641392560204048,213,-0.21135247937990662,sem_alimentacao,1,2
2018-09-01,0.19361983527969487,0.33314489747014925,213,-0.13952506219045438,sem_alimentacao,1,2
2018-10-01,0.1572808164744184,0.4188610033759705,213,-0.26158018690155205,sem_alimentacao,1,2
2018-11-01,0.1067130928064178,0.457553684633865,213,-0.3508405918274472,sem_alimentacao,1,2
2018-12-01,0.18099552909270938,0.46877588864750086,213,-0.2877803595547915,sem_alimentacao,1,2
2019-01-01,0.14693630084827838,0.4318392277668548,213,-0.28490292691857644,sem_alimentacao,1,2
2019-02-01,0.14516304839078442,0.5458638401046402,213,-0.40070079171385575,sem_alimentacao,1,2
2019-03-01,0.07608643578797201,0.34349149907911125,213,-0.2674050632911392,sem_alimentacao,1,2
2019-04-01,0.2593523525058504,0.3295815026435272,213,-0.07022915013767678,sem_alimentacao,1,2
2019-05-01,0.2288850540376183,0.3742558491854349,213,-0.14537079514781662,sem_alimentacao,1,2
2019-06-01,0.12577037297228252,0.41839900796185125,213,-0.2926286349895687,sem_alimentacao,1,2
2019-07-01,0.14291126871971443,0.46332763903937035,213,-0.3204163703196559,sem_alimentacao,1,2
2019-08-01,0.20425528522475572,0.41618911079606224,213,-0.21193382557130652,sem_alimentacao,1,2
2019-09-01,0.08894290088651025,0.3918635288998092,213,-0.30292062801329894,sem_alimentacao,1,2
2019-10-01,0.09368002353196823,0.46822124290132205,213,-0.3745412193693538,sem_alimentacao,1,2
2019-11-01,0.11782871178128142,0.4946431859762358,213,-0.3768144741949544,sem_alimentacao,1,2
2019-12-01,0.09037146038816417,0.4125106055785343,213,-0.3221391451903701,sem_alimentacao,1,2
2020-01-01,0.08520517983613388,0.38394964985021923,209,-0.29874447001408533,sem_alimentacao,1,2
2020-02-01,0.03673217256046054,0.6212913381138618,209,-0.5845591655534013,sem_alimentacao,1,2
2020-03-01,0.049965528187526656,0.5425528485125041,209,-0.49258732032497743,sem_alimentacao,1,2
2020-04-01,0.0854892425197379,0.5233728277746492,209,-0.43788358525491133,sem_alimentacao,1,2
2020-05-01,0.042856375288797585,0.5542789525441052,209,-0.5114225772553076,sem_alimentacao,1,2
2020-06-01,0.16460090606462593,0.4547818686957174,209,-0.2901809626310915,sem_alimentacao,1,2
2020-07-01,0.28557121503844485,0.3615158123499323,209,-0.07594459731148745,sem_alimentacao,1,2
2020-08-01,0.18683968606360027,0.3813038991901441,209,-0.19446421312654386,sem_alimentacao,1,2
2020-09-01,0.17769987713741447,0.4616927984490008,209,-0.2839929213115863,sem_alimentacao,1,2
2020-10-01,0.20355421300377657,0.36963463112872863,209,-0.16608041812495206,sem_alimentacao,1,2
2020-11-01,0.21849090246489042,0.2988347034174551,209,-0.08034380095256469,sem_alimentacao,1,2
2020-12-01,0.25764598609475325,0.25556526474424734,209,0.0020807213505059097,sem_alimentacao,1,2
2021-01-01,0.22122019210413227,0.27072814235532294,209,-0.049507950251190674,sem_alimentacao,1,2
2021-02-01,0.1922064592183086,0.2943613950935957,209,-0.10215493587528712,sem_alimentacao,1,2
2021-03-01,0.24816098135108258,0.3412521053592808,209,-0.09309112400819822,sem_alimentacao,1,2
2021-04-01,0.1505135876718709,0.33484448089423485,209,-0.18433089322236396,sem_alimentacao,1,2
2021-05-01,0.282920796152663,0.3355469783492352,209,-0.05262618219657217,sem_alimentacao,1,2
2021-06-01,0.29348542234418573,0.2516563074996997,209,0.04182911484448604,sem_alimentacao,1,2
2021-07-01,0.3570753106866079,0.2946333076271508,209,0.06244200305945713,sem_alimentacao,1,2
2021-08-01,0.3690969235607728,0.185399765323148,209,0.18369715823762478,sem_alimentacao,1,2
2021-09-01,0.3154349258628257,0.1695953475017992,209,0.14583957836102648,sem_alimentacao,1,2
2021-10-01,0.4537892580791989,0.22997269003186163,209,0.22381656804733727,sem_alimentacao,1,2
2021-11-01,0.5167526473670438,0.22915320913852016,209,0.2875994382285237,sem_alimentacao,1,2
2021-12-01,0.313132739613582,0.21219197583090713,209,0.10094076378267489,sem_alimentacao,1,2
2022-01-01,0.24824183474760111,0.3348825535521497,209,-0.08664071880454857,sem_alimentacao,1,2
2022-02-01,0.31292124329294785,0.26644932954740663,209,0.046471913745541216,sem_alimentacao,1,2
2022-03-01,0.2935811126812904,0.1628371426332328,209,0.1307439700480576,sem_alimentacao,1,2
2022-04-01,0.4029411578434043,0.217464549674788,209,0.18547660816861627,sem_alimentacao,1,2
2022-05-01,0.37962018676965714,0.13816712747352955,209,0.2414530592961276,sem_alimentacao,1,2
2022-06-01,0.38431214169416267,0.19308953931108755,209,0.19122260238307512,sem_alimentacao,1,2
2022-07-01,0.33281794712823587,0.24571598451046356,209,0.08710196261777231,sem_alimentacao,1,2
2022-08-01,0.25604753978787465,0.25913374269805156,209,-0.003086202910176916,sem_alimentacao,1,2
2022-09-01,0.2521625522723434,0.2050009981010488,209,0.04716155417129461,sem_alimentacao,1,2
2022-10-01,0.2591883555337303,0.2375698238291081,209,0.021618531704622218,sem_alimentacao,1,2
2022-11-01,0.30884648054526476,0.33073305769899913,209,-0.021886577153734377,sem_alimentacao,1,2
2022-12-01,0.22905597018745458,0.22892287846678339,209,0.00013309172067119124,sem_alimentacao,1,2
2023-01-01,0.2888286517285335,0.22809321231295338,209,0.06073543941558013,sem_alimentacao,1,2
2023-02-01,0.31067045227623,0.1784335461671983,209,0.13223690610903172,sem_alimentacao,1,2
2023-03-01,0.19430925990992431,0.19371386590858275,209,0.0005953940013415648,sem_alimentacao,1,2
2023-04-01,0.2422038708031757,0.1887293945094538,209,0.0534744762937219,sem_alimentacao,1,2
2023-05-01,0.24908112742252572,0.24849299794218468,209,0.0005881294803410375,sem_alimentacao,1,2
2023-06-01,0.15122244274263905,0.37863709879031227,209,-0.22741465604767322,sem_alimentacao,1,2
2023-07-01,0.10772827759044001,0.26823062582137147,209,-0.16050234823093146,sem_alimentacao,1,2
2023-08-01,0.1991565558899327,0.28717148716462165,209,-0.08801493127468896,sem_alimentacao,1,2
2023-09-01,0.14014945522998232,0.20713937112180159,209,-0.06698991589181927,sem_alimentacao,1,2
2023-10-01,0.1789767159574401,0.3350664129424632,209,-0.1560896969850231,sem_alimentacao,1,2
2023-11-01,0.20593532003581527,0.3827024347307025,209,-0.1767671146948872,sem_alimentacao,1,2
2023-12-01,0.2437215413886473,0.3241278388987838,209,-0.08040629751013653,sem_alimentacao,1,2
2024-01-01,0.17478255026920536,0.27818986489655845,209,-0.10340731462735309,sem_alimentacao,1,2
2024-02-01,0.22203045388515166,0.21072049962571282,209,0.011309954259438842,sem_alimentacao,1,2
2024-03-01,0.21101698901682883,0.2651179111251807,209,-0.05410092210835185,sem_alimentacao,1,2
2024-04-01,0.1720413687260677,0.3251277979056032,209,-0.1530864291795355,sem_alimentacao,1,2
2024-05-01,0.22132740657717095,0.3359158876124004,209,-0.11458848103522942,sem_alimentacao,1,2
2024-06-01,0.12515242834115914,0.35680018348740755,209,-0.2316477551462484,sem_alimentacao,1,2
2024-07-01,0.21760013668622605,0.28571756443505997,209,-0.06811742774883392,sem_alimentacao,1,2
2024-08-01,0.18403222364489968,0.2387125785013109,209,-0.054680354856411206,sem_alimentacao,1,2
2024-09-01,0.08808699072488041,0.29621382259271944,209,-0.20812683186783903,sem_alimentacao,1,2
2024-10-01,0.23169795422156741,0.3329780092460404,209,-0.10128005502447296,sem_alimentacao,1,2
2024-11-01,0.1464279360561161,0.3479934937860574,209,-0.20156555772994128,sem_alimentacao,1,2
2024-12-01,0.14498251679165597,0.3154702492265449,209,-0.1704877324348889,sem_alimentacao,1,2
2025-01-01,0.284371228809501,0.22559524949717458,209,0.05877597931232642,sem_alimentacao,1,2
2025-02-01,0.22435846569311305,0.17561465705911716,209,0.04874380863399588,sem_alimentacao,1,2
2025-03-01,0.15983154645313544,0.23863826568487279,209,-0.07880671923173735,sem_alimentacao,1,2
2025-04-01,0.25346109887409496,0.271027367542655,209,-0.017566268668560037,sem_alimentacao,1,2
2025-05-01,0.23215395358074045,0.24342884964029238,209,-0.011274896059551925,sem_alimentacao,1,2
2025-06-01,0.20566746338551714,0.34715935145548493,209,-0.1414918880699678,sem_alimentacao,1,2
2025-07-01,0.17519843199066562,0.2558697999559893,209,-0.08067136796532368,sem_alimentacao,1,2
2025-08-01,0.15214469676839115,0.2298164973529833,209,-0.07767180058459214,sem_alimentacao,1,2
2025-09-01,0.12880524400018378,0.17692884965872135,209,-0.04812360565853757,sem_alimentacao,1,2
2025-10-01,0.1483942541121207,0.25132145741149736,209,-0.10292720329937666,sem_alimentacao,1,2
2025-11-01,0.13520307457995767,0.426921421458388,209,-0.29171834687843035,sem_alimentacao,1,2
2025-12-01,0.10970071556396163,0.37490231317314815,209,-0.2652015976091865,sem_alimentacao,1,2
2026-01-01,0.21191655181278243,0.3219688437363591,209,-0.11005229192357666,sem_alimentacao,1,2
2026-02-01,0.2456325391261643,0.34884469511427096,209,-0.10321215598810665,sem_alimentacao,1,2
2026-03-01,0.19411032871904163,0.25113514626326244,209,-0.05702481754422081,sem_alimentacao,1,2
2026-04-01,0.26415990324326044,0.20091791591075464,209,0.0632419873325058,sem_alimentacao,1,2
2026-05-01,0.21455838032183885,0.2696079494220446,209,-0.055049569100205725,sem_alimentacao,1,2
2026-06-01,0.20204378703820855,0.31158422889596904,209,-0.10954044185776049,sem_alimentacao,1,2
2026-07-01,0.1839596386680352,0.28808513463139135,209,-0.10412549596335616,sem_alimentacao,1,2
2009-07-01,0.0,0.0,225,0.0,sem_alimentacao,1,3
2009-08-01,0.0,0.0,225,0.0,sem_alimentacao,1,3
2009-09-01,0.023530355218857397,0.19109876876950677,225,-0.16756841355064936,sem_alimentacao,1,3
2009-10-01,0.07878191975937114,0.20071914746269892,225,-0.12193722770332778,sem_alimentacao,1,3
2009-11-01,0.026799772850468494,0.1907552721922511,225,-0.1639554993417826,sem_alimentacao,1,3
2009-12-01,0.011252074092725665,0.31001181506517655,225,-0.2987597409724509,sem_alimentacao,1,3
2010-01-01,0.052791635741714804,0.32987705314789123,225,-0.2770854174061764,sem_alimentacao,1,3
2010-02-01,0.045676456601745026,0.23404612744489933,225,-0.1883696708431543,sem_alimentacao,1,3
2010-03-01,0.10423281791384392,0.2398717484614987,225,-0.13563893054765477,sem_alimentacao,1,3
2010-04-01,0.07719148560966374,0.22546589005357798,225,-0.14827440444391424,sem_alimentacao,1,3
2010-05-01,0.12772584859791217,0.2247136672690163,225,-0.09698781867110412,sem_alimentacao,1,3
2010-06-01,0.10828174460852344,0.249177439224064,225,-0.14089569461554055,sem_alimentacao,1,3
2010-07-01,0.04564651109799169,0.21062103180768316,225,-0.16497452070969146,sem_alimentacao,1,3
2010-08-01,0.03907632832752591,0.30838144123294137,225,-0.2693051129054155,sem_alimentacao,1,3
2010-09-01,0.03320375329925237,0.2906300586921331,225,-0.25742630539288075,sem_alimentacao,1,3
2010-10-01,0.04403949252008149,0.21688398425062322,225,-0.17284449173054173,sem_alimentacao,1,3
2010-11-01,0.13517802576266608,0.24811792802608734,225,-0.11293990226342127,sem_alimentacao,1,3
2010-12-01,0.11451789146461999,0.3037937050627068,225,-0.18927581359808682,sem_alimentacao,1,3
2011-01-01,0.08616109520592605,0.2070197399970469,225,-0.12085864479112085,sem_alimentacao,1,3
2011-02-01,0.04478373298488897,0.05158127556272326,225,-0.006797542577834291,sem_alimentacao,1,3
2011-03-01,0.1396356694518328,0.12434663501527075,225,0.015289034436562057,sem_alimentacao,1,3
2011-04-01,0.11895106538541884,0.15319093377898474,225,-0.034239868393565895,sem_alimentacao,1,3
2011-05-01,0.09246485967357208,0.21651034245181092,225,-0.12404548277823883,sem_alimentacao,1,3
2011-06-01,0.15410353115033595,0.16556420208064895,225,-0.011460670930313,sem_alimentacao,1,3
2011-07-01,0.06568861502515753,0.14550951996630884,225,-0.07982090494115131,sem_alimentacao,1,3
2011-08-01,0.06912856966169989,0.16428873656596427,225,-0.09516016690426438,sem_alimentacao,1,3
2011-09-01,0.05433088311959129,0.18978599728912524,225,-0.13545511416953393,sem_alimentacao,1,3
2011-10-01,0.10347412625340117,0.18751572659133547,225,-0.0840416003379343,sem_alimentacao,1,3
2011-11-01,0.14695954318150398,0.2541887637049462,225,-0.10722922052344222,sem_alimentacao,1,3
2011-12-01,0.10951328300762725,0.2449680826324055,225,-0.13545479962477824,sem_alimentacao,1,3
2012-01-01,0.05821560090691149,0.1707834534180235,211,-0.11256785251111201,sem_alimentacao,1,3
2012-02-01,0.09246591394377493,0.11118069515764475,211,-0.018714781213869824,sem_alimentacao,1,3
2012-03-01,0.032793646044063984,0.09104214504556661,211,-0.05824849900150263,sem_alimentacao,1,3
2012-04-01,0.09592363267807354,0.12221295574686997,211,-0.02628932306879643,sem_alimentacao,1,3
2012-05-01,0.05603012134375529,0.18242921614275126,211,-0.12639909479899597,sem_alimentacao,1,3
2012-06-01,0.08786354297677543,0.23638984149799624,211,-0.14852629852122082,sem_alimentacao,1,3
2012-07-01,0.03063915707752789,0.15209491486514337,211,-0.12145575778761548,sem_alimentacao,1,3
2012-08-01,0.06522696072092407,0.13909842692989435,211,-0.07387146620897028,sem_alimentacao,1,3
2012-09-01,0.07183275822827528,0.19760287142674016,211,-0.12577011319846487,sem_alimentacao,1,3
2012-10-01,0.07806640284497483,0.0947254449860989,211,-0.01665904214112407,sem_alimentacao,1,3
2012-11-01,0.05934914593304893,0.1353316086887402,211,-0.07598246275569126,sem_alimentacao,1,3
2012-12-01,0.07973781801594072,0.15941122108393269,211,-0.07967340306799196,sem_alimentacao,1,3
2013-01-01,0.07686620570622718,0.1766396720655869,211,-0.09977346635935971,sem_alimentacao,1,3
2013-02-01,0.15531312128548833,0.1255693054275764,211,0.029743815857911915,sem_alimentacao,1,3
2013-03-01,0.08726816889998451,0.1419347067256335,211,-0.05466653782564898,sem_alimentacao,1,3
2013-04-01,0.09680941099063198,0.11695421587016908,211,-0.020144804879537098,sem_alimentacao,1,3
2013-05-01,0.04659076871580507,0.2564923032783292,211,-0.20990153456252414,sem_alimentacao,1,3
2013-06-01,0.12319212063419545,0.178455788799847,211,-0.05526366816565155,sem_alimentacao,1,3
2013-07-01,0.14651846444805736,0.19290487408341353,211,-0.046386409635356174,sem_alimentacao,1,3
2013-08-01,0.11898244195372204,0.20176176998893092,211,-0.08277932803520888,sem_alimentacao,1,3
2013-09-01,0.12851689167708708,0.19869974355170292,211,-0.07018285187461584,sem_alimentacao,1,3
2013-10-01,0.15837936653548362,0.19575660581414897,211,-0.03737723927866535,sem_alimentacao,1,3
2013-11-01,0.0627102915247047,0.14199732205591867,211,-0.07928703053121397,sem_alimentacao,1,3
2013-12-01,0.1278893869428546,0.0925279973060009,211,0.03536138963685369,sem_alimentacao,1,3
2014-01-01,0.13553921016318735,0.12567983679940192,212,0.009859373363785423,sem_alimentacao,1,3
2014-02-01,0.2106043860545278,0.06539543881110299,212,0.1452089472434248,sem_alimentacao,1,3
2014-03-01,0.18908373276179916,0.05401369241665053,212,0.13507004034514863,sem_alimentacao,1,3
2014-04-01,0.11504806310478076,0.09099655095327819,212,0.02405151215150257,sem_alimentacao,1,3
2014-05-01,0.11449433379807475,0.1281953193519923,212,-0.01370098555391755,sem_alimentacao,1,3
2014-06-01,0.150687488666304,0.13231490074349045,212,0.018372587922813544,sem_alimentacao,1,3
2014-07-01,0.2401076060320076,0.13526360416314478,212,0.10484400186886281,sem_alimentacao,1,3
2014-08-01,0.148581319206172,0.10870100272866723,212,0.039880316477504785,sem_alimentacao,1,3
2014-09-01,0.07581911401099813,0.059911807650865644,212,0.015907306360132482,sem_alimentacao,1,3
2014-10-01,0.12510935435064122,0.06754575598756617,212,0.05756359836307505,sem_alimentacao,1,3
2014-11-01,0.11497372424284331,0.12016903715838857,212,-0.005195312915545258,sem_alimentacao,1,3
2014-12-01,0.17605708779830823,0.12892798015448415,212,0.04712910764382408,sem_alimentacao,1,3
2015-01-01,0.14627713072704288,0.1285676414834195,212,0.017709489243623366,sem_alimentacao,1,3
2015-02-01,0.17821454807739742,0.09800000266648536,212,0.08021454541091207,sem_alimentacao,1,3
2015-03-01,0.21698290312659357,0.06789486507969265,212,0.1490880380469009,sem_alimentacao,1,3
2015-04-01,0.16706370225258918,0.040714557587017336,212,0.12634914466557184,sem_alimentacao,1,3
2015-05-01,0.17997461262948425,0.06389998494872577,212,0.11607462768075848,sem_alimentacao,1,3
2015-06-01,0.22662025574942377,0.05443717642599457,212,0.1721830793234292,sem_alimentacao,1,3
2015-07-01,0.2403780355225334,0.04533758412090734,212,0.19504045140162607,sem_alimentacao,1,3
2015-08-01,0.2121398905179119,0.03380389551304886,212,0.17833599500486305,sem_alimentacao,1,3
2015-09-01,0.1403618465345149,0.09355056745994185,212,0.04681127907457304,sem_alimentacao,1,3
2015-10-01,0.10331811879592498,0.03706096159250523,212,0.06625715720341975,sem_alimentacao,1,3
2015-11-01,0.20793839335888292,0.05446509658329761,212,0.1534732967755853,sem_alimentacao,1,3
2015-12-01,0.206479332840209,0.08053236061450053,212,0.12594697222570847,sem_alimentacao,1,3
2016-01-01,0.23047013977128333,0.1412719855547382,212,0.08919815421654514,sem_alimentacao,1,3
2016-02-01,0.12384338007453362,0.178080886566367,212,-0.054237506491833384,sem_alimentacao,1,3
2016-03-01,0.1818350259668419,0.20816169796830272,212,-0.026326672001460827,sem_alimentacao,1,3
2016-04-01,0.15129295371863885,0.26252898138997577,212,-0.11123602767133692,sem_alimentacao,1,3
2016-05-01,0.14455824741920478,0.15988186666846474,212,-0.015323619249259957,sem_alimentacao,1,3
2016-06-01,0.11033929390187987,0.18930738732907193,212,-0.07896809342719206,sem_alimentacao,1,3
2016-07-01,0.1251633757480179,0.17865880662792458,212,-0.053495430879906686,sem_alimentacao,1,3
2016-08-01,0.11976620285436149,0.12987602035773615,212,-0.010109817503374668,sem_alimentacao,1,3
2016-09-01,0.0974293041730669,0.09788132439217491,212,-0.00045202021910800694,sem_alimentacao,1,3
2016-10-01,0.1583917416536695,0.1603568561411855,212,-0.00196511448751599,sem_alimentacao,1,3
2016-11-01,0.1680871256866602,0.26170916793457205,212,-0.09362204224791185,sem_alimentacao,1,3
2016-12-01,0.1558941820628323,0.2760860684195128,212,-0.12019188635668049,sem_alimentacao,1,3
2017-01-01,0.0714452190899599,0.2765053383180088,212,-0.20506011922804887,sem_alimentacao,1,3
2017-02-01,0.09327848027943805,0.16890887954016112,212,-0.07563039926072307,sem_alimentacao,1,3
2017-03-01,0.07851595508153864,0.18805944885010298,212,-0.10954349376856434,sem_alimentacao,1,3
2017-04-01,0.07362304506397974,0.25718478462444,212,-0.18356173956046026,sem_alimentacao,1,3
2017-05-01,0.0818058608107908,0.24466119248509094,212,-0.16285533167430014,sem_alimentacao,1,3
2017-06-01,0.06826556373207283,0.2739337702100231,212,-0.20566820647795026,sem_alimentacao,1,3
2017-07-01,0.06506622805311124,0.22207494442424594,212,-0.1570087163711347,sem_alimentacao,1,3
2017-08-01,0.07032822604822477,0.230027249561009,212,-0.15969902351278426,sem_alimentacao,1,3
2017-09-01,0.07121979696040368,0.17710186766040648,212,-0.1058820707000028,sem_alimentacao,1,3
2017-10-01,0.08577635174144045,0.20612078208515244,212,-0.12034443034371199,sem_alimentacao,1,3
2017-11-01,0.11382820043857728,0.23395879073807693,212,-0.12013059029949966,sem_alimentacao,1,3
2017-12-01,0.12640259564688386,0.316665208735921,212,-0.19026261308903716,sem_alimentacao,1,3
2018-01-01,0.1529253749945307,0.39287149086926604,212,-0.23994611587473533,sem_alimentacao,1,3
2018-02-01,0.07468330898951002,0.34490240339928296,212,-0.27021909440977293,sem_alimentacao,1,3
2018-03-01,0.05588143711781425,0.2872221596517845,212,-0.23134072253397026,sem_alimentacao,1,3
2018-04-01,0.06583175108350436,0.27716644561543446,212,-0.2113346945319301,sem_alimentacao,1,3
2018-05-01,0.1093203274248063,0.28592478443739255,213,-0.17660445701258626,sem_alimentacao,1,3
2018-06-01,0.22609988062182532,0.3483566310473251,213,-0.1222567504254998,sem_alimentacao,1,3
2018-07-01,0.15001300307297114,0.2944917390681308,213,-0.14447873599515967,sem_alimentacao,1,3
2018-08-01,0.10235781244824274,0.1894385372155421,213,-0.08708072476729936,sem_alimentacao,1,3
2018-09-01,0.07488538289328925,0.2010999005747073,213,-0.12621451768141806,sem_alimentacao,1,3
2018-10-01,0.0492881105805532,0.24472413706466445,213,-0.19543602648411124,sem_alimentacao,1,3
2018-11-01,0.04331680548646904,0.25661334363457405,213,-0.213296538148105,sem_alimentacao,1,3
2018-12-01,0.04945568393747358,0.3269395691863956,213,-0.27748388524892204,sem_alimentacao,1,3
2019-01-01,0.10300466194899718,0.33159538421942203,213,-0.22859072227042485,sem_alimentacao,1,3
2019-02-01,0.020901458476229973,0.38591929729413577,213,-0.3650178388179058,sem_alimentacao,1,3
2019-03-01,0.032036814257273956,0.22039183017321223,213,-0.18835501591593828,sem_alimentacao,1,3
2019-04-01,0.045839361553180566,0.2548786911040143,213,-0.2090393295508337,sem_alimentacao,1,3
2019-05-01,0.1688488867077061,0.2584870533761509,213,-0.08963816666844482,sem_alimentacao,1,3
2019-06-01,0.10322731723932388,0.2749659386043343,213,-0.17173862136501045,sem_alimentacao,1,3
2019-07-01,0.04830666764156524,0.2430209448096621,213,-0.19471427716809686,sem_alimentacao,1,3
2019-08-01,0.0729374967613009,0.30616236412411624,213,-0.23322486736281534,sem_alimentacao,1,3
2019-09-01,0.04484293033955916,0.3034924417108241,213,-0.25864951137126496,sem_alimentacao,1,3
2019-10-01,0.04158904385479079,0.2378862038536248,213,-0.19629715999883401,sem_alimentacao,1,3
2019-11-01,0.065390622826506,0.33595378050509184,213,-0.27056315767858585,sem_alimentacao,1,3
2019-12-01,0.052776010181355394,0.32650996924382225,213,-0.27373395906246684,sem_alimentacao,1,3
2020-01-01,0.02643358065348067,0.2733858888646418,209,-0.24695230821116115,sem_alimentacao,1,3
2020-02-01,0.012703008111021388,0.30824734211789573,209,-0.29554433400687435,sem_alimentacao,1,3
2020-03-01,0.014359121886376938,0.3868382156001071,209,-0.37247909371373017,sem_alimentacao,1,3
2020-04-01,0.027803987235476127,0.4416527746181396,209,-0.4138487873826635,sem_alimentacao,1,3
2020-05-01,0.023321225388947407,0.41408919893889923,209,-0.3907679735499518,sem_alimentacao,1,3
2020-06-01,0.01970565414361875,0.3176807749105198,209,-0.2979751207669011,sem_alimentacao,1,3
2020-07-01,0.0928848806844215,0.30775557519598,209,-0.21487069451155852,sem_alimentacao,1,3
2020-08-01,0.14745254995153373,0.29642225071135986,209,-0.14896970075982613,sem_alimentacao,1,3
2020-09-01,0.13860803328436366,0.23606398873822254,209,-0.09745595545385888,sem_alimentacao,1,3
2020-10-01,0.07558896284940686,0.2684397907866127,209,-0.19285082793720582,sem_alimentacao,1,3
2020-11-01,0.11058022715780369,0.21852999368235485,209,-0.10794976652455116,sem_alimentacao,1,3
2020-12-01,0.14273267226422504,0.17095095171156113,209,-0.028218279447336098,sem_alimentacao,1,3
2021-01-01,0.16047172884845273,0.15754719253387559,209,0.0029245363145771475,sem_alimentacao,1,3
2021-02-01,0.14440636369179488,0.14141353834271664,209,0.002992825349078243,sem_alimentacao,1,3
2021-03-01,0.14464959719150144,0.20132054221879503,209,-0.056670945027293584,sem_alimentacao,1,3
2021-04-01,0.06039148087398498,0.24010540064394628,209,-0.17971391976996132,sem_alimentacao,1,3
2021-05-01,0.1284184168851407,0.2073133835222274,209,-0.0788949666370867,sem_alimentacao,1,3
2021-06-01,0.20444885648707267,0.21807363755350834,209,-0.013624781066435665,sem_alimentacao,1,3
2021-07-01,0.2449335642675634,0.18859404037977723,209,0.05633952388778618,sem_alimentacao,1,3
2021-08-01,0.19427656250197353,0.14105619740137698,209,0.05322036510059655,sem_alimentacao,1,3
2021-09-01,0.2536815624015815,0.10856798827262851,209,0.145113574128953,sem_alimentacao,1,3
2021-10-01,0.27496459818945024,0.12361932938856016,209,0.15134526880089008,sem_alimentacao,1,3
2021-11-01,0.4053552850636291,0.18788879351864377,209,0.21746649154498535,sem_alimentacao,1,3
2021-12-01,0.22770367138708753,0.1525043532863687,209,0.07519931810071884,sem_alimentacao,1,3
2022-01-01,0.14909594486878083,0.1314285281861385,209,0.017667416682642323,sem_alimentacao,1,3
2022-02-01,0.22960348817234724,0.22070117114477128,209,0.008902317027575962,sem_alimentacao,1,3
2022-03-01,0.22343876005834662,0.10724605439786433,209,0.11619270566048229,sem_alimentacao,1,3
2022-04-01,0.22416512029994237,0.09816272633425588,209,0.1260023939656865,sem_alimentacao,1,3
2022-05-01,0.2261784865637863,0.11192082165440884,209,0.11425766490937747,sem_alimentacao,1,3
2022-06-01,0.24970090908398165,0.03298255239488637,209,0.21671835668909528,sem_alimentacao,1,3
2022-07-01,0.23450157029749258,0.1453795647887467,209,0.08912200550874588,sem_alimentacao,1,3
2022-08-01,0.16184170691547048,0.12348643846308115,209,0.03835526845238933,sem_alimentacao,1,3
2022-09-01,0.15366789339257106,0.1624588603221563,209,-0.008790966929585253,sem_alimentacao,1,3
2022-10-01,0.17372705788472165,0.06432871933378348,209,0.10939833855093817,sem_alimentacao,1,3
2022-11-01,0.16073182962523283,0.16073182962523283,209,0.0,sem_alimentacao,1,3
2022-12-01,0.14296866201869426,0.15717876265651076,209,-0.014210100637816497,sem_alimentacao,1,3
2023-01-01,0.14483794838716282,0.08723296423141308,209,0.057604984155749744,sem_alimentacao,1,3
2023-02-01,0.1838124228754589,0.07461047306465404,209,0.10920194981080486,sem_alimentacao,1,3
2023-03-01,0.09729836777717443,0.060845178394608235,209,0.0364531893825662,sem_alimentacao,1,3
2023-04-01,0.10936453783120237,0.05460447023562797,209,0.0547600675955744,sem_alimentacao,1,3
2023-05-01,0.1541167149970466,0.12503811359701775,209,0.029078601400028853,sem_alimentacao,1,3
2023-06-01,0.1209292299529084,0.20107167820572341,209,-0.08014244825281501,sem_alimentacao,1,3
2023-07-01,0.07563111889892929,0.14061242473945335,209,-0.06498130584052406,sem_alimentacao,1,3
2023-08-01,0.06763318191006908,0.16594642082953504,209,-0.09831323891946596,sem_alimentacao,1,3
2023-09-01,0.07797658661494679,0.14302320422378986,209,-0.06504661760884307,sem_alimentacao,1,3
2023-10-01,0.06864841285395476,0.11324402409958464,209,-0.044595611245629885,sem_alimentacao,1,3
2023-11-01,0.08923973472412623,0.18821485119966005,209,-0.09897511647553382,sem_alimentacao,1,3
2023-12-01,0.08461155775650252,0.21300997641661695,209,-0.12839841866011442,sem_alimentacao,1,3
2024-01-01,0.11856826102334803,0.15584499551852618,209,-0.037276734495178154,sem_alimentacao,1,3
2024-02-01,0.09065247976370977,0.11509108078121166,209,-0.024438601017501893,sem_alimentacao,1,3
2024-03-01,0.07869895380813077,0.17017495013139378,209,-0.091475996323263,sem_alimentacao,1,3
2024-04-01,0.1196699969840076,0.17095332083668974,209,-0.05128332385268214,sem_alimentacao,1,3
2024-05-01,0.12417148534019412,0.1911633594008712,209,-0.06699187406067708,sem_alimentacao,1,3
2024-06-01,0.05406889697309489,0.25519785421670627,209,-0.20112895724361138,sem_alimentacao,1,3
2024-07-01,0.0893267438331816,0.20642042745047035,209,-0.11709368361728875,sem_alimentacao,1,3
2024-08-01,0.028757138792350062,0.12659543117289596,209,-0.0978382923805459,sem_alimentacao,1,3
2024-09-01,0.0654460558537297,0.13109258624846154,209,-0.06564653039473184,sem_alimentacao,1,3
2024-10-01,0.04370486273703607,0.2055296042070372,209,-0.16182474147000114,sem_alimentacao,1,3
2024-11-01,0.09302361044044019,0.22586220042188732,209,-0.13283858998144712,sem_alimentacao,1,3
2024-12-01,0.0630071118351696,0.13856159659998443,209,-0.07555448476481483,sem_alimentacao,1,3
2025-01-01,0.11418574210643935,0.1997599208249529,209,-0.08557417871851354,sem_alimentacao,1,3
2025-02-01,0.1714026083729026,0.11295739316294012,209,0.05844521520996249,sem_alimentacao,1,3
2025-03-01,0.06284809665635553,0.07477681566066015,209,-0.011928719004304617,sem_alimentacao,1,3
2025-04-01,0.11817715245985355,0.11515665016056018,209,0.003020502299293376,sem_alimentacao,1,3
2025-05-01,0.1089193396498376,0.1675167682047931,209,-0.058597428554955505,sem_alimentacao,1,3
2025-06-01,0.13630168745564888,0.1885162328263537,209,-0.05221454537070483,sem_alimentacao,1,3
2025-07-01,0.10747567896748836,0.1381718669239075,209,-0.030696187956419152,sem_alimentacao,1,3
2025-08-01,0.0871944177585185,0.14106989555015023,209,-0.05387547779163174,sem_alimentacao,1,3
2025-09-01,0.0367595632041903,0.12175887401024091,209,-0.08499931080605061,sem_alimentacao,1,3
2025-10-01,0.06979715151098306,0.12581930359512836,209,-0.056022152084145294,sem_alimentacao,1,3
2025-11-01,0.043603666472255685,0.182551911552342,209,-0.1389482450800863,sem_alimentacao,1,3
2025-12-01,0.049929105455952465,0.17410019931931053,209,-0.12417109386335806,sem_alimentacao,1,3
2026-01-01,0.03857054319205987,0.20018936573930904,209,-0.16161882254724919,sem_alimentacao,1,3
2026-02-01,0.06590346101633242,0.2262657080369423,209,-0.16036224702060986,sem_alimentacao,1,3
2026-03-01,0.09093115669911031,0.20643205071018922,209,-0.11550089401107891,sem_alimentacao,1,3
2026-04-01,0.1167968426748146,0.13056430822114007,209,-0.013767465546325464,sem_alimentacao,1,3
2026-05-01,0.06645435217082432,0.11479139909470869,209,-0.048337046923884366,sem_alimentacao,1,3
2026-06-01,0.10344179769422177,0.16403333550594337,209,-0.06059153781172161,sem_alimentacao,1,3
2026-07-01,0.0867648635813533,0.14084976331632887,209,-0.05408489973497557,sem_alimentacao,1,3
2009-07-01,0.0,0.0,225,0.0,sem_alimentacao,1,4
2009-08-01,0.0,0.0,225,0.0,sem_alimentacao,1,4
2009-09-01,0.0,0.0,225,0.0,sem_alimentacao,1,4
2009-10-01,0.019226793734140254,0.08953812282614874,225,-0.07031132909200849,sem_alimentacao,1,4
2009-11-01,0.014892491159236984,0.15683384528019412,225,-0.14194135412095713,sem_alimentacao,1,4
2009-12-01,0.0033482474319988117,0.18465591043793217,225,-0.18130766300593334,sem_alimentacao,1,4
2010-01-01,0.008202910710252025,0.11283616767239989,225,-0.10463325696214787,sem_alimentacao,1,4
2010-02-01,0.028713352354960097,0.1775524128520035,225,-0.1488390604970434,sem_alimentacao,1,4
2010-03-01,0.027736980917412214,0.19449242385064902,225,-0.1667554429332368,sem_alimentacao,1,4
2010-04-01,0.06853887128312319,0.17078442762820079,225,-0.10224555634507759,sem_alimentacao,1,4
2010-05-01,0.07003809102845777,0.10084502281561604,225,-0.030806931787158265,sem_alimentacao,1,4
2010-06-01,0.06673397890709871,0.18226803266332964,225,-0.11553405375623092,sem_alimentacao,1,4
2010-07-01,0.025991983345244385,0.17023350837398626,225,-0.14424152502874188,sem_alimentacao,1,4
2010-08-01,0.025929780783129807,0.12268645716834642,225,-0.09675667638521661,sem_alimentacao,1,4
2010-09-01,0.024630541871921183,0.1978957132650939,225,-0.1732651713931727,sem_alimentacao,1,4
2010-10-01,0.015273064268536711,0.1592734680987106,225,-0.14400040383017387,sem_alimentacao,1,4
2010-11-01,0.02905215258126642,0.17509080826826004,225,-0.14603865568699362,sem_alimentacao,1,4
2010-12-01,0.02920842558762397,0.23535732075284715,225,-0.2061488951652232,sem_alimentacao,1,4
2011-01-01,0.05616758939969868,0.1271503033454898,225,-0.07098271394579111,sem_alimentacao,1,4
2011-02-01,0.03127759008346184,0.017621030134420523,225,0.01365655994904132,sem_alimentacao,1,4
2011-03-01,0.021022585569104895,0.04052658312473967,225,-0.019503997555634773,sem_alimentacao,1,4
2011-04-01,0.08141973052015876,0.09124582201796533,225,-0.009826091497806569,sem_alimentacao,1,4
2011-05-01,0.04137241699680044,0.09308989555767816,225,-0.05171747856087772,sem_alimentacao,1,4
2011-06-01,0.06599905223293137,0.0948824494687413,225,-0.028883397235809932,sem_alimentacao,1,4
2011-07-01,0.046327938490182755,0.1312390233217335,225,-0.08491108483155076,sem_alimentacao,1,4
2011-08-01,0.03773182051933004,0.0766015063044766,225,-0.03886968578514656,sem_alimentacao,1,4
2011-09-01,0.04511651548326556,0.11012407465332083,225,-0.06500755917005527,sem_alimentacao,1,4
2011-10-01,0.03902150289499656,0.1360211626139322,225,-0.09699965971893565,sem_alimentacao,1,4
2011-11-01,0.09085371738920614,0.1622316073948668,225,-0.07137789000566067,sem_alimentacao,1,4
2011-12-01,0.09944552882492351,0.18933152516154658,225,-0.08988599633662307,sem_alimentacao,1,4
2012-01-01,0.05235423661128332,0.12207403321960084,211,-0.06971979660831751,sem_alimentacao,1,4
2012-02-01,0.050989771579155685,0.05231128980178529,211,-0.001321518222629603,sem_alimentacao,1,4
2012-03-01,0.010423401916334377,0.04863430277562756,211,-0.038210900859293184,sem_alimentacao,1,4
2012-04-01,0.010196447831839928,0.04689169022678867,211,-0.03669524239494874,sem_alimentacao,1,4
2012-05-01,0.010027442156875496,0.07630740418005177,211,-0.06627996202317628,sem_alimentacao,1,4
2012-06-01,0.02363989552981124,0.1237575937484539,211,-0.10011769821864265,sem_alimentacao,1,4
2012-07-01,0.009000007826093762,0.10701270175017544,211,-0.09801269392408167,sem_alimentacao,1,4
2012-08-01,0.02346608357400274,0.09980628888427362,211,-0.07634020531027089,sem_alimentacao,1,4
2012-09-01,0.022774421908232593,0.07521667813388655,211,-0.05244225622565396,sem_alimentacao,1,4
2012-10-01,0.03196664259151725,0.08428880217174452,211,-0.05232215958022727,sem_alimentacao,1,4
2012-11-01,0.02326036658989414,0.06551109347635008,211,-0.04225072688645594,sem_alimentacao,1,4
2012-12-01,0.0386253061353266,0.08068958173665329,211,-0.04206427560132669,sem_alimentacao,1,4
2013-01-01,0.03355118449994212,0.11934323661583474,211,-0.08579205211589261,sem_alimentacao,1,4
2013-02-01,0.03855831403745468,0.06911004855432724,211,-0.030551734516872563,sem_alimentacao,1,4
2013-03-01,0.04681297181955728,0.11153440386099467,211,-0.06472143204143739,sem_alimentacao,1,4
2013-04-01,0.04187349603763122,0.08266055751735775,211,-0.04078706147972653,sem_alimentacao,1,4
2013-05-01,0.024526700431558347,0.09315098697886572,211,-0.06862428654730737,sem_alimentacao,1,4
2013-06-01,0.02197743819675571,0.1348316098991439,211,-0.11285417170238818,sem_alimentacao,1,4
2013-07-01,0.10126414280500348,0.15078801552805338,211,-0.049523872723049894,sem_alimentacao,1,4
2013-08-01,0.10428644338540871,0.14374797012016888,211,-0.039461526734760166,sem_alimentacao,1,4
2013-09-01,0.08400668673039018,0.1198167242439014,211,-0.03581003751351122,sem_alimentacao,1,4
2013-10-01,0.07836168131389548,0.14588984066091898,211,-0.0675281593470235,sem_alimentacao,1,4
2013-11-01,0.03494319311688828,0.11216741127653088,211,-0.07722421815964259,sem_alimentacao,1,4
2013-12-01,0.03530172922392409,0.07983889036935098,211,-0.044537161145426885,sem_alimentacao,1,4
2014-01-01,0.09348509893174657,0.06823752102639284,212,0.02524757790535373,sem_alimentacao,1,4
2014-02-01,0.11774602066850912,0.02578455553683328,212,0.09196146513167583,sem_alimentacao,1,4
2014-03-01,0.15671212237763166,0.035305320731995216,212,0.12140680164563644,sem_alimentacao,1,4
2014-04-01,0.03432679717689138,0.047584070513844084,212,-0.013257273336952702,sem_alimentacao,1,4
2014-05-01,0.06281473345791602,0.05251933386472027,212,0.010295399593195753,sem_alimentacao,1,4
2014-06-01,0.07028891591197584,0.0867814436728642,212,-0.01649252776088836,sem_alimentacao,1,4
2014-07-01,0.1310213920898119,0.07441375078368445,212,0.05660764130612744,sem_alimentacao,1,4
2014-08-01,0.1216392225626589,0.062497256033068625,212,0.05914196652959027,sem_alimentacao,1,4
2014-09-01,0.02213311756898414,0.01287145945184695,212,0.009261658117137188,sem_alimentacao,1,4
2014-10-01,0.06482286589500387,0.028280564042428156,212,0.03654230185257572,sem_alimentacao,1,4
2014-11-01,0.06304984947288916,0.019184228162930972,212,0.04386562130995819,sem_alimentacao,1,4
2014-12-01,0.05367818111162571,0.07719948256863152,212,-0.02352130145700581,sem_alimentacao,1,4
2015-01-01,0.12554368025406604,0.0686106163685556,212,0.056933063885510435,sem_alimentacao,1,4
2015-02-01,0.07931593984942358,0.06283306068520675,212,0.016482879164216827,sem_alimentacao,1,4
2015-03-01,0.10168385762768732,0.055788185702321885,212,0.045895671925365436,sem_alimentacao,1,4
2015-04-01,0.05602992805449014,0.024192110215304194,212,0.03183781783918595,sem_alimentacao,1,4
2015-05-01,0.14224786118729246,0.03260399031923353,212,0.10964387086805893,sem_alimentacao,1,4
2015-06-01,0.15819307066142232,0.012504521193888816,212,0.1456885494675335,sem_alimentacao,1,4
2015-07-01,0.18985813663436335,0.042848472317635215,212,0.14700966431672813,sem_alimentacao,1,4
2015-08-01,0.12352690823170284,0.005648880830494884,212,0.11787802740120795,sem_alimentacao,1,4
2015-09-01,0.09209608890583486,0.011874464235958816,212,0.08022162466987603,sem_alimentacao,1,4
2015-10-01,0.062662406418608,0.015344617929535427,212,0.047317788489072574,sem_alimentacao,1,4
2015-11-01,0.07561141901411264,0.017814578178806273,212,0.05779684083530637,sem_alimentacao,1,4
2015-12-01,0.12654646539362266,0.023714027071989916,212,0.10283243832163275,sem_alimentacao,1,4
2016-01-01,0.19843242158764127,0.05354109543235471,212,0.14489132615528655,sem_alimentacao,1,4
2016-02-01,0.09453048779669523,0.11415427682653688,212,-0.019623789029841646,sem_alimentacao,1,4
2016-03-01,0.10146536769800052,0.12263760815041971,212,-0.021172240452419194,sem_alimentacao,1,4
2016-04-01,0.11598076255052389,0.17497219671530784,212,-0.058991434164783946,sem_alimentacao,1,4
2016-05-01,0.11124626619107662,0.14150781824189015,212,-0.03026155205081353,sem_alimentacao,1,4
2016-06-01,0.09773444453434744,0.08648892844620654,212,0.011245516088140908,sem_alimentacao,1,4
2016-07-01,0.03730367905981983,0.15180307416448835,212,-0.11449939510466853,sem_alimentacao,1,4
2016-08-01,0.10282443957329448,0.08889111535644316,212,0.013933324216851325,sem_alimentacao,1,4
2016-09-01,0.060968595421603586,0.08278736779423607,212,-0.02181877237263248,sem_alimentacao,1,4
2016-10-01,0.04502869283395458,0.0917670623025087,212,-0.046738369468554114,sem_alimentacao,1,4
2016-11-01,0.15004529358478136,0.11560461873061861,212,0.034440674854162745,sem_alimentacao,1,4
2016-12-01,0.12713819404089854,0.23024475218049617,212,-0.10310655813959763,sem_alimentacao,1,4
2017-01-01,0.05737496210973021,0.2402559698225051,212,-0.18288100771277488,sem_alimentacao,1,4
2017-02-01,0.06234011856988713,0.1413705450416045,212,-0.07903042647171737,sem_alimentacao,1,4
2017-03-01,0.07392147195417338,0.083111781625023,212,-0.00919030967084962,sem_alimentacao,1,4
2017-04-01,0.07328440002042622,0.1468523480733516,212,-0.07356794805292538,sem_alimentacao,1,4
2017-05-01,0.06706702395548875,0.15704378044234008,212,-0.08997675648685133,sem_alimentacao,1,4
2017-06-01,0.06181849922114197,0.17339394102164687,212,-0.11157544180050491,sem_alimentacao,1,4
2017-07-01,0.014690513148344669,0.1915870986437772,212,-0.17689658549543255,sem_alimentacao,1,4
2017-08-01,0.013465512441646321,0.1835865561694291,212,-0.17012104372778278,sem_alimentacao,1,4
2017-09-01,0.014314331524716211,0.1384744974323501,212,-0.12416016590763389,sem_alimentacao,1,4
2017-10-01,0.013514088760119938,0.1377694769692471,212,-0.12425538820912717,sem_alimentacao,1,4
2017-11-01,0.07589697817340937,0.18686154267096478,212,-0.1109645644975554,sem_alimentacao,1,4
2017-12-01,0.10282255392355673,0.20123022847100175,212,-0.09840767454744502,sem_alimentacao,1,4
2018-01-01,0.08257636125699573,0.2895476199631138,212,-0.20697125870611804,sem_alimentacao,1,4
2018-02-01,0.06528482273270482,0.3007303146992431,212,-0.2354454919665383,sem_alimentacao,1,4
2018-03-01,0.05245228267998755,0.21514631544775772,212,-0.16269403276777017,sem_alimentacao,1,4
2018-04-01,0.05326694288133325,0.21152416701668283,212,-0.1582572241353496,sem_alimentacao,1,4
2018-05-01,0.05324823359797922,0.22372836927036377,213,-0.17048013567238454,sem_alimentacao,1,4
2018-06-01,0.10614599077267589,0.21075938812729791,213,-0.10461339735462202,sem_alimentacao,1,4
2018-07-01,0.11152523392262907,0.2252875271339635,213,-0.11376229321133442,sem_alimentacao,1,4
2018-08-01,0.07738182781807944,0.15201960979164597,213,-0.07463778197356653,sem_alimentacao,1,4
2018-09-01,0.05744822537105758,0.15400726294481565,213,-0.09655903757375807,sem_alimentacao,1,4
2018-10-01,0.017066304165283708,0.17374280473984666,213,-0.15667650057456295,sem_alimentacao,1,4
2018-11-01,0.02821155291204081,0.15425667022976705,213,-0.12604511731772625,sem_alimentacao,1,4
2018-12-01,0.01368047261983503,0.1810392705515268,213,-0.16735879793169178,sem_alimentacao,1,4
2019-01-01,0.02229616244915504,0.2468391879664934,213,-0.22454302551733835,sem_alimentacao,1,4
2019-02-01,0.007836053021964875,0.29530554625065797,213,-0.2874694932286931,sem_alimentacao,1,4
2019-03-01,0.002178460785044341,0.18677539896306863,213,-0.1845969381780243,sem_alimentacao,1,4
2019-04-01,0.018642700464700745,0.1576448939588903,213,-0.13900219349418957,sem_alimentacao,1,4
2019-05-01,0.030408829522783287,0.19398731476245853,213,-0.16357848523967525,sem_alimentacao,1,4
2019-06-01,0.06845276110188615,0.20417677864350492,213,-0.13572401754161878,sem_alimentacao,1,4
2019-07-01,0.032422911002838284,0.21359983515351327,213,-0.181176924150675,sem_alimentacao,1,4
2019-08-01,0.02795977236761859,0.19031592430147073,213,-0.16235615193385214,sem_alimentacao,1,4
2019-09-01,0.020740518639003797,0.2725083649312364,213,-0.25176784629223264,sem_alimentacao,1,4
2019-10-01,0.02239776976301082,0.1795094326622659,213,-0.1571116628992551,sem_alimentacao,1,4
2019-11-01,0.021986320152934488,0.208052642107592,213,-0.1860663219546575,sem_alimentacao,1,4
2019-12-01,0.03446282744723725,0.23953627107858733,213,-0.20507344363135008,sem_alimentacao,1,4
2020-01-01,0.018106364195449046,0.19817436070387048,209,-0.18006799650842142,sem_alimentacao,1,4
2020-02-01,0.012703008111021388,0.2361610891765806,209,-0.2234580810655592,sem_alimentacao,1,4
2020-03-01,0.012672731060343032,0.21702733937127383,209,-0.2043546083109308,sem_alimentacao,1,4
2020-04-01,0.0017354183215919107,0.3545673450461639,209,-0.352831926724572,sem_alimentacao,1,4
2020-05-01,0.014798182183953287,0.3509841921976856,209,-0.33618601001373233,sem_alimentacao,1,4
2020-06-01,0.011727529847570894,0.26725402347758614,209,-0.25552649363001523,sem_alimentacao,1,4
2020-07-01,0.01042931575376249,0.2694521573448372,209,-0.2590228415910747,sem_alimentacao,1,4
2020-08-01,0.021547794002689098,0.2592977080141334,209,-0.23774991401144427,sem_alimentacao,1,4
2020-09-01,0.11318512172914375,0.21721128231718087,209,-0.10402616058803713,sem_alimentacao,1,4
2020-10-01,0.056995431159916954,0.10878442192791722,209,-0.05178899076800027,sem_alimentacao,1,4
2020-11-01,0.03748091150631071,0.1276176929372258,209,-0.0901367814309151,sem_alimentacao,1,4
2020-12-01,0.0959348049086281,0.12019426820156276,209,-0.024259463292934658,sem_alimentacao,1,4
2021-01-01,0.07875838411445624,0.14751984868979,209,-0.06876146457533377,sem_alimentacao,1,4
2021-02-01,0.11816960021137782,0.10429030914005814,209,0.013879291071319674,sem_alimentacao,1,4
2021-03-01,0.1281922827167759,0.10302182471235212,209,0.025170458004423787,sem_alimentacao,1,4
2021-04-01,0.041292043820748026,0.1260504627098394,209,-0.08475841888909139,sem_alimentacao,1,4
2021-05-01,0.050832395509077165,0.17292382166443657,209,-0.1220914261553594,sem_alimentacao,1,4
2021-06-01,0.1087554456760226,0.15350325317888375,209,-0.04474780750286114,sem_alimentacao,1,4
2021-07-01,0.18837027016776445,0.17648642839985335,209,0.011883841767911102,sem_alimentacao,1,4
2021-08-01,0.17605058309240432,0.07837171146114759,209,0.09767887163125673,sem_alimentacao,1,4
2021-09-01,0.12587699161047722,0.08575071240746292,209,0.0401262792030143,sem_alimentacao,1,4
2021-10-01,0.23073130025792749,0.07896879583270117,209,0.15176250442522632,sem_alimentacao,1,4
2021-11-01,0.24758017315809366,0.08729074202123963,209,0.16028943113685404,sem_alimentacao,1,4
2021-12-01,0.19820093584623977,0.1482903972996385,209,0.04991053854660127,sem_alimentacao,1,4
2022-01-01,0.13993557598199963,0.1046600207851961,209,0.03527555519680353,sem_alimentacao,1,4
2022-02-01,0.13988940311025333,0.10409824884047574,209,0.035791154269777595,sem_alimentacao,1,4
2022-03-01,0.17678041899349542,0.09826780292592659,209,0.07851261606756883,sem_alimentacao,1,4
2022-04-01,0.17550428443858973,0.0975382686181498,209,0.07796601582043992,sem_alimentacao,1,4
2022-05-01,0.1856253659255233,0.050921592558678265,209,0.13470377336684505,sem_alimentacao,1,4
2022-06-01,0.17416235493138052,0.010349434711818598,209,0.16381292021956192,sem_alimentacao,1,4
2022-07-01,0.15234426612731097,0.013195072619906696,209,0.1391491935074043,sem_alimentacao,1,4
2022-08-01,0.12961285781623041,0.09369359472381933,209,0.035919263092411086,sem_alimentacao,1,4
2022-09-01,0.13263099436456793,0.08028571282329516,209,0.05234528154127277,sem_alimentacao,1,4
2022-10-01,0.09640547950811286,0.029372045914922353,209,0.0670334335931905,sem_alimentacao,1,4
2022-11-01,0.12623702847084348,0.05389708741838427,209,0.07233994105245921,sem_alimentacao,1,4
2022-12-01,0.1334231702447864,0.11326361374735097,209,0.02015955649743542,sem_alimentacao,1,4
2023-01-01,0.09242777939889116,0.055031253359544174,209,0.03739652603934698,sem_alimentacao,1,4
2023-02-01,0.11404959524016774,0.033801670242343866,209,0.08024792499782388,sem_alimentacao,1,4
2023-03-01,0.08568179640336028,0.03675088638323697,209,0.04893091002012331,sem_alimentacao,1,4
2023-04-01,0.06325797914740298,0.009960781812964321,209,0.05329719733443866,sem_alimentacao,1,4
2023-05-01,0.08389966842765305,0.049173237939837286,209,0.03472643048781576,sem_alimentacao,1,4
2023-06-01,0.05627012107081086,0.10444589568420569,209,-0.048175774613394826,sem_alimentacao,1,4
2023-07-01,0.07561201723733942,0.07976853879929503,209,-0.004156521561955617,sem_alimentacao,1,4
2023-08-01,0.06056676291134429,0.08287594862034463,209,-0.02230918570900034,sem_alimentacao,1,4
2023-09-01,0.03972542830522333,0.1301591527067369,209,-0.09043372440151357,sem_alimentacao,1,4
2023-10-01,0.060436093743085284,0.08480499693381466,209,-0.024368903190729374,sem_alimentacao,1,4
2023-11-01,0.05870695716836721,0.08486526272125293,209,-0.026158305552885716,sem_alimentacao,1,4
2023-12-01,0.05798499423390715,0.10734806566889842,209,-0.04936307143499127,sem_alimentacao,1,4
2024-01-01,0.03749732189152424,0.12808267717034544,209,-0.0905853552788212,sem_alimentacao,1,4
2024-02-01,0.0677339040630175,0.061902903934654155,209,0.005831000128363351,sem_alimentacao,1,4
2024-03-01,0.06584308774713407,0.09529131021260745,209,-0.029448222465473378,sem_alimentacao,1,4
2024-04-01,0.07103616518475815,0.12112709035633248,209,-0.05009092517157433,sem_alimentacao,1,4
2024-05-01,0.09597396642636982,0.07684234658786969,209,0.019131619838500133,sem_alimentacao,1,4
2024-06-01,0.03593804751559324,0.14235692123420765,209,-0.10641887371861442,sem_alimentacao,1,4
2024-07-01,0.027867669372339907,0.1586771527443075,209,-0.13080948337196757,sem_alimentacao,1,4
2024-08-01,0.019860323557506658,0.10770811739121598,209,-0.08784779383370933,sem_alimentacao,1,4
2024-09-01,0.013141233045309784,0.09978429954449139,209,-0.0866430664991816,sem_alimentacao,1,4
2024-10-01,0.0390590002956804,0.09679662645159408,209,-0.05773762615591368,sem_alimentacao,1,4
2024-11-01,0.01568734592217958,0.13301903575876178,209,-0.11733168983658221,sem_alimentacao,1,4
2024-12-01,0.04581964569573991,0.07677059710606055,209,-0.030950951410320636,sem_alimentacao,1,4
2025-01-01,0.04489225170002873,0.06728346582383551,209,-0.022391214123806784,sem_alimentacao,1,4
2025-02-01,0.051889726492007224,0.09557421320056828,209,-0.04368448670856105,sem_alimentacao,1,4
2025-03-01,0.0425452533638962,0.06347928637230739,209,-0.020934033008411186,sem_alimentacao,1,4
2025-04-01,0.05351664539942943,0.06372747901966783,209,-0.010210833620238398,sem_alimentacao,1,4
2025-05-01,0.07049628761234858,0.10141640881748121,209,-0.030920121205132628,sem_alimentacao,1,4
2025-06-01,0.09152916221554447,0.14959485181285562,209,-0.05806568959731115,sem_alimentacao,1,4
2025-07-01,0.10337398353180796,0.09520129780407047,209,0.008172685727737494,sem_alimentacao,1,4
2025-08-01,0.048856110622815446,0.10340867281237864,209,-0.0545525621895632,sem_alimentacao,1,4
2025-09-01,0.017325570116550355,0.09316625910629413,209,-0.07584068898974378,sem_alimentacao,1,4
2025-10-01,0.01598740571480975,0.11224554780300539,209,-0.09625814208819564,sem_alimentacao,1,4
2025-11-01,0.02413922203347095,0.1097229261484468,209,-0.08558370411497584,sem_alimentacao,1,4
2025-12-01,0.017474168675557546,0.08454015278601557,209,-0.06706598411045803,sem_alimentacao,1,4
2026-01-01,0.019870676435291765,0.118673014491315,209,-0.09880233805602323,sem_alimentacao,1,4
2026-02-01,0.023500508280713452,0.13891012909948436,209,-0.1154096208187709,sem_alimentacao,1,4
2026-03-01,0.026198908887118236,0.1710769942419841,209,-0.14487808535486588,sem_alimentacao,1,4
2026-04-01,0.062257869442057356,0.12420891817053376,209,-0.0619510487284764,sem_alimentacao,1,4
2026-05-01,0.052174778109244604,0.09227900522538542,209,-0.04010422711614081,sem_alimentacao,1,4
2026-06-01,0.0048628124564679244,0.1061345561293802,209,-0.10127174367291228,sem_alimentacao,1,4
2026-07-01,0.08022733887893133,0.08414015145712374,209,-0.003912812578192412,sem_alimentacao,1,4
2009-07-01,0.0,0.0,97,0.0,servicos,1,2
2009-08-01,0.07862739720371698,0.5188694546923704,97,-0.44024205748865347,servicos,1,2
2009-09-01,0.08679063085130186,0.31274950834344123,97,-0.2259588774921394,servicos,1,2
2009-10-01,0.08726674630589702,0.17955311799356216,97,-0.09228637168766514,servicos,1,2
2009-11-01,0.05712487352643591,0.354108331960752,97,-0.29698345843431606,servicos,1,2
2009-12-01,0.10481858491816803,0.6151731655937422,97,-0.5103545806755743,servicos,1,2
2010-01-01,0.16179074351680262,0.4728248680933439,97,-0.3110341245765413,servicos,1,2
2010-02-01,0.26888705961778764,0.4294914692139596,97,-0.16060440959617195,servicos,1,2
2010-03-01,0.28747731932909465,0.510731829647878,97,-0.22325451031878335,servicos,1,2
2010-04-01,0.18292081619637843,0.49127380843418667,97,-0.3083529922378082,servicos,1,2
2010-05-01,0.23699406591328195,0.3765367156839567,97,-0.13954264977067474,servicos,1,2
2010-06-01,0.1750201612307656,0.3285675039362403,97,-0.15354734270547468,servicos,1,2
2010-07-01,0.08574879581982703,0.5963975983989327,97,-0.5106488025791056,servicos,1,2
2010-08-01,0.06850693843296174,0.6647074531299977,97,-0.5962005146970359,servicos,1,2
2010-09-01,0.09847655083142487,0.4429541208099291,97,-0.3444775699785042,servicos,1,2
2010-10-01,0.2512642160099787,0.2511262748550884,97,0.00013794115489029757,servicos,1,2
2010-11-01,0.3173501447122554,0.22921713911828678,97,0.08813300559396864,servicos,1,2
2010-12-01,0.21408575740537983,0.3708164412748203,97,-0.15673068386944045,servicos,1,2
2011-01-01,0.1708561658068002,0.3498726526831991,97,-0.17901648687639893,servicos,1,2
2011-02-01,0.2699296617689976,0.19504118449342778,97,0.0748884772755698,servicos,1,2
2011-03-01,0.2577318979849312,0.2863337302944194,97,-0.028601832309488207,servicos,1,2
2011-04-01,0.07917228837052762,0.40822574597672984,97,-0.3290534576062022,servicos,1,2
2011-05-01,0.18827889573675768,0.3384958764778668,97,-0.1502169807411091,servicos,1,2
2011-06-01,0.1489362331881038,0.25784061848835005,97,-0.10890438530024624,servicos,1,2
2011-07-01,0.14735440912136338,0.5129173073914802,97,-0.36556289827011684,servicos,1,2
2011-08-01,0.07589438321447517,0.3759651087404963,97,-0.30007072552602115,servicos,1,2
2011-09-01,0.0785834748561185,0.29061703934333427,97,-0.21203356448721578,servicos,1,2
2011-10-01,0.08847180232815867,0.39907322853959615,97,-0.3106014262114375,servicos,1,2
2011-11-01,0.16119882876454794,0.44359210452299397,97,-0.282393275758446,servicos,1,2
2011-12-01,0.2151542168603325,0.33380626701302396,97,-0.11865205015269145,servicos,1,2
2012-01-01,0.14954135689874293,0.3696505356872403,89,-0.2201091787884974,servicos,1,2
2012-02-01,0.18006983207989477,0.2365883171391927,89,-0.056518485059297935,servicos,1,2
2012-03-01,0.25948167084006196,0.24433649552476905,89,0.015145175315292914,servicos,1,2
2012-04-01,0.25487194218302184,0.3154602965274559,89,-0.06058835434443405,servicos,1,2
2012-05-01,0.21225309022883607,0.30220911576909837,89,-0.0899560255402623,servicos,1,2
2012-06-01,0.1110699969164354,0.45629939789343854,89,-0.34522940097700316,servicos,1,2
2012-07-01,0.14702719859051838,0.3203493908008006,89,-0.17332219221028222,servicos,1,2
2012-08-01,0.18487452087433956,0.24556808764114782,89,-0.06069356676680826,servicos,1,2
2012-09-01,0.21274412371200768,0.2193058842190793,89,-0.006561760507071607,servicos,1,2
2012-10-01,0.17715167888846006,0.20608505849271397,89,-0.028933379604253906,servicos,1,2
2012-11-01,0.11540614059063163,0.3263278799474184,89,-0.21092173935678676,servicos,1,2
2012-12-01,0.22206674755698202,0.2679035056818923,89,-0.04583675812491028,servicos,1,2
2013-01-01,0.2954171562867215,0.34112155633894764,89,-0.045704400052226146,servicos,1,2
2013-02-01,0.24399856331221836,0.2085678834976817,89,0.03543067981453665,servicos,1,2
2013-03-01,0.26222284236451604,0.18449052967002302,89,0.07773231269449302,servicos,1,2
2013-04-01,0.275569611621798,0.4079838167631578,89,-0.13241420514135982,servicos,1,2
2013-05-01,0.17590814114959832,0.3766433493828923,89,-0.20073520823329397,servicos,1,2
2013-06-01,0.1449203042017297,0.37295494975875776,89,-0.22803464555702807,servicos,1,2
2013-07-01,0.1775095615452623,0.29813562011600153,89,-0.12062605857073924,servicos,1,2
2013-08-01,0.17743629393382945,0.2593827518443349,89,-0.08194645791050545,servicos,1,2
2013-09-01,0.11060113859316201,0.3640410408156701,89,-0.2534399022225081,servicos,1,2
2013-10-01,0.1516144820391288,0.2636300408289435,89,-0.11201555878981467,servicos,1,2
2013-11-01,0.3064637973114322,0.23003912757137876,89,0.07642466974005344,servicos,1,2
2013-12-01,0.22884174497077722,0.18523684975297877,89,0.04360489521779845,servicos,1,2
2014-01-01,0.30438434076000426,0.22310817690414503,89,0.08127616385585923,servicos,1,2
2014-02-01,0.2992522089418094,0.14188632153399006,89,0.15736588740781932,servicos,1,2
2014-03-01,0.3804202630497328,0.17460439786272092,89,0.2058158651870119,servicos,1,2
2014-04-01,0.22919392089410015,0.2784889448778203,89,-0.049295023983720127,servicos,1,2
2014-05-01,0.2403050856233092,0.2621574744036139,89,-0.02185238878030471,servicos,1,2
2014-06-01,0.3293897701991908,0.30572839139433583,89,0.02366137880485497,servicos,1,2
2014-07-01,0.24989221433581507,0.42803778611463245,89,-0.17814557177881737,servicos,1,2
2014-08-01,0.27935702852293987,0.26654516935696426,89,0.012811859165975603,servicos,1,2
2014-09-01,0.1277025181185621,0.14496135242411096,89,-0.017258834305548865,servicos,1,2
2014-10-01,0.11792949880929747,0.18239178141343962,89,-0.06446228260414215,servicos,1,2
2014-11-01,0.2401601993132471,0.196015025946867,89,0.0441451733663801,servicos,1,2
2014-12-01,0.2486426567731427,0.20248005998164353,89,0.04616259679149917,servicos,1,2
2015-01-01,0.2968827537891196,0.23340587771676552,89,0.06347687607235408,servicos,1,2
2015-02-01,0.2538042610330903,0.1809521326350028,89,0.0728521283980875,servicos,1,2
2015-03-01,0.45039009884239223,0.32571463895522484,89,0.12467545988716738,servicos,1,2
2015-04-01,0.2945051551133862,0.15223191110468592,89,0.14227324400870028,servicos,1,2
2015-05-01,0.38743405622384425,0.24212123800201035,89,0.1453128182218339,servicos,1,2
2015-06-01,0.4086164968780809,0.07615839631942163,89,0.33245810055865926,servicos,1,2
2015-07-01,0.42359601048215967,0.12576295756955583,89,0.29783305291260387,servicos,1,2
2015-08-01,0.24539398116241673,0.2905418266548522,89,-0.045147845492435446,servicos,1,2
2015-09-01,0.2211187796556998,0.22454021410925062,89,-0.0034214344535508368,servicos,1,2
2015-10-01,0.28387802274795865,0.18269740762325085,89,0.1011806151247078,servicos,1,2
2015-11-01,0.24306475089616922,0.15503152609979923,89,0.08803322479636999,servicos,1,2
2015-12-01,0.25595544469520004,0.3207856567816183,89,-0.06483021208641826,servicos,1,2
2016-01-01,0.27753171161561113,0.45463309271485886,89,-0.17710138109924772,servicos,1,2
2016-02-01,0.3149981359678321,0.36587289963518227,89,-0.050874763667350165,servicos,1,2
2016-03-01,0.3550354539594387,0.3079849919836036,89,0.04705046197583512,servicos,1,2
2016-04-01,0.34499102025156525,0.32589706529252815,89,0.019093954959037096,servicos,1,2
2016-05-01,0.4196615075905854,0.19978289116597314,89,0.21987861642461226,servicos,1,2
2016-06-01,0.3571325511388603,0.18538861598798506,89,0.17174393515087522,servicos,1,2
2016-07-01,0.10759997510245667,0.3731683106689249,89,-0.26556833556646825,servicos,1,2
2016-08-01,0.16501618801693516,0.2086091413141786,89,-0.04359295329724344,servicos,1,2
2016-09-01,0.4197511912965945,0.14027741941805283,89,0.27947377187854167,servicos,1,2
2016-10-01,0.37150834344462275,0.24127819745065038,89,0.13023014599397237,servicos,1,2
2016-11-01,0.3902363387086244,0.3087615068224848,89,0.08147483188613958,servicos,1,2
2016-12-01,0.42217445817660754,0.2259944962792894,89,0.19617996189731815,servicos,1,2
2017-01-01,0.24102174273211902,0.255179045372888,89,-0.014157302640768976,servicos,1,2
2017-02-01,0.20845867528564985,0.43520672903747115,89,-0.2267480537518213,servicos,1,2
2017-03-01,0.31510533969961774,0.3270324706245737,89,-0.011927130924955953,servicos,1,2
2017-04-01,0.22142245127833204,0.3992208384009858,89,-0.17779838712265378,servicos,1,2
2017-05-01,0.17941509470169445,0.5698381020002175,89,-0.390423007298523,servicos,1,2
2017-06-01,0.20762921869254505,0.4344977537610513,89,-0.22686853506850627,servicos,1,2
2017-07-01,0.131640038669957,0.34700562240822247,89,-0.21536558373826548,servicos,1,2
2017-08-01,0.12999367295873435,0.412907800065496,89,-0.28291412710676167,servicos,1,2
2017-09-01,0.182091800736084,0.3441129170665972,89,-0.1620211163305132,servicos,1,2
2017-10-01,0.3412086309033019,0.3491209265155455,89,-0.007912295612243603,servicos,1,2
2017-11-01,0.248070772198812,0.39185535868406357,89,-0.14378458648525158,servicos,1,2
2017-12-01,0.20569086086327465,0.504743441676291,89,-0.2990525808130164,servicos,1,2
2018-01-01,0.19832297505115593,0.5582002008108692,89,-0.35987722575971326,servicos,1,2
2018-02-01,0.1423038059952846,0.6404767503193376,89,-0.498172944324053,servicos,1,2
2018-03-01,0.18658710507758516,0.5273643168170304,89,-0.3407772117394453,servicos,1,2
2018-04-01,0.26069460018636387,0.4906644345120584,89,-0.2299698343256945,servicos,1,2
2018-05-01,0.249882718906342,0.5710754912424869,90,-0.3211927723361449,servicos,1,2
2018-06-01,0.23994251062166694,0.45501393108838994,90,-0.215071420466723,servicos,1,2
2018-07-01,0.12154040098559177,0.4446018476662231,90,-0.32306144668063136,servicos,1,2
2018-08-01,0.05631425992031212,0.3936989788594233,90,-0.33738471893911115,servicos,1,2
2018-09-01,0.2599477329234951,0.39273976648111747,90,-0.13279203355762237,servicos,1,2
2018-10-01,0.09862364154215794,0.45423647906821324,90,-0.3556128375260553,servicos,1,2
2018-11-01,0.1094777809678757,0.561521038695888,90,-0.4520432577280123,servicos,1,2
2018-12-01,0.19152829851812175,0.5563802382227663,90,-0.3648519397046445,servicos,1,2
2019-01-01,0.21165323736424727,0.5791840504474665,90,-0.3675308130832192,servicos,1,2
2019-02-01,0.04931454502030093,0.5551628055091155,90,-0.5058482604888145,servicos,1,2
2019-03-01,0.08248887986446442,0.5368693566501901,90,-0.4543804767857257,servicos,1,2
2019-04-01,0.24319808155924333,0.39830605762975624,90,-0.1551079760705129,servicos,1,2
2019-05-01,0.28266119525669536,0.44899864276747997,90,-0.1663374475107846,servicos,1,2
2019-06-01,0.230382098535676,0.5067903532128917,90,-0.27640825467721564,servicos,1,2
2019-07-01,0.07027464163389573,0.4574495750348852,90,-0.38717493340098946,servicos,1,2
2019-08-01,0.15475076077540387,0.5829300721269027,90,-0.4281793113514989,servicos,1,2
2019-09-01,0.11263785073414637,0.3682280231982639,90,-0.2555901724641175,servicos,1,2
2019-10-01,0.17114928347727057,0.42528550188225617,90,-0.25413621840498557,servicos,1,2
2019-11-01,0.15506984003614432,0.6112843552631995,90,-0.45621451522705514,servicos,1,2
2019-12-01,0.12143385210319792,0.5713292766920048,90,-0.44989542458880694,servicos,1,2
2020-01-01,0.07325039095475996,0.5342310300447003,87,-0.46098063908994036,servicos,1,2
2020-02-01,0.03608130216565455,0.7103624213182486,87,-0.674281119152594,servicos,1,2
2020-03-01,0.09656959994716958,0.49899704755012697,87,-0.4024274476029574,servicos,1,2
2020-04-01,0.06663861525007012,0.5060255542904917,87,-0.4393869390404216,servicos,1,2
2020-05-01,0.05213888324427041,0.6152344286334105,87,-0.5630955453891401,servicos,1,2
2020-06-01,0.1191827220346588,0.4985472194710894,87,-0.3793644974364306,servicos,1,2
2020-07-01,0.1736877101866471,0.5106102356279536,87,-0.3369225254413065,servicos,1,2
2020-08-01,0.18154260232259195,0.5681963322013643,87,-0.3866537298787724,servicos,1,2
2020-09-01,0.10860774915173883,0.4563713991968049,87,-0.3477636500450661,servicos,1,2
2020-10-01,0.2207439934410739,0.34694773703153015,87,-0.12620374359045625,servicos,1,2
2020-11-01,0.19989592251263197,0.37581205620184316,87,-0.1759161336892112,servicos,1,2
2020-12-01,0.250496103155583,0.39381134248477817,87,-0.14331523932919515,servicos,1,2
2021-01-01,0.14903967958006084,0.23107754583832685,87,-0.082037866258266,servicos,1,2
2021-02-01,0.06382445783509762,0.44392482131827404,87,-0.38010036348317644,servicos,1,2
2021-03-01,0.06705670695372262,0.5228507155015354,87,-0.45579400854781277,servicos,1,2
2021-04-01,0.07077660423225257,0.42954454464545455,87,-0.358767940413202,servicos,1,2
2021-05-01,0.21516556062888886,0.44561054435460684,87,-0.23044498372571798,servicos,1,2
2021-06-01,0.13588728424688193,0.44388614068677135,87,-0.30799885643988945,servicos,1,2
2021-07-01,0.12984087645342104,0.5196240793069903,87,-0.38978320285356927,servicos,1,2
2021-08-01,0.19531476200921255,0.27006214813190027,87,-0.07474738612268772,servicos,1,2
2021-09-01,0.18035623379718863,0.2286417151954048,87,-0.04828548139821617,servicos,1,2
2021-10-01,0.2534284374870191,0.37027124859806426,87,-0.11684281111104516,servicos,1,2
2021-11-01,0.33446963240724964,0.37551395106139307,87,-0.04104431865414343,servicos,1,2
2021-12-01,0.15096641332475774,0.46926530846415615,87,-0.3182988951393984,servicos,1,2
2022-01-01,0.1061225972013751,0.48112259720137507,87,-0.375,servicos,1,2
2022-02-01,0.2103718762005887,0.28374278134236025,87,-0.07337090514177155,servicos,1,2
2022-03-01,0.3087762245140985,0.23917781871131708,87,0.0695984058027814,servicos,1,2
2022-04-01,0.26295373101582115,0.2294983057458375,87,0.03345542526998366,servicos,1,2
2022-05-01,0.3710663200945641,0.1849925320024313,87,0.1860737880921328,servicos,1,2
2022-06-01,0.32477501646221013,0.1277040704338707,87,0.19707094602833944,servicos,1,2
2022-07-01,0.2947303585258908,0.2383505003750526,87,0.05637985815083821,servicos,1,2
2022-08-01,0.24118077712199135,0.13054167156246896,87,0.11063910555952239,servicos,1,2
2022-09-01,0.2727112665548586,0.10536320718118282,87,0.1673480593736758,servicos,1,2
2022-10-01,0.32875833684723155,0.25656109134749583,87,0.07219724549973572,servicos,1,2
2022-11-01,0.2444426622944587,0.2886459224408326,87,-0.04420326014637388,servicos,1,2
2022-12-01,0.2951381643664113,0.2721852922765076,87,0.02295287208990371,servicos,1,2
2023-01-01,0.3679659727258676,0.2574605571341949,87,0.1105054155916727,servicos,1,2
2023-02-01,0.3872579582093806,0.1479653941844654,87,0.2392925640249152,servicos,1,2
2023-03-01,0.3464182589109813,0.12859688431749616,87,0.21782137459348516,servicos,1,2
2023-04-01,0.32565353412163955,0.18930543035744796,87,0.1363481037641916,servicos,1,2
2023-05-01,0.29870087805567497,0.27197347576955017,87,0.0267274022861248,servicos,1,2
2023-06-01,0.14825377544224094,0.4318659941728943,87,-0.28361221873065334,servicos,1,2
2023-07-01,0.11052648530578661,0.3021324689850642,87,-0.19160598367927756,servicos,1,2
2023-08-01,0.25407530020062113,0.2022910586129649,87,0.05178424158765624,servicos,1,2
2023-09-01,0.16605626938801715,0.19554794220729382,87,-0.02949167281927667,servicos,1,2
2023-10-01,0.14417272913197182,0.2903117421918368,87,-0.146139013059865,servicos,1,2
2023-11-01,0.265609514370664,0.21262326378230145,87,0.05298625058836254,servicos,1,2
2023-12-01,0.2504816278729322,0.19472405211535648,87,0.05575757575757573,servicos,1,2
2024-01-01,0.2397929237198601,0.35173913553870356,87,-0.11194621181884346,servicos,1,2
2024-02-01,0.31397133334504834,0.15009284153677638,87,0.16387849180827196,servicos,1,2
2024-03-01,0.4167035772149243,0.1811657128203933,87,0.235537864394531,servicos,1,2
2024-04-01,0.3057017441725078,0.2004604941433994,87,0.10524125002910839,servicos,1,2
2024-05-01,0.45300449264496484,0.35343690245787784,87,0.099567590187087,servicos,1,2
2024-06-01,0.13733428732643435,0.27070135944016893,87,-0.13336707211373458,servicos,1,2
2024-07-01,0.1509580904446679,0.2576440913396993,87,-0.10668600089503139,servicos,1,2
2024-08-01,0.23201771100916097,0.21086515719684298,87,0.02115255381231798,servicos,1,2
2024-09-01,0.132951128201113,0.2821097259316613,87,-0.1491585977305483,servicos,1,2
2024-10-01,0.15080702183192646,0.2470967873343983,87,-0.09628976550247184,servicos,1,2
2024-11-01,0.15706103089419524,0.26161300096726453,87,-0.1045519700730693,servicos,1,2
2024-12-01,0.21545974516391267,0.43121377851463133,87,-0.21575403335071866,servicos,1,2
2025-01-01,0.23144442370073046,0.33993664091853165,87,-0.1084922172178012,servicos,1,2
2025-02-01,0.13278104856537826,0.28768645428524886,87,-0.1549054057198706,servicos,1,2
2025-03-01,0.10985284727547329,0.3762934540800112,87,-0.2664406068045379,servicos,1,2
2025-04-01,0.18630731319926191,0.2087041319225469,87,-0.022396818723284972,servicos,1,2
2025-05-01,0.3427892677473449,0.21722447363517794,87,0.12556479411216698,servicos,1,2
2025-06-01,0.2765374992727061,0.3230552161517426,87,-0.0465177168790365,servicos,1,2
2025-07-01,0.14840297703141614,0.29400369944217075,87,-0.1456007224107546,servicos,1,2
2025-08-01,0.21154702160157102,0.14456615026547384,87,0.06698087133609718,servicos,1,2
2025-09-01,0.19125888592169105,0.15395031117000502,87,0.03730857475168603,servicos,1,2
2025-10-01,0.20294593794788177,0.19206331706694363,87,0.010882620880938138,servicos,1,2
2025-11-01,0.2637834832739266,0.2886474653910858,87,-0.024863982117159233,servicos,1,2
2025-12-01,0.15566943153689147,0.5163706373677277,87,-0.3607012058308362,servicos,1,2
2026-01-01,0.12272126089989031,0.39092006216518926,87,-0.26819880126529894,servicos,1,2
2026-02-01,0.35637649424258006,0.28232446080159,87,0.07405203344099004,servicos,1,2
2026-03-01,0.305826581623858,0.2208555996092628,87,0.08497098201459521,servicos,1,2
2026-04-01,0.31278004896526235,0.25698678861788615,87,0.055793260347376195,servicos,1,2
2026-05-01,0.3043766999486045,0.2737617444432253,87,0.030614955505379182,servicos,1,2
2026-06-01,0.1618683519284284,0.3405430865835017,87,-0.17867473465507328,servicos,1,2
2026-07-01,0.18422641487631475,0.30428037820551707,87,-0.12005396332920232,servicos,1,2
2009-07-01,0.0,0.0,97,0.0,servicos,1,3
2009-08-01,0.0,0.0,97,0.0,servicos,1,3
2009-09-01,0.018880200666533203,0.2109530482706643,97,-0.1920728476041311,servicos,1,3
2009-10-01,0.018680891880917774,0.07480889527048895,97,-0.05612800338957118,servicos,1,3
2009-11-01,0.029283041953928324,0.08514317983952563,97,-0.05586013788559731,servicos,1,3
2009-12-01,0.016661019695652816,0.3460984340703858,97,-0.329437414374733,servicos,1,3
2010-01-01,0.06565233300676354,0.38047545414842004,97,-0.3148231211416565,servicos,1,3
2010-02-01,0.054039168773947495,0.33024594484155423,97,-0.27620677606760674,servicos,1,3
2010-03-01,0.18015607251914026,0.3837407248963696,97,-0.20358465237722936,servicos,1,3
2010-04-01,0.15376166616965806,0.39045684439890993,97,-0.23669517822925187,servicos,1,3
2010-05-01,0.16539493593077687,0.24462445032862074,97,-0.07922951439784387,servicos,1,3
2010-06-01,0.11226482256639914,0.2960761666189099,97,-0.18381134405251076,servicos,1,3
2010-07-01,0.06444531302806865,0.27775345090559644,97,-0.21330813787752778,servicos,1,3
2010-08-01,0.044342000627965596,0.5030943444948839,97,-0.45875234386691827,servicos,1,3
2010-09-01,0.03556471876812061,0.3996842986920946,97,-0.364119579923974,servicos,1,3
2010-10-01,0.07360774818401938,0.18770856262381685,97,-0.11410081443979747,servicos,1,3
2010-11-01,0.18894822779064763,0.16599468307721327,97,0.02295354471343436,servicos,1,3
2010-12-01,0.16117243216050664,0.22166720918533425,97,-0.06049477702482761,servicos,1,3
2011-01-01,0.061779775227533154,0.26249576993178464,97,-0.2007159947042515,servicos,1,3
2011-02-01,0.06387914450605409,0.08570126799402036,97,-0.021822123487966277,servicos,1,3
2011-03-01,0.14525533244508376,0.16874579948355756,97,-0.023490467038473795,servicos,1,3
2011-04-01,0.050218914314900054,0.17261017309435311,97,-0.12239125877945306,servicos,1,3
2011-05-01,0.0626639196253604,0.2377996435950719,97,-0.1751357239697115,servicos,1,3
2011-06-01,0.12402325250994506,0.22686884353097175,97,-0.1028455910210267,servicos,1,3
2011-07-01,0.07817974138821579,0.24794205584857548,97,-0.1697623144603597,servicos,1,3
2011-08-01,0.05688395119938705,0.29420640066010495,97,-0.2373224494607179,servicos,1,3
2011-09-01,0.028947306349655626,0.20553530993489952,97,-0.1765880035852439,servicos,1,3
2011-10-01,0.045493366905156644,0.19303502876951584,97,-0.14754166186435919,servicos,1,3
2011-11-01,0.06250240553287364,0.3102264013524276,97,-0.24772399581955398,servicos,1,3
2011-12-01,0.05347013853303674,0.23103057086748283,97,-0.17756043233444607,servicos,1,3
2012-01-01,0.021206893145705612,0.23260415774952095,89,-0.21139726460381533,servicos,1,3
2012-02-01,0.07708894523226256,0.11427337379945204,89,-0.03718442856718948,servicos,1,3
2012-03-01,0.07314011493726831,0.14055624930534216,89,-0.06741613436807385,servicos,1,3
2012-04-01,0.18005784309245104,0.08917694371723477,89,0.09088089937521628,servicos,1,3
2012-05-01,0.0795957207719239,0.2220028190421752,89,-0.1424070982702513,servicos,1,3
2012-06-01,0.08580099647824464,0.22886865637729847,89,-0.14306765989905385,servicos,1,3
2012-07-01,0.045957132585841706,0.10687057512809053,89,-0.06091344254224883,servicos,1,3
2012-08-01,0.12171410442349528,0.11530741738319693,89,0.006406687040298356,servicos,1,3
2012-09-01,0.06279154837477462,0.16092013557302914,89,-0.09812858719825453,servicos,1,3
2012-10-01,0.0910715501947595,0.10352902257004694,89,-0.012457472375287437,servicos,1,3
2012-11-01,0.02219749326461286,0.15537919904207828,89,-0.1331817057774654,servicos,1,3
2012-12-01,0.05401711743447232,0.1772280715487886,89,-0.12321095411431629,servicos,1,3
2013-01-01,0.06428384906645776,0.21960765112939026,89,-0.1553238020629325,servicos,1,3
2013-02-01,0.16699209821720107,0.1112910598837589,89,0.05570103833344217,servicos,1,3
2013-03-01,0.04648038601694503,0.12579622484773162,89,-0.07931583883078659,servicos,1,3
2013-04-01,0.16036470729576943,0.1347520724219331,89,0.025612634873836332,servicos,1,3
2013-05-01,0.054511180615939674,0.261436933020129,89,-0.2069257524041893,servicos,1,3
2013-06-01,0.061174099432619054,0.20327208038598754,89,-0.14209798095336848,servicos,1,3
2013-07-01,0.07645026215312074,0.16388537156440158,89,-0.08743510941128084,servicos,1,3
2013-08-01,0.06304564930253535,0.17060983860056056,89,-0.1075641892980252,servicos,1,3
2013-09-01,0.0691035991122833,0.14896272233122124,89,-0.07985912321893794,servicos,1,3
2013-10-01,0.05159967027730194,0.15364626936798856,89,-0.10204659909068661,servicos,1,3
2013-11-01,0.08011144255478506,0.16075233409522335,89,-0.0806408915404383,servicos,1,3
2013-12-01,0.18397429687752268,0.095124156414479,89,0.08885014046304368,servicos,1,3
2014-01-01,0.1892195996666591,0.113669895231085,89,0.0755497044355741,servicos,1,3
2014-02-01,0.1899479811581224,0.10067860502859581,89,0.08926937612952658,servicos,1,3
2014-03-01,0.16707768187422933,0.10496943074393753,89,0.06210825113029181,servicos,1,3
2014-04-01,0.14722935542742704,0.1569132871424649,89,-0.009683931715037869,servicos,1,3
2014-05-01,0.16468410629457525,0.20789701904034585,89,-0.043212912745770604,servicos,1,3
2014-06-01,0.16806747109327322,0.2148316290123118,89,-0.04676415791903857,servicos,1,3
2014-07-01,0.20647872278814164,0.21414276613406605,89,-0.0076640433459244095,servicos,1,3
2014-08-01,0.20712719932630064,0.11901915029024358,89,0.08810804903605705,servicos,1,3
2014-09-01,0.04751161034244484,0.1036333542239149,89,-0.05612174388147006,servicos,1,3
2014-10-01,0.06406591883887974,0.049616364989800876,89,0.014449553849078867,servicos,1,3
2014-11-01,0.0943349340355769,0.09923385743422922,89,-0.004898923398652319,servicos,1,3
2014-12-01,0.16193751050325114,0.13599286425275023,89,0.025944646250500913,servicos,1,3
2015-01-01,0.08802952805067513,0.060817275725957375,89,0.027212252324717752,servicos,1,3
2015-02-01,0.1328403302186574,0.12722152874421092,89,0.005618801474446489,servicos,1,3
2015-03-01,0.18105596730848064,0.1200944826554051,89,0.06096148465307555,servicos,1,3
2015-04-01,0.2504353425899763,0.08490330466095848,89,0.16553203792901783,servicos,1,3
2015-05-01,0.2655456498459396,0.12574484439568237,89,0.13980080545025722,servicos,1,3
2015-06-01,0.3344199802826158,0.03567203417679921,89,0.2987479461058166,servicos,1,3
2015-07-01,0.30792819917415276,0.029491733328085697,89,0.27843646584606707,servicos,1,3
2015-08-01,0.19330510977650883,0.009766663384857734,89,0.1835384463916511,servicos,1,3
2015-09-01,0.13883769263950435,0.18435878331568695,89,-0.045521090676182596,servicos,1,3
2015-10-01,0.06475376022315787,0.023288173549768525,89,0.04146558667338935,servicos,1,3
2015-11-01,0.2029761689628094,0.04322312067317012,89,0.15975304828963927,servicos,1,3
2015-12-01,0.16809861292578954,0.06710350925815946,89,0.10099510366763008,servicos,1,3
2016-01-01,0.18293519202546868,0.2476305319335721,89,-0.06469533990810342,servicos,1,3
2016-02-01,0.2132153223444199,0.30974555960908584,89,-0.09653023726466595,servicos,1,3
2016-03-01,0.24837936563032018,0.2635295284375465,89,-0.015150162807226336,servicos,1,3
2016-04-01,0.251829851131316,0.21539489394635966,89,0.036434957184956346,servicos,1,3
2016-05-01,0.27374792348558363,0.11100511521571078,89,0.16274280826987286,servicos,1,3
2016-06-01,0.19319635092505755,0.1591059635223673,89,0.03409038740269024,servicos,1,3
2016-07-01,0.07024383212503808,0.14473335058689407,89,-0.07448951846185599,servicos,1,3
2016-08-01,0.07026058119568494,0.1746208596033608,89,-0.10436027840767585,servicos,1,3
2016-09-01,0.05412520127115184,0.10880889936932318,89,-0.05468369809817134,servicos,1,3
2016-10-01,0.2949528357274257,0.1124212297937297,89,0.182531605933696,servicos,1,3
2016-11-01,0.31985375726317167,0.11457857282757719,89,0.20527518443559448,servicos,1,3
2016-12-01,0.337286893654438,0.1533095598651751,89,0.18397733378926287,servicos,1,3
2017-01-01,0.14183940979836074,0.19827370568533623,89,-0.05643429588697549,servicos,1,3
2017-02-01,0.180810431046512,0.17994723468881124,89,0.0008631963577007684,servicos,1,3
2017-03-01,0.1860046846243935,0.2773677301450432,89,-0.09136304552064967,servicos,1,3
2017-04-01,0.17357525423837594,0.2863739783131216,89,-0.11279872407474567,servicos,1,3
2017-05-01,0.16551527828417542,0.3425828200060128,89,-0.1770675417218374,servicos,1,3
2017-06-01,0.12465427105149562,0.3911781163567763,89,-0.26652384530528067,servicos,1,3
2017-07-01,0.060091077925051514,0.26678454219350245,89,-0.20669346426845092,servicos,1,3
2017-08-01,0.04310336604954168,0.279588456170137,89,-0.23648509012059532,servicos,1,3
2017-09-01,0.02610937013329604,0.2556874884788233,89,-0.22957811834552724,servicos,1,3
2017-10-01,0.15292453667880201,0.26036050892392776,89,-0.10743597224512574,servicos,1,3
2017-11-01,0.1932622988272326,0.2899553231456567,89,-0.09669302431842411,servicos,1,3
2017-12-01,0.1927043011435026,0.34514804614623124,89,-0.15244374500272864,servicos,1,3
2018-01-01,0.13906788169952083,0.47145435365590166,89,-0.3323864719563808,servicos,1,3
2018-02-01,0.1331113328291719,0.5145242982517461,89,-0.3814129654225742,servicos,1,3
2018-03-01,0.13261424329529176,0.426884607235804,89,-0.29427036394051226,servicos,1,3
2018-04-01,0.13918852756763586,0.46733736595227193,89,-0.32814883838463604,servicos,1,3
2018-05-01,0.21542569101390688,0.4129490921341381,90,-0.19752340112023123,servicos,1,3
2018-06-01,0.2118313392755834,0.37458868619120267,90,-0.16275734691561927,servicos,1,3
2018-07-01,0.08437378631504555,0.3758173471791574,90,-0.29144356086411183,servicos,1,3
2018-08-01,0.028461781397440926,0.28798652515527656,90,-0.25952474375783563,servicos,1,3
2018-09-01,0.021275176949139624,0.2987828693545365,90,-0.2775076924053969,servicos,1,3
2018-10-01,0.06132671408340891,0.31821089312139006,90,-0.25688417903798116,servicos,1,3
2018-11-01,0.0539445560978722,0.36129135164449544,90,-0.30734679554662325,servicos,1,3
2018-12-01,0.016616930650139004,0.48820363710561887,90,-0.47158670645547984,servicos,1,3
2019-01-01,0.1489728972260263,0.4951049396477594,90,-0.3461320424217331,servicos,1,3
2019-02-01,0.015419154525913543,0.4941262638324974,90,-0.4787071093065839,servicos,1,3
2019-03-01,0.028576051574585808,0.3975266026637563,90,-0.36895055108917046,servicos,1,3
2019-04-01,0.04095182213605112,0.3681071979795145,90,-0.3271553758434634,servicos,1,3
2019-05-01,0.1747229780102844,0.3314482881665891,90,-0.1567253101563047,servicos,1,3
2019-06-01,0.21436138231167867,0.4278670115129015,90,-0.21350562920122285,servicos,1,3
2019-07-01,0.05724977800329823,0.372516808321705,90,-0.31526703031840675,servicos,1,3
2019-08-01,0.021612685196056344,0.3730544299499586,90,-0.3514417447539022,servicos,1,3
2019-09-01,0.05871901927689437,0.34402086320892394,90,-0.28530184393202956,servicos,1,3
2019-10-01,0.059735535098541646,0.29878839644427574,90,-0.23905286134573409,servicos,1,3
2019-11-01,0.12302967688122612,0.3539709771286125,90,-0.23094130024738635,servicos,1,3
2019-12-01,0.09209586816547558,0.5018450767412912,90,-0.40974920857581565,servicos,1,3
2020-01-01,0.03938056159094369,0.4174926306757636,87,-0.37811206908481987,servicos,1,3
2020-02-01,0.028397526550758393,0.44024068990377946,87,-0.41184316335302107,servicos,1,3
2020-03-01,0.028132197112487514,0.4085909962661002,87,-0.3804587991536127,servicos,1,3
2020-04-01,0.049516250570653814,0.42629077768427304,87,-0.37677452711361925,servicos,1,3
2020-05-01,0.029561019546245904,0.46915383812698747,87,-0.43959281858074156,servicos,1,3
2020-06-01,0.00920094334976717,0.39089371993893396,87,-0.3816927765891668,servicos,1,3
2020-07-01,0.05503640726886652,0.4188080963417604,87,-0.3637716890728939,servicos,1,3
2020-08-01,0.10071234558765084,0.4114419310896777,87,-0.31072958550202684,servicos,1,3
2020-09-01,0.08161774636784354,0.39901213061706003,87,-0.3173943842492165,servicos,1,3
2020-10-01,0.053016133290718845,0.1768464349735281,87,-0.12383030168280924,servicos,1,3
2020-11-01,0.12459641995825707,0.2836559175885358,87,-0.15905949763027874,servicos,1,3
2020-12-01,0.17052399219784284,0.24057686282147908,87,-0.07005287062363624,servicos,1,3
2021-01-01,0.07463085949175749,0.21924398429782885,87,-0.14461312480607136,servicos,1,3
2021-02-01,0.030886107655917774,0.1595540286289255,87,-0.12866792097300772,servicos,1,3
2021-03-01,0.005468547299512734,0.2865142430281724,87,-0.2810456957286597,servicos,1,3
2021-04-01,0.02341938587117754,0.3294901077504889,87,-0.3060707218793114,servicos,1,3
2021-05-01,0.04733055769606772,0.299671063981506,87,-0.2523405062854383,servicos,1,3
2021-06-01,0.07282687481770901,0.398701077429993,87,-0.325874202612284,servicos,1,3
2021-07-01,0.07697630518367536,0.3512820215870663,87,-0.2743057164033909,servicos,1,3
2021-08-01,0.08908971265628426,0.20014915551656062,87,-0.11105944286027636,servicos,1,3
2021-09-01,0.08818154799563314,0.1723905565380643,87,-0.08420900854243114,servicos,1,3
2021-10-01,0.1335562584190319,0.13803058445142033,87,-0.004474326032388426,servicos,1,3
2021-11-01,0.1809735690854886,0.3489275429924735,87,-0.16795397390698494,servicos,1,3
2021-12-01,0.08792383437055556,0.34785142508598227,87,-0.2599275907154267,servicos,1,3
2022-01-01,0.04298407011087978,0.2820837166513339,87,-0.23909964654045412,servicos,1,3
2022-02-01,0.09966814594318248,0.24654306086209454,87,-0.14687491491891208,servicos,1,3
2022-03-01,0.18818039028890304,0.23236147999867351,87,-0.04418108970977047,servicos,1,3
2022-04-01,0.18559091684746837,0.21746788230418565,87,-0.03187696545671728,servicos,1,3
2022-05-01,0.178330894907406,0.12867863786167863,87,0.04965225704572737,servicos,1,3
2022-06-01,0.1652409579786845,0.07762236909494427,87,0.08761858888374022,servicos,1,3
2022-07-01,0.21129792592863633,0.04426230507937089,87,0.16703562084926543,servicos,1,3
2022-08-01,0.13165640807792311,0.06926129122642107,87,0.06239511685150205,servicos,1,3
2022-09-01,0.10721938059910832,0.06327104309784004,87,0.04394833750126828,servicos,1,3
2022-10-01,0.20521858426525874,0.07160928619364647,87,0.13360929807161226,servicos,1,3
2022-11-01,0.1673023001615816,0.11691497956468015,87,0.050387320596901444,servicos,1,3
2022-12-01,0.15487823054222435,0.15977583688556354,87,-0.004897606343339189,servicos,1,3
2023-01-01,0.24738137416923278,0.126365787252256,87,0.12101558691697678,servicos,1,3
2023-02-01,0.24344906211589504,0.07560076242050696,87,0.16784829969538806,servicos,1,3
2023-03-01,0.21181113012590932,0.024708456096399146,87,0.18710267402951017,servicos,1,3
2023-04-01,0.19373597044735494,0.06666136415858034,87,0.1270746062887746,servicos,1,3
2023-05-01,0.16546137673947484,0.16890057535908415,87,-0.0034391986196093127,servicos,1,3
2023-06-01,0.10786013772625513,0.21710223255022432,87,-0.10924209482396918,servicos,1,3
2023-07-01,0.05960255205268074,0.18985796228138752,87,-0.1302554102287068,servicos,1,3
2023-08-01,0.06991910814241177,0.1407155683194029,87,-0.07079646017699114,servicos,1,3
2023-09-01,0.08671240512091703,0.13563951639026128,87,-0.04892711126934425,servicos,1,3
2023-10-01,0.07554854354749174,0.09323633388845062,87,-0.01768779034095888,servicos,1,3
2023-11-01,0.07494496434742187,0.12326816761243206,87,-0.04832320326501019,servicos,1,3
2023-12-01,0.030712926365100278,0.11780120040989606,87,-0.08708827404479577,servicos,1,3
2024-01-01,0.17795764562252017,0.1263734651233771,87,0.05158418049914307,servicos,1,3
2024-02-01,0.1819342670204603,0.10861288300794865,87,0.07332138401251166,servicos,1,3
2024-03-01,0.1595089342953388,0.09747590129730864,87,0.06203303299803016,servicos,1,3
2024-04-01,0.21786437836201478,0.07502969051999162,87,0.14283468784202316,servicos,1,3
2024-05-01,0.24869666800341744,0.14074823171121534,87,0.1079484362922021,servicos,1,3
2024-06-01,0.0852718589486298,0.2185574926269131,87,-0.13328563367828328,servicos,1,3
2024-07-01,0.07901267573709324,0.1271932628544528,87,-0.04818058711735955,servicos,1,3
2024-08-01,0.03839227790691248,0.10442746137353415,87,-0.06603518346662167,servicos,1,3
2024-09-01,0.09262239698875714,0.1629011631447537,87,-0.07027876615599656,servicos,1,3
2024-10-01,0.09032766803134393,0.15200293303770177,87,-0.06167526500635784,servicos,1,3
2024-11-01,0.05408814926173246,0.08553881294502907,87,-0.03145066368329662,servicos,1,3
2024-12-01,0.06136928505453072,0.20351922051509172,87,-0.14214993546056098,servicos,1,3
2025-01-01,0.1677907166693893,0.3032659681220975,87,-0.1354752514527082,servicos,1,3
2025-02-01,0.07641426011681754,0.22094687361831847,87,-0.14453261350150093,servicos,1,3
2025-03-01,0.05065062671840969,0.1357642057630687,87,-0.085113579044659,servicos,1,3
2025-04-01,0.05475848457244295,0.17049727886389648,87,-0.11573879429145353,servicos,1,3
2025-05-01,0.07193555524501584,0.17446024315259923,87,-0.10252468790758339,servicos,1,3
2025-06-01,0.14273287950194913,0.16937219991854308,87,-0.026639320416593948,servicos,1,3
2025-07-01,0.09951790733916895,0.09196463682838377,87,0.007553270510785179,servicos,1,3
2025-08-01,0.09466579387591824,0.09438941013891919,87,0.00027638373699905017,servicos,1,3
2025-09-01,0.06617751301243233,0.10050024448038516,87,-0.03432273146795284,servicos,1,3
2025-10-01,0.14408520416156528,0.09498140293259215,87,0.049103801228973135,servicos,1,3
2025-11-01,0.08331620140201935,0.13649854209677467,87,-0.05318234069475532,servicos,1,3
2025-12-01,0.09262460010712062,0.24018181554986176,87,-0.14755721544274114,servicos,1,3
2026-01-01,0.06216518923048873,0.3267926756210007,87,-0.264627486390512,servicos,1,3
2026-02-01,0.048829738677266706,0.24000612430018317,87,-0.19117638562291647,servicos,1,3
2026-03-01,0.13501120496466126,0.15735505372636904,87,-0.02234384876170778,servicos,1,3
2026-04-01,0.2435386640798226,0.138985125646711,87,0.1045535384331116,servicos,1,3
2026-05-01,0.1281248736768553,0.169584851617225,87,-0.04145997794036971,servicos,1,3
2026-06-01,0.0991969577441997,0.23595109504448664,87,-0.13675413730028693,servicos,1,3
2026-07-01,0.0621589376041784,0.10164056609496736,87,-0.039481628490788956,servicos,1,3
2009-07-01,0.0,0.0,97,0.0,servicos,1,4
2009-08-01,0.0,0.0,97,0.0,servicos,1,4
2009-09-01,0.0,0.0,97,0.0,servicos,1,4
2009-10-01,0.0173391866206093,0.013034548910452942,97,0.004304637710156357,servicos,1,4
2009-11-01,0.004641285677310054,0.055710134356102496,97,-0.05106884867879244,servicos,1,4
2009-12-01,0.0067586877421445726,0.08142833993783422,97,-0.07466965219568965,servicos,1,4
2010-01-01,0.009714467828940379,0.17294821704694344,97,-0.16323374921800304,servicos,1,4
2010-02-01,0.03368194766047412,0.28260560586051087,97,-0.24892365820003676,servicos,1,4
2010-03-01,0.041092212600864444,0.2968298691528124,97,-0.25573765655194797,servicos,1,4
2010-04-01,0.14268673990900313,0.29155606995125377,97,-0.14886933004225064,servicos,1,4
2010-05-01,0.14542058726180906,0.1761519457184737,97,-0.030731358456664637,servicos,1,4
2010-06-01,0.05064383007258043,0.20188998614561576,97,-0.15124615607303532,servicos,1,4
2010-07-01,0.049448531032435725,0.2675792672354257,97,-0.21813073620298995,servicos,1,4
2010-08-01,0.026330538788613283,0.18785268044474052,97,-0.16152214165612724,servicos,1,4
2010-09-01,0.024219386051742214,0.35013266483532574,97,-0.3259132787835835,servicos,1,4
2010-10-01,0.032642160099787224,0.1755580013207132,97,-0.142915841220926,servicos,1,4
2010-11-01,0.03962050610974553,0.1509045252789616,97,-0.11128401916921606,servicos,1,4
2010-12-01,0.048151984138726955,0.16283845766874797,97,-0.11468647353002101,servicos,1,4
2011-01-01,0.055347103071177954,0.14142379643427513,97,-0.08607669336309717,servicos,1,4
2011-02-01,0.05483523224719034,0.03135739087449301,97,0.02347784137269733,servicos,1,4
2011-03-01,0.022187570008607375,0.06717583803987691,97,-0.044988268031269533,servicos,1,4
2011-04-01,0.028274341116625388,0.11974893495159677,97,-0.09147459383497139,servicos,1,4
2011-05-01,0.04465126192210007,0.07165692769479425,97,-0.027005665772694178,servicos,1,4
2011-06-01,0.03504747584769843,0.1297771831786323,97,-0.09472970733093386,servicos,1,4
2011-07-01,0.06294992163726466,0.22351531393794147,97,-0.1605653923006768,servicos,1,4
2011-08-01,0.04863853362409383,0.1125331525903224,97,-0.06389461896622857,servicos,1,4
2011-09-01,0.022257406359090477,0.1919078450797245,97,-0.169650438720634,servicos,1,4
2011-10-01,0.011430969415950754,0.12366311148150448,97,-0.11223214206555372,servicos,1,4
2011-11-01,0.04480360489455624,0.16090572383594415,97,-0.11610211894138792,servicos,1,4
2011-12-01,0.03619867953757157,0.19014599729272622,97,-0.15394731775515463,servicos,1,4
2012-01-01,0.0063709576520634,0.1638175700146845,89,-0.15744661236262109,servicos,1,4
2012-02-01,0.006360060534324215,0.06240376658017337,89,-0.05604370604584915,servicos,1,4
2012-03-01,0.019094100802207213,0.07364680653534092,89,-0.054552705733133706,servicos,1,4
2012-04-01,0.025582184849810348,0.06516161464487867,89,-0.03957942979506832,servicos,1,4
2012-05-01,0.025040109643852344,0.036693016699901916,89,-0.011652907056049572,servicos,1,4
2012-06-01,0.019975006897447134,0.18123569794050343,89,-0.1612606910430563,servicos,1,4
2012-07-01,0.020368175252456554,0.07331441933373493,89,-0.052946244081278376,servicos,1,4
2012-08-01,0.03979980316999896,0.049495623122345386,89,-0.009695819952346425,servicos,1,4
2012-09-01,0.035557166950998836,0.09503384469960603,89,-0.059476677748607196,servicos,1,4
2012-10-01,0.024996026971189866,0.09208021301921,89,-0.06708418604802013,servicos,1,4
2012-11-01,0.008960993323181444,0.0933615764059714,89,-0.08440058308278996,servicos,1,4
2012-12-01,0.02294284185943351,0.05027920205617963,89,-0.027336360196746123,servicos,1,4
2013-01-01,0.035288549418984204,0.16799516908212558,89,-0.13270661966314137,servicos,1,4
2013-02-01,0.025305296153594982,0.044981388362828965,89,-0.019676092209233983,servicos,1,4
2013-03-01,0.03398740317938301,0.0758762123871981,89,-0.0418888092078151,servicos,1,4
2013-04-01,0.03597068574193192,0.07669503495436289,89,-0.04072434921243097,servicos,1,4
2013-05-01,0.011209816619729276,0.08981804731807976,89,-0.07860823069835048,servicos,1,4
2013-06-01,0.019454912495018,0.11191111139914,89,-0.092456198904122,servicos,1,4
2013-07-01,0.03984274051212964,0.14979808218557006,89,-0.10995534167344043,servicos,1,4
2013-08-01,0.05445378692696756,0.10336329370832126,89,-0.048909506781353695,servicos,1,4
2013-09-01,0.035865684603261394,0.0889099739474446,89,-0.053044289344183204,servicos,1,4
2013-10-01,0.028496541775608248,0.08998467304645741,89,-0.061488131270849164,servicos,1,4
2013-11-01,0.03430442025336071,0.13079004119371376,89,-0.09648562094035305,servicos,1,4
2013-12-01,0.026058316380897024,0.06795182279053247,89,-0.04189350640963545,servicos,1,4
2014-01-01,0.15714688725100762,0.08192144439076114,89,0.07522544286024647,servicos,1,4
2014-02-01,0.16200199798907897,0.02290898157517838,89,0.1390930164139006,servicos,1,4
2014-03-01,0.15562063296341963,0.06528077476366625,89,0.09033985819975338,servicos,1,4
2014-04-01,0.014290098034465494,0.09793756157436569,89,-0.08364746353990019,servicos,1,4
2014-05-01,0.1067152491036411,0.11801196008128713,89,-0.011296710977646035,servicos,1,4
2014-06-01,0.13847137418752806,0.16709234330955786,89,-0.0286209691220298,servicos,1,4
2014-07-01,0.1347417326786829,0.13211948443060212,89,0.002622248248080772,servicos,1,4
2014-08-01,0.17778463476880157,0.10093276506020224,89,0.07685186970859934,servicos,1,4
2014-09-01,0.0284529720869691,0.0172652621767986,89,0.011187709910170499,servicos,1,4
2014-10-01,0.039617041708424505,0.04586218786353485,89,-0.006245146155110348,servicos,1,4
2014-11-01,0.05730578576407715,0.019989414710969974,89,0.03731637105310717,servicos,1,4
2014-12-01,0.027764132528407256,0.07181315200951432,89,-0.044049019481107066,servicos,1,4
2015-01-01,0.0417784293438247,0.0487452848853615,89,-0.0069668555415368025,servicos,1,4
2015-02-01,0.07509117515733621,0.059760060229380074,89,0.015331114927956135,servicos,1,4
2015-03-01,0.12025065233376063,0.1006025546756551,89,0.01964809765810553,servicos,1,4
2015-04-01,0.09482911571241762,0.04766426379461029,89,0.047164851917807324,servicos,1,4
2015-05-01,0.22074330050652705,0.06555944630222124,89,0.1551838542043058,servicos,1,4
2015-06-01,0.2456063095629313,0.013250082155767335,89,0.23235622740716397,servicos,1,4
2015-07-01,0.2743367475787064,0.029491733328085697,89,0.24484501425062072,servicos,1,4
2015-08-01,0.11583144629319682,0.0,89,0.11583144629319682,servicos,1,4
2015-09-01,0.11627321804373686,0.0025815981072637674,89,0.11369161993647309,servicos,1,4
2015-10-01,0.014923027560782363,0.014736407865529051,89,0.00018661969525331223,servicos,1,4
2015-11-01,0.023446612628182588,0.0027501141773807213,89,0.020696498450801865,servicos,1,4
2015-12-01,0.1510109408612794,0.01635190244288712,89,0.13465903841839227,servicos,1,4
2016-01-01,0.15804625307674725,0.06719649110020837,89,0.09084976197653888,servicos,1,4
2016-02-01,0.15358959337469708,0.2059289537453732,89,-0.05233936037067613,servicos,1,4
2016-03-01,0.186542371200476,0.237215913786549,89,-0.050673542586072984,servicos,1,4
2016-04-01,0.1981332707121288,0.20622992786434133,89,-0.008096657152212527,servicos,1,4
2016-05-01,0.20310860375993028,0.08073488050790309,89,0.1223737232520272,servicos,1,4
2016-06-01,0.17256701010644226,0.08258294693625924,89,0.08998406317018302,servicos,1,4
2016-07-01,0.03712682349934972,0.11995046699273713,89,-0.08282364349338742,servicos,1,4
2016-08-01,0.061190048629589336,0.09314991283375496,89,-0.03195986420416562,servicos,1,4
2016-09-01,0.013825246016219272,0.08668785253070917,89,-0.07286260651448989,servicos,1,4
2016-10-01,0.023494070218012447,0.10308296476052553,89,-0.07958889454251308,servicos,1,4
2016-11-01,0.27726708885552004,0.07882418228112555,89,0.1984429065743945,servicos,1,4
2016-12-01,0.27701626691417125,0.06887466822985361,89,0.20814159868431764,servicos,1,4
2017-01-01,0.12970597121110233,0.14575394621004656,89,-0.016047974998944226,servicos,1,4
2017-02-01,0.1348079063594207,0.13145571900037967,89,0.0033521873590410256,servicos,1,4
2017-03-01,0.17500096523854264,0.12868238504008958,89,0.04631858019845306,servicos,1,4
2017-04-01,0.17297194954062198,0.24014415131395273,89,-0.06717220177333075,servicos,1,4
2017-05-01,0.15916984897622383,0.24256874748133792,89,-0.08339889850511409,servicos,1,4
2017-06-01,0.11871332875025979,0.29103263041775246,89,-0.17231930166749265,servicos,1,4
2017-07-01,0.004258147403770321,0.2236847126466024,89,-0.21942656524283208,servicos,1,4
2017-08-01,0.0036722274682614627,0.22652715381704996,89,-0.2228549263487885,servicos,1,4
2017-09-01,0.024828533107889066,0.20704746406981994,89,-0.18221893096193087,servicos,1,4
2017-10-01,0.023216800071036242,0.21379371582966525,89,-0.190576915758629,servicos,1,4
2017-11-01,0.14537429557800682,0.2261892674011271,89,-0.08081497182312028,servicos,1,4
2017-12-01,0.17213140761235135,0.2637480486845278,89,-0.09161664107217643,servicos,1,4
2018-01-01,0.13906788169952083,0.3129694589545125,89,-0.17390157725499167,servicos,1,4
2018-02-01,0.12620029614189393,0.4471393074346867,89,-0.3209390112927928,servicos,1,4
2018-03-01,0.1251798515651434,0.3739679287107924,89,-0.24878807714564896,servicos,1,4
2018-04-01,0.1262378192270638,0.37694142173507905,89,-0.25070360250801527,servicos,1,4
2018-05-01,0.12643059320619748,0.3900879372066005,90,-0.263657344000403,servicos,1,4
2018-06-01,0.2118313392755834,0.2692356181999269,90,-0.05740427892434352,servicos,1,4
2018-07-01,0.08419869733801086,0.3039926653635802,90,-0.21979396802556936,servicos,1,4
2018-08-01,0.0,0.24141473109326803,90,-0.24141473109326803,servicos,1,4
2018-09-01,0.001476560788261183,0.23779297030048802,90,-0.23631640951222682,servicos,1,4
2018-10-01,0.019838655783092272,0.24990850796378508,90,-0.2300698521806928,servicos,1,4
2018-11-01,0.03810571984559926,0.238944715602769,90,-0.20083899575716974,servicos,1,4
2018-12-01,0.009335067717499425,0.3144240824342591,90,-0.3050890147167597,servicos,1,4
2019-01-01,0.010736010700977738,0.44989967833370487,90,-0.43916366763272713,servicos,1,4
2019-02-01,0.004426399172040443,0.4255807658625905,90,-0.42115436669055006,servicos,1,4
2019-03-01,0.004438536266553297,0.3647753447083384,90,-0.3603368084417851,servicos,1,4
2019-04-01,0.011307830656785336,0.28053050499381355,90,-0.26922267433702823,servicos,1,4
2019-05-01,0.04047802621434078,0.3010220661794223,90,-0.2605440399650815,servicos,1,4
2019-06-01,0.13477316180096266,0.3180347582099808,90,-0.18326159640901812,servicos,1,4
2019-07-01,0.04861727768616009,0.3342001775973614,90,-0.28558289991120134,servicos,1,4
2019-08-01,0.008602553159082184,0.31737423803464504,90,-0.30877168487556284,servicos,1,4
2019-09-01,0.009232350664348533,0.30540996713156254,90,-0.296177616467214,servicos,1,4
2019-10-01,0.043598747271519404,0.2900794027395527,90,-0.24648065546803327,servicos,1,4
2019-11-01,0.025484267429994094,0.26345222410737135,90,-0.23796795667737725,servicos,1,4
2019-12-01,0.07765435141129415,0.3089176602910419,90,-0.23126330887974775,servicos,1,4
2020-01-01,0.03938056159094369,0.35244052643961304,87,-0.3130599648486694,servicos,1,4
2020-02-01,0.028397526550758393,0.3700135873332778,87,-0.34161606078251944,servicos,1,4
2020-03-01,0.028121190775589045,0.3404342550223291,87,-0.31231306424674005,servicos,1,4
2020-04-01,0.0,0.3501119306524979,87,-0.3501119306524979,servicos,1,4
2020-05-01,0.020361816993535845,0.40416627764566326,87,-0.3838044606521274,servicos,1,4
2020-06-01,0.00920094334976717,0.3073684152927722,87,-0.298167471943005,servicos,1,4
2020-07-01,0.0008783715374785537,0.38041149380624933,87,-0.3795331222687708,servicos,1,4
2020-08-01,0.01489101030283595,0.3355588993863248,87,-0.32066788908348887,servicos,1,4
2020-09-01,0.030575990694623224,0.357906951744896,87,-0.32733096105027276,servicos,1,4
2020-10-01,0.039867709795311485,0.15437099620638386,87,-0.11450328641107238,servicos,1,4
2020-11-01,0.0033937094671344556,0.1327295719953221,87,-0.12933586252818763,servicos,1,4
2020-12-01,0.11491809710919351,0.19772427673382056,87,-0.08280617962462705,servicos,1,4
2021-01-01,0.050995049659966575,0.20151214527070305,87,-0.15051709561073648,servicos,1,4
2021-02-01,0.0,0.15550647125294956,87,-0.15550647125294956,servicos,1,4
2021-03-01,0.0,0.09210995258501481,87,-0.09210995258501481,servicos,1,4
2021-04-01,0.0,0.13863262584571606,87,-0.13863262584571606,servicos,1,4
2021-05-01,0.01734102384211071,0.2292718552681519,87,-0.2119308314260412,servicos,1,4
2021-06-01,0.018444238449609716,0.27381911535807,87,-0.2553748769084603,servicos,1,4
2021-07-01,0.07280133876870339,0.3274916616482142,87,-0.2546903228795108,servicos,1,4
2021-08-01,0.07462162754990129,0.10991884185128316,87,-0.03529721430138187,servicos,1,4
2021-09-01,0.023985310431888604,0.12535568941215244,87,-0.10137037898026384,servicos,1,4
2021-10-01,0.07958544241827234,0.11269189458630285,87,-0.033106452168030515,servicos,1,4
2021-11-01,0.0939181087198993,0.11966425352626497,87,-0.02574614480636568,servicos,1,4
2021-12-01,0.06846270680278888,0.3410332364051417,87,-0.27257052960235284,servicos,1,4
2022-01-01,0.04297196533191304,0.23581319905098533,87,-0.1928412337190723,servicos,1,4
2022-02-01,0.03944434864944172,0.24438313564269876,87,-0.20493878699325704,servicos,1,4
2022-03-01,0.08784062851406228,0.23147514493387158,87,-0.1436345164198093,servicos,1,4
2022-04-01,0.10787462519197484,0.21596560298383755,87,-0.1080909777918627,servicos,1,4
2022-05-01,0.12064863147799156,0.1214488831602,87,-0.0008002516822084443,servicos,1,4
2022-06-01,0.09377972343487062,0.023830573372680047,87,0.06994915006219057,servicos,1,4
2022-07-01,0.1047616434012087,0.03166907554108198,87,0.07309256786012672,servicos,1,4
2022-08-01,0.0584845006432331,0.003085108626554229,87,0.05539939201667887,servicos,1,4
2022-09-01,0.07238479489582152,0.0077260980369921635,87,0.06465869685882936,servicos,1,4
2022-10-01,0.06480618129339169,0.045299591991875464,87,0.019506589301516226,servicos,1,4
2022-11-01,0.14357000285143998,0.05493180306054557,87,0.0886381997908944,servicos,1,4
2022-12-01,0.14187855844039707,0.0654127045637464,87,0.07646585387665067,servicos,1,4
2023-01-01,0.14219346324412369,0.0625141185842181,87,0.07967934465990559,servicos,1,4
2023-02-01,0.19990083783125806,0.055940526450172494,87,0.14396031138108556,servicos,1,4
2023-03-01,0.1909722834812371,0.0220973518462977,87,0.16887493163493938,servicos,1,4
2023-04-01,0.14593386004913658,0.00594764657016102,87,0.13998621347897555,servicos,1,4
2023-05-01,0.14257068318738333,0.06386956957015907,87,0.07870111361722426,servicos,1,4
2023-06-01,0.00010562729409279359,0.14276995842392343,87,-0.14266433112983062,servicos,1,4
2023-07-01,0.059558631917055356,0.11517323565495169,87,-0.05561460373789633,servicos,1,4
2023-08-01,0.05943475132918832,0.108010808977066,87,-0.048576057647877674,servicos,1,4
2023-09-01,0.011197263863800183,0.11022753470509787,87,-0.09903027084129769,servicos,1,4
2023-10-01,0.058211353609723314,0.06592164080988692,87,-0.007710287200163611,servicos,1,4
2023-11-01,0.05310319221402656,0.07039593510909192,87,-0.017292742895065362,servicos,1,4
2023-12-01,0.023651002781437565,0.03643390425999122,87,-0.012782901478553654,servicos,1,4
2024-01-01,0.014999530439274059,0.06904010048599536,87,-0.054040570046721303,servicos,1,4
2024-02-01,0.13821088208246204,0.026452516093509293,87,0.11175836598895275,servicos,1,4
2024-03-01,0.13249332696140712,0.0767982236312986,87,0.05569510333010852,servicos,1,4
2024-04-01,0.14435414386512355,0.01702256479519363,87,0.12733157906992992,servicos,1,4
2024-05-01,0.1916871538251414,0.04132884650032838,87,0.15035830732481303,servicos,1,4
2024-06-01,0.05942969827059666,0.060511666055878405,87,-0.0010819677852817455,servicos,1,4
2024-07-01,0.03520553757097774,0.11193704558267127,87,-0.07673150801169354,servicos,1,4
2024-08-01,0.03273103877628797,0.08973616763784362,87,-0.05700512886155565,servicos,1,4
2024-09-01,0.017999599815567174,0.10371446550729177,87,-0.0857148656917246,servicos,1,4
2024-10-01,0.08314929103706743,0.11399274305949586,87,-0.030843452022428428,servicos,1,4
2024-11-01,0.035954853220524656,0.012358843477956858,87,0.0235960097425678,servicos,1,4
2024-12-01,0.034600715032881604,0.0639275526586461,87,-0.02932683762576449,servicos,1,4
2025-01-01,0.030387272175678513,0.13080499871648268,87,-0.10041772654080416,servicos,1,4
2025-02-01,0.05391175854606381,0.18873187815605147,87,-0.13482011960998766,servicos,1,4
2025-03-01,0.0212842260559746,0.12804065578741433,87,-0.10675642973143973,servicos,1,4
2025-04-01,0.04210461775628898,0.13323931983276108,87,-0.09113470207647209,servicos,1,4
2025-05-01,0.01854213247624371,0.14491044810881312,87,-0.12636831563256942,servicos,1,4
2025-06-01,0.0435183568976552,0.14245359865014254,87,-0.09893524175248733,servicos,1,4
2025-07-01,0.09275987124776068,0.017588371517208233,87,0.07517149973055245,servicos,1,4
2025-08-01,0.08474216306640482,0.023728271146992504,87,0.06101389191941232,servicos,1,4
2025-09-01,0.02644149396321511,0.06606756917058945,87,-0.039626075207374344,servicos,1,4
2025-10-01,0.03462071846767127,0.0884825837448285,87,-0.05386186527715722,servicos,1,4
2025-11-01,0.04611433320110378,0.08081445684056301,87,-0.034700123639459235,servicos,1,4
2025-12-01,0.030700192527612514,0.09706286822715364,87,-0.06636267569954113,servicos,1,4
2026-01-01,0.03855515134676773,0.18007935612144785,87,-0.1415242047746801,servicos,1,4
2026-02-01,0.03365187397807962,0.1892495421218967,87,-0.1555976681438171,servicos,1,4
2026-03-01,0.03447394127449291,0.15457679710394762,87,-0.12010285582945471,servicos,1,4
2026-04-01,0.12853381374722836,0.1264868579083518,87,0.0020469558388765685,servicos,1,4
2026-05-01,0.11811719322965691,0.13374372715355698,87,-0.015626533923900066,servicos,1,4
2026-06-01,0.005605980483096814,0.15017381429178261,87,-0.1445678338086858,servicos,1,4
2026-07-01,0.05527774648212826,0.07368825488717677,87,-0.018410508405048515,servicos,1,4
2009-07-01,0.0,0.0,226,0.0,bens,1,2
2009-08-01,0.24538427423795509,0.3920338362537243,226,-0.1466495620157692,bens,1,2
2009-09-01,0.13324946114103942,0.2944689071671968,226,-0.1612194460261574,bens,1,2
2009-10-01,0.08558973102504495,0.48387704002055704,226,-0.39828730899551207,bens,1,2
2009-11-01,0.08573309789602851,0.35929727950199025,226,-0.27356418160596174,bens,1,2
2009-12-01,0.2448023286046004,0.354188768786179,226,-0.10938644018157859,bens,1,2
2010-01-01,0.29990945791287044,0.19846347388772184,226,0.1014459840251486,bens,1,2
2010-02-01,0.3214927332955325,0.16700886329045928,226,0.15448387000507324,bens,1,2
2010-03-01,0.21553688365278237,0.3292318272882218,226,-0.11369494363543944,bens,1,2
2010-04-01,0.2388798879531872,0.18002267048860243,226,0.05885721746458478,bens,1,2
2010-05-01,0.37593933980147465,0.20491979681663675,226,0.1710195429848379,bens,1,2
2010-06-01,0.24658802167158936,0.30489084617062545,226,-0.05830282449903609,bens,1,2
2010-07-01,0.05175693144136709,0.39605869946548106,226,-0.34430176802411394,bens,1,2
2010-08-01,0.1033585732314213,0.43588530133104747,226,-0.3325267280996262,bens,1,2
2010-09-01,0.29101780335788624,0.22523484328870066,226,0.06578296006918558,bens,1,2
2010-10-01,0.36862203613795974,0.11233055691654419,226,0.25629147922141554,bens,1,2
2010-11-01,0.4073075188568296,0.1946048392563969,226,0.21270267960043268,bens,1,2
2010-12-01,0.38068107113117416,0.20084147784546613,226,0.17983959328570803,bens,1,2
2011-01-01,0.15323773409464037,0.20974008048932866,226,-0.05650234639468829,bens,1,2
2011-02-01,0.11928199525823997,0.24123123053321557,226,-0.1219492352749756,bens,1,2
2011-03-01,0.28859378289242865,0.21188571562229552,226,0.07670806727013313,bens,1,2
2011-04-01,0.3395406706968983,0.22030241374767628,226,0.11923825694922202,bens,1,2
2011-05-01,0.23641460525235464,0.1972066809763421,226,0.039207924276012524,bens,1,2
2011-06-01,0.23800576554428785,0.331296369463102,226,-0.09329060391881414,bens,1,2
2011-07-01,0.15379143173315066,0.2850848688178087,226,-0.13129343708465804,bens,1,2
2011-08-01,0.16380399461743222,0.21301982030685337,226,-0.04921582568942115,bens,1,2
2011-09-01,0.21506383975635468,0.16230233102963568,226,0.052761508726719,bens,1,2
2011-10-01,0.310223080976638,0.2564289478306692,226,0.05379413314596876,bens,1,2
2011-11-01,0.14449267562128518,0.32245401787803624,226,-0.17796134225675106,bens,1,2
2011-12-01,0.10661111969517191,0.2517484760052826,226,-0.1451373563101107,bens,1,2
2012-01-01,0.2906025061144202,0.24538335891283725,220,0.04521914720158293,bens,1,2
2012-02-01,0.15504849161363274,0.2600513184790015,220,-0.10500282686536874,bens,1,2
2012-03-01,0.11570873198780175,0.4630037013757944,220,-0.34729496938799265,bens,1,2
2012-04-01,0.11823585340387431,0.4771519566954625,220,-0.3589161032915882,bens,1,2
2012-05-01,0.2022837068882375,0.3956652238845229,220,-0.19338151699628542,bens,1,2
2012-06-01,0.16702891372498746,0.18643875208316338,220,-0.019409838358175918,bens,1,2
2012-07-01,0.3408698023018378,0.17510035734174867,220,0.1657694449600891,bens,1,2
2012-08-01,0.24808849798354993,0.15329073648920555,220,0.09479776149434438,bens,1,2
2012-09-01,0.3270379053866765,0.17749815208352582,220,0.14953975330315067,bens,1,2
2012-10-01,0.5066427949455559,0.10236197844073212,220,0.4042808165048237,bens,1,2
2012-11-01,0.4573100685256414,0.1344965737179304,220,0.322813494807711,bens,1,2
2012-12-01,0.2010295011427805,0.18339843805730166,220,0.01763106308547885,bens,1,2
2013-01-01,0.22460526840608777,0.2804602875230058,220,-0.05585501911691801,bens,1,2
2013-02-01,0.3736804069660342,0.1337744966062547,220,0.2399059103597795,bens,1,2
2013-03-01,0.37985824397255064,0.17741203658038243,220,0.2024462073921682,bens,1,2
2013-04-01,0.30203087742555185,0.2837835940154977,220,0.01824728341005416,bens,1,2
2013-05-01,0.35776043095772736,0.28740501402740526,220,0.0703554169303221,bens,1,2
2013-06-01,0.22450938148771984,0.2329395701247321,220,-0.008430188637012254,bens,1,2
2013-07-01,0.22810349318924733,0.34577279564380736,220,-0.11766930245456003,bens,1,2
2013-08-01,0.24908131616209292,0.24154923246353358,220,0.007532083698559344,bens,1,2
2013-09-01,0.2771285616652182,0.20918446268812033,220,0.06794409897709788,bens,1,2
2013-10-01,0.27029247730585465,0.1206293017575652,220,0.14966317554828945,bens,1,2
2013-11-01,0.2298682817235989,0.13271834923551853,220,0.09714993248808038,bens,1,2
2013-12-01,0.19194391089358415,0.17131929239022697,220,0.020624618503357173,bens,1,2
2014-01-01,0.24919278571468542,0.2546292410227139,228,-0.0054364553080284705,bens,1,2
2014-02-01,0.20532151396093454,0.16184337467317292,228,0.04347813928776162,bens,1,2
2014-03-01,0.4923489120321066,0.14127047296615586,228,0.35107843906595076,bens,1,2
2014-04-01,0.32837048499296,0.1437915603697043,228,0.1845789246232557,bens,1,2
2014-05-01,0.22828665426341066,0.18921361688400173,228,0.039073037379408926,bens,1,2
2014-06-01,0.3969438955618214,0.24318121267289802,228,0.1537626828889234,bens,1,2
2014-07-01,0.3618781068549229,0.17667126167898964,228,0.18520684517593325,bens,1,2
2014-08-01,0.3346669266987992,0.24010809907224248,228,0.09455882762655674,bens,1,2
2014-09-01,0.28393646818097956,0.1748327006613705,228,0.10910376751960907,bens,1,2
2014-10-01,0.20595002094094655,0.20731816278095772,228,-0.0013681418400111611,bens,1,2
2014-11-01,0.12480009377799732,0.4559341097928232,228,-0.33113401601482584,bens,1,2
2014-12-01,0.15826796465211218,0.27390151335584634,228,-0.11563354870373416,bens,1,2
2015-01-01,0.2126336898395722,0.23360071301247773,228,-0.020967023172905525,bens,1,2
2015-02-01,0.2546809884369314,0.32941748631130563,228,-0.07473649787437425,bens,1,2
2015-03-01,0.2797479393479056,0.10683320674037192,228,0.17291473260753368,bens,1,2
2015-04-01,0.40286328007022715,0.10717541824381349,228,0.29568786182641366,bens,1,2
2015-05-01,0.3253163415925813,0.1770301637201546,228,0.14828617787242673,bens,1,2
2015-06-01,0.277472434932968,0.24439435449462169,228,0.03307808043834634,bens,1,2
2015-07-01,0.37644134657830436,0.13139626100428223,228,0.24504508557402213,bens,1,2
2015-08-01,0.16968622484874066,0.13194034050935696,228,0.037745884339383695,bens,1,2
2015-09-01,0.14540817045502588,0.29471978354917355,228,-0.14931161309414767,bens,1,2
2015-10-01,0.38073617413219263,0.21580615814069132,228,0.1649300159915013,bens,1,2
2015-11-01,0.23237440597420234,0.17691502602398734,228,0.05545937995021499,bens,1,2
2015-12-01,0.2248926313417914,0.3742822141177465,228,-0.14938958277595507,bens,1,2
2016-01-01,0.3257133715594399,0.21228960906649152,228,0.11342376249294839,bens,1,2
2016-02-01,0.2748150530717272,0.13772357950969835,228,0.13709147356202886,bens,1,2
2016-03-01,0.28775590110750643,0.35477122720662263,228,-0.0670153260991162,bens,1,2
2016-04-01,0.24257765502524362,0.3433992881217473,228,-0.10082163309650369,bens,1,2
2016-05-01,0.18317807262376282,0.39876826195775394,228,-0.21559018933399113,bens,1,2
2016-06-01,0.18306220705750612,0.2625707150360747,228,-0.0795085079785686,bens,1,2
2016-07-01,0.28025438960320753,0.2464841697774091,228,0.03377021982579842,bens,1,2
2016-08-01,0.14476347304564768,0.3284611635380324,228,-0.1836976904923847,bens,1,2
2016-09-01,0.1514225680676347,0.4791978028644383,228,-0.3277752347968036,bens,1,2
2016-10-01,0.09053461536334935,0.34851458871275415,228,-0.2579799733494048,bens,1,2
2016-11-01,0.08697206518124376,0.3105254406385101,228,-0.22355337545726636,bens,1,2
2016-12-01,0.08106252449638218,0.4595340614376215,228,-0.3784715369412393,bens,1,2
2017-01-01,0.12494950142231856,0.3794762635788934,228,-0.2545267621565749,bens,1,2
2017-02-01,0.09516418110451645,0.36577406044634037,228,-0.2706098793418239,bens,1,2
2017-03-01,0.03345538953539021,0.4871335152467212,228,-0.453678125711331,bens,1,2
2017-04-01,0.0920057362989624,0.5040322807412198,228,-0.41202654444225734,bens,1,2
2017-05-01,0.08898704093986816,0.5370274875566118,228,-0.44804044661674364,bens,1,2
2017-06-01,0.06758323717317273,0.5381976302383834,228,-0.4706143930652107,bens,1,2
2017-07-01,0.07839220613839852,0.43888929583654984,228,-0.3604970896981513,bens,1,2
2017-08-01,0.08269589115692565,0.37589660248283374,228,-0.2932007113259081,bens,1,2
2017-09-01,0.0595771831090689,0.44053010903743206,228,-0.38095292592836316,bens,1,2
2017-10-01,0.027046668141173492,0.4961839954730725,228,-0.469137327331899,bens,1,2
2017-11-01,0.018523003817630303,0.6568861515749168,228,-0.6383631477572865,bens,1,2
2017-12-01,0.025423974573125462,0.36292165460282105,228,-0.3374976800296956,bens,1,2
2018-01-01,0.08778272154245458,0.34762873099740454,228,-0.25984600945494996,bens,1,2
2018-02-01,0.04488977259900496,0.5770549878007485,228,-0.5321652152017435,bens,1,2
2018-03-01,0.05294823408815581,0.34514781940173334,228,-0.29219958531357754,bens,1,2
2018-04-01,0.1267670004657662,0.35211050302748026,228,-0.22534350256171407,bens,1,2
2018-05-01,0.07353901023333877,0.34659607450057106,237,-0.2730570642672323,bens,1,2
2018-06-01,0.1532042850184764,0.3249608451041068,237,-0.17175656008563037,bens,1,2
2018-07-01,0.2006717386622272,0.199283439953898,237,0.0013882987083292109,bens,1,2
2018-08-01,0.17842421903776334,0.24697875923035098,237,-0.06855454019258764,bens,1,2
2018-09-01,0.16139533931397182,0.4900038317426239,237,-0.3286084924286521,bens,1,2
2018-10-01,0.11254239278845449,0.46227298753541907,237,-0.34973059474696455,bens,1,2
2018-11-01,0.14714276077092517,0.40309906992705485,237,-0.25595630915612966,bens,1,2
2018-12-01,0.07387015504441727,0.3339133024081367,237,-0.2600431473637195,bens,1,2
2019-01-01,0.10120624140527561,0.2564534932739468,237,-0.15524725186867117,bens,1,2
2019-02-01,0.15726864320208025,0.3649296526745914,237,-0.20766100947251112,bens,1,2
2019-03-01,0.09358980306650276,0.3273555473081116,237,-0.23376574424160884,bens,1,2
2019-04-01,0.17750908150378722,0.2764707412298827,237,-0.09896165972609547,bens,1,2
2019-05-01,0.060024537605037155,0.35797414291997504,237,-0.29794960531493786,bens,1,2
2019-06-01,0.09989473439335604,0.5510596350016865,237,-0.4511649006083305,bens,1,2
2019-07-01,0.13582705825485847,0.366936305769578,237,-0.2311092475147195,bens,1,2
2019-08-01,0.27786078653390456,0.2058610666884565,237,0.07199971984544806,bens,1,2
2019-09-01,0.10884313937737886,0.32328787963009015,237,-0.2144447402527113,bens,1,2
2019-10-01,0.07014907412027485,0.6331174072432588,237,-0.562968333122984,bens,1,2
2019-11-01,0.10780646240240821,0.5484680180616314,237,-0.44066155565922316,bens,1,2
2019-12-01,0.15851615874496552,0.35502597543553954,237,-0.19650981669057402,bens,1,2
2020-01-01,0.2600315053942148,0.3140097840146254,230,-0.0539782786204106,bens,1,2
2020-02-01,0.08696579265978786,0.36288331917815647,230,-0.2759175265183686,bens,1,2
2020-03-01,0.1419580774501345,0.36586886696007137,230,-0.22391078950993687,bens,1,2
2020-04-01,0.3098898564927742,0.3506433144656581,230,-0.04075345797288393,bens,1,2
2020-05-01,0.13920915838506007,0.3898105149459756,230,-0.25060135656091553,bens,1,2
2020-06-01,0.13634708973765405,0.4549226533591097,230,-0.31857556362145567,bens,1,2
2020-07-01,0.2151796399786769,0.393520463459495,230,-0.1783408234808181,bens,1,2
2020-08-01,0.24821054793889832,0.32638684748307945,230,-0.07817629954418112,bens,1,2
2020-09-01,0.4240710452970288,0.13003422975975584,230,0.294036815537273,bens,1,2
2020-10-01,0.3491004204556566,0.08968905837489,230,0.2594113620807666,bens,1,2
2020-11-01,0.2798666592819263,0.1791514933329641,230,0.10071516594896218,bens,1,2
2020-12-01,0.25026636472954134,0.12884173310082805,230,0.12142463162871328,bens,1,2
2021-01-01,0.21676416187737824,0.28883426270030393,230,-0.0720701008229257,bens,1,2
2021-02-01,0.21757086093615632,0.23325390971540058,230,-0.015683048779244257,bens,1,2
2021-03-01,0.21131847255630878,0.20428671003717475,230,0.007031762519134038,bens,1,2
2021-04-01,0.237874215957143,0.24494135376633028,230,-0.007067137809187274,bens,1,2
2021-05-01,0.36602021493403164,0.11462231890931461,230,0.251397896024717,bens,1,2
2021-06-01,0.4742698718831795,0.0955675712908114,230,0.3787023005923681,bens,1,2
2021-07-01,0.3632200123873099,0.18158419929805245,230,0.18163581308925744,bens,1,2
2021-08-01,0.39964989935469614,0.0571002413415691,230,0.34254965801312703,bens,1,2
2021-09-01,0.48353446793880006,0.105882757435104,230,0.37765171050369606,bens,1,2
2021-10-01,0.3998738318240264,0.16171243997531792,230,0.2381613918487085,bens,1,2
2021-11-01,0.4095640757931298,0.23017735371850137,230,0.17938672207462844,bens,1,2
2021-12-01,0.3621803546025467,0.18292911418757155,230,0.17925124041497517,bens,1,2
2022-01-01,0.3575671451885044,0.10756023013304568,230,0.25000691505545874,bens,1,2
2022-02-01,0.4722024711204542,0.2818087200255562,230,0.19039375109489803,bens,1,2
2022-03-01,0.4388695726642117,0.07936627558448232,230,0.3595032970797294,bens,1,2
2022-04-01,0.48619995908067926,0.036813748891768396,230,0.44938621018891084,bens,1,2
2022-05-01,0.4679527511112013,0.18093807716506666,230,0.28701467394613467,bens,1,2
2022-06-01,0.37553724807535305,0.17682124567333968,230,0.19871600240201337,bens,1,2
2022-07-01,0.5029082487899127,0.15554081982994822,230,0.3473674289599645,bens,1,2
2022-08-01,0.5328701635981672,0.13222503432418573,230,0.40064512927398144,bens,1,2
2022-09-01,0.30270869478234347,0.2379282863299301,230,0.06478040845241337,bens,1,2
2022-10-01,0.21176147041298068,0.26773354985299797,230,-0.05597207944001728,bens,1,2
2022-11-01,0.21227960068252694,0.23625956943273124,230,-0.023979968750204306,bens,1,2
2022-12-01,0.27821115902260546,0.3140827126617013,230,-0.03587155363909583,bens,1,2
2023-01-01,0.31649173847528717,0.3239280891840236,230,-0.007436350708736439,bens,1,2
2023-02-01,0.18923399228575344,0.2014221102575984,230,-0.012188117971844964,bens,1,2
2023-03-01,0.1365538690153301,0.3464968948591755,230,-0.20994302584384542,bens,1,2
2023-04-01,0.10048942556197901,0.2935494438947553,230,-0.19306001833277628,bens,1,2
2023-05-01,0.2842217018574377,0.23096589405725776,230,0.053255807800179966,bens,1,2
2023-06-01,0.10952678840355215,0.3958335401999821,230,-0.28630675179642995,bens,1,2
2023-07-01,0.0772282886822674,0.5768860118434432,230,-0.49965772316117585,bens,1,2
2023-08-01,0.07844741508570742,0.47491559497610614,230,-0.39646817989039873,bens,1,2
2023-09-01,0.11114700695930757,0.5320606011657177,230,-0.42091359420641017,bens,1,2
2023-10-01,0.1170282396589672,0.35551719577168167,230,-0.23848895611271448,bens,1,2
2023-11-01,0.12394701098461883,0.2881066012715467,230,-0.16415959028692786,bens,1,2
2023-12-01,0.10400639018727174,0.4102446074333312,230,-0.30623821724605943,bens,1,2
2024-01-01,0.1864195450716091,0.33881044650379105,230,-0.15239090143218195,bens,1,2
2024-02-01,0.19546937708960072,0.20359327575694636,230,-0.008123898667345641,bens,1,2
2024-03-01,0.14802690116206843,0.32155148389522914,230,-0.1735245827331607,bens,1,2
2024-04-01,0.1600855076008618,0.3391823838259291,230,-0.1790968762250673,bens,1,2
2024-05-01,0.22034414242037023,0.21919008784195138,230,0.001154054578418856,bens,1,2
2024-06-01,0.16235310646582435,0.30881009965177075,230,-0.1464569931859464,bens,1,2
2024-07-01,0.13440578267535583,0.36496457643706764,230,-0.23055879376171182,bens,1,2
2024-08-01,0.19418190164996893,0.18530082903513273,230,0.0088810726148362,bens,1,2
2024-09-01,0.23063818855985913,0.23206457260869418,230,-0.0014263840488350499,bens,1,2
2024-10-01,0.27188127921845084,0.30743391809700354,230,-0.0355526388785527,bens,1,2
2024-11-01,0.3479765043868818,0.2476683099208945,230,0.10030819446598732,bens,1,2
2024-12-01,0.36292137842328104,0.18595583900530577,230,0.17696553941797527,bens,1,2
2025-01-01,0.2596253434351844,0.16586462409457997,230,0.09376071934060443,bens,1,2
2025-02-01,0.3216221768635351,0.16193934895557205,230,0.15968282790796307,bens,1,2
2025-03-01,0.3826000741104245,0.14783360540538737,230,0.23476646870503715,bens,1,2
2025-04-01,0.31079602701417547,0.1375847518213952,230,0.17321127519278026,bens,1,2
2025-05-01,0.2849589711821004,0.145653131739443,230,0.1393058394426574,bens,1,2
2025-06-01,0.13803773559875165,0.2602058245085716,230,-0.12216808890981995,bens,1,2
2025-07-01,0.11584585360015161,0.29619754038679563,230,-0.18035168678664404,bens,1,2
2025-08-01,0.30432588344212386,0.2462742188309453,230,0.058051664611178555,bens,1,2
2025-09-01,0.28264928494468944,0.2462574199117976,230,0.03639186503289185,bens,1,2
2025-10-01,0.1541276681704936,0.3412834152582318,230,-0.18715574708773822,bens,1,2
2025-11-01,0.13336027888647503,0.3406793647585847,230,-0.20731908587210965,bens,1,2
2025-12-01,0.17221323953836132,0.3548838983422729,230,-0.1826706588039116,bens,1,2
2026-01-01,0.08126541866202293,0.2214921383806988,230,-0.1402267197186759,bens,1,2
2026-02-01,0.3103254750949176,0.2504504991835231,230,0.05987497591139451,bens,1,2
2026-03-01,0.382318877005166,0.17101692439891722,230,0.21130195260624876,bens,1,2
2026-04-01,0.35768013940819193,0.2009338995381258,230,0.15674623987006614,bens,1,2
2026-05-01,0.3720663879728223,0.24589959610726908,230,0.12616679186555324,bens,1,2
2026-06-01,0.10578383289138008,0.28226230904098937,230,-0.1764784761496093,bens,1,2
2026-07-01,0.08764274596680663,0.31687335487059154,230,-0.2292306089037849,bens,1,2
2009-07-01,0.0,0.0,226,0.0,bens,1,3
2009-08-01,0.0,0.0,226,0.0,bens,1,3
2009-09-01,0.04479907939337747,0.2034606223038419,226,-0.15866154291046444,bens,1,3
2009-10-01,0.04773842320080793,0.21364714740735868,226,-0.16590872420655076,bens,1,3
2009-11-01,0.025600814054409962,0.19470565348816332,226,-0.16910483943375337,bens,1,3
2009-12-01,0.02105366967404915,0.25316701581789547,226,-0.23211334614384632,bens,1,3
2010-01-01,0.18793608864159977,0.07057202877027112,226,0.11736405987132865,bens,1,3
2010-02-01,0.10967202841027783,0.10789041749977618,226,0.0017816109105016492,bens,1,3
2010-03-01,0.13732619681248692,0.09876805310528362,226,0.0385581437072033,bens,1,3
2010-04-01,0.09895193500335309,0.10099643325558898,226,-0.0020444982522358907,bens,1,3
2010-05-01,0.07350214179793102,0.1000291862347104,226,-0.026527044436779376,bens,1,3
2010-06-01,0.19324325121003638,0.10747068498965354,226,0.08577256622038285,bens,1,3
2010-07-01,0.014541754298780397,0.2015878791105747,226,-0.1870461248117943,bens,1,3
2010-08-01,0.013423577874610092,0.20728563945043693,226,-0.19386206157582683,bens,1,3
2010-09-01,0.05073509677034563,0.19881907374824798,226,-0.14808397697790235,bens,1,3
2010-10-01,0.13666206405059908,0.06541356732439535,226,0.07124849672620373,bens,1,3
2010-11-01,0.2594357836158542,0.023745309741295205,226,0.23569047387455896,bens,1,3
2010-12-01,0.3107478342171773,0.09718776935326001,226,0.21356006486391726,bens,1,3
2011-01-01,0.05066469075535022,0.07409376861497334,226,-0.023429077859623122,bens,1,3
2011-02-01,0.07301206359536981,0.12303298312491283,226,-0.05002091952954302,bens,1,3
2011-03-01,0.051353121418380006,0.10272670923677871,226,-0.0513735878183987,bens,1,3
2011-04-01,0.21274646134929814,0.0751584525081605,226,0.13758800884113764,bens,1,3
2011-05-01,0.09346153395029147,0.08585218809012748,226,0.007609345860163985,bens,1,3
2011-06-01,0.11119305793347674,0.07690709279014296,226,0.03428596514333378,bens,1,3
2011-07-01,0.07774030551603403,0.11501935091016612,226,-0.037279045394132085,bens,1,3
2011-08-01,0.09433890197968021,0.1043283836431052,226,-0.00998948166342499,bens,1,3
2011-09-01,0.07080648939908632,0.11272109640388894,226,-0.04191460700480262,bens,1,3
2011-10-01,0.07200948533286491,0.0935856900286902,226,-0.021576204695825288,bens,1,3
2011-11-01,0.0874186830158656,0.1431120419338232,226,-0.05569335891795761,bens,1,3
2011-12-01,0.04283219586429669,0.17413334188500146,226,-0.13130114602070475,bens,1,3
2012-01-01,0.033791056554397306,0.1367918369952158,220,-0.10300078044081849,bens,1,3
2012-02-01,0.0464301764253925,0.12907612241051886,220,-0.08264594598512635,bens,1,3
2012-03-01,0.04887154596456922,0.14082978327164372,220,-0.0919582373070745,bens,1,3
2012-04-01,0.04064175178053746,0.3644195827038504,220,-0.3237778309233129,bens,1,3
2012-05-01,0.04722310711561449,0.32694066862869453,220,-0.27971756151308,bens,1,3
2012-06-01,0.11036395632057991,0.10520703439113359,220,0.00515692192944632,bens,1,3
2012-07-01,0.07554645442732505,0.09164423612400224,220,-0.016097781696677194,bens,1,3
2012-08-01,0.1302137466018546,0.05950337136554056,220,0.07071037523631404,bens,1,3
2012-09-01,0.15454933936986048,0.062173727247528406,220,0.09237561212233208,bens,1,3
2012-10-01,0.2503225843532938,0.06152811584873452,220,0.18879446850455928,bens,1,3
2012-11-01,0.33519840430699943,0.045750438644118166,220,0.2894479656628813,bens,1,3
2012-12-01,0.14306870093961951,0.06219236947905758,220,0.08087633146056193,bens,1,3
2013-01-01,0.10008604037629844,0.08492925885617582,220,0.01515678152012262,bens,1,3
2013-02-01,0.17960918791004804,0.0472857122614105,220,0.13232347564863756,bens,1,3
2013-03-01,0.15931348373187537,0.09220060027900293,220,0.06711288345287245,bens,1,3
2013-04-01,0.24460122509851065,0.1054084644701772,220,0.13919276062833347,bens,1,3
2013-05-01,0.2272943627190207,0.2049457103018832,220,0.022348652417137516,bens,1,3
2013-06-01,0.13249078079271193,0.13974863320705302,220,-0.007257852414341098,bens,1,3
2013-07-01,0.1276270346125728,0.09632530272346077,220,0.03130173188911203,bens,1,3
2013-08-01,0.1372069763783067,0.0968157912480615,220,0.0403911851302452,bens,1,3
2013-09-01,0.19805263291117878,0.11609109087994329,220,0.08196154203123548,bens,1,3
2013-10-01,0.149736337083331,0.05514691399017385,220,0.09458942309315715,bens,1,3
2013-11-01,0.14209438222391546,0.08869273392459955,220,0.053401648299315915,bens,1,3
2013-12-01,0.13181724000828793,0.03530768929233423,220,0.0965095507159537,bens,1,3
2014-01-01,0.09236378084062204,0.08725748596818149,228,0.005106294872440548,bens,1,3
2014-02-01,0.1483871869800478,0.0876357992757372,228,0.0607513877043106,bens,1,3
2014-03-01,0.1745765276952569,0.03448875037835051,228,0.1400877773169064,bens,1,3
2014-04-01,0.2201636624705505,0.05656253049503018,228,0.16360113197552031,bens,1,3
2014-05-01,0.15480431499820624,0.05649043475358957,228,0.09831388024461667,bens,1,3
2014-06-01,0.12764758775338025,0.12715914389112143,228,0.000488443862258825,bens,1,3
2014-07-01,0.26148126488157397,0.11099600373170697,228,0.150485261149867,bens,1,3
2014-08-01,0.2392778536204831,0.1358259270609868,228,0.10345192655949628,bens,1,3
2014-09-01,0.24024855901739242,0.10958456094056611,228,0.13066399807682633,bens,1,3
2014-10-01,0.048543906184559546,0.11499092558983667,228,-0.06644701940527713,bens,1,3
2014-11-01,0.09237970041279064,0.17364280072454666,228,-0.08126310031175601,bens,1,3
2014-12-01,0.05881647597509251,0.15874759834582147,228,-0.09993112237072896,bens,1,3
2015-01-01,0.09398674242424243,0.16678086007130127,228,-0.07279411764705884,bens,1,3
2015-02-01,0.173023978623556,0.11821889053796078,228,0.05480508808559523,bens,1,3
2015-03-01,0.14487579823895125,0.05789799420485555,228,0.08697780403409569,bens,1,3
2015-04-01,0.15091777949017582,0.04720855596860102,228,0.1037092235215748,bens,1,3
2015-05-01,0.1491453424827322,0.05892179066806386,228,0.09022355181466835,bens,1,3
2015-06-01,0.1710942938627024,0.064603871460331,228,0.10649042240237139,bens,1,3
2015-07-01,0.22213818369946325,0.04724776962073009,228,0.17489041407873318,bens,1,3
2015-08-01,0.11659490643027999,0.07779935275080904,228,0.03879555367947095,bens,1,3
2015-09-01,0.07408649577949072,0.07153587080591295,228,0.0025506249735777753,bens,1,3
2015-10-01,0.10542524396928275,0.15175539218733225,228,-0.0463301482180495,bens,1,3
2015-11-01,0.11068397827562798,0.11189465942520933,228,-0.0012106811495813524,bens,1,3
2015-12-01,0.10284861371220975,0.08084543137558614,228,0.022003182336623614,bens,1,3
2016-01-01,0.14447615920247206,0.154619268539802,228,-0.010143109337329953,bens,1,3
2016-02-01,0.17582893982407316,0.10358706140657557,228,0.07224187841749759,bens,1,3
2016-03-01,0.16366763620091732,0.10818603870679047,228,0.055481597494126844,bens,1,3
2016-04-01,0.12875215689107594,0.22489740006057357,228,-0.09614524316949763,bens,1,3
2016-05-01,0.1165466987812889,0.27615156697367726,228,-0.15960486819238837,bens,1,3
2016-06-01,0.1238847050410362,0.13460594990284913,228,-0.010721244861812931,bens,1,3
2016-07-01,0.1342679386146827,0.19783768837273608,228,-0.06356974975805338,bens,1,3
2016-08-01,0.07631811560480352,0.16506632227365475,228,-0.08874820666885123,bens,1,3
2016-09-01,0.06136979048900605,0.23532623382066653,228,-0.1739564433316605,bens,1,3
2016-10-01,0.016487982350892133,0.24783671257720105,228,-0.23134873022630892,bens,1,3
2016-11-01,0.03565014965081476,0.21734840926726526,228,-0.1816982596164505,bens,1,3
2016-12-01,0.02545399961639708,0.18137468832262674,228,-0.15592068870622966,bens,1,3
2017-01-01,0.03333324046238587,0.1972272449926307,228,-0.16389400453024483,bens,1,3
2017-02-01,0.03230858565837154,0.23811424838498949,228,-0.20580566272661793,bens,1,3
2017-03-01,0.019558967758615358,0.19451056212360932,228,-0.17495159436499397,bens,1,3
2017-04-01,0.02720242949132525,0.3675870989511571,228,-0.34038466945983187,bens,1,3
2017-05-01,0.019298461952378818,0.3949262364916371,228,-0.3756277745392583,bens,1,3
2017-06-01,0.021913258844389407,0.39249950747234813,228,-0.37058624862795875,bens,1,3
2017-07-01,0.01013393586630079,0.32334214218500845,228,-0.31320820631870766,bens,1,3
2017-08-01,0.017683879732600452,0.22451011256987757,228,-0.20682623283727714,bens,1,3
2017-09-01,0.004715132198230108,0.2644365159521963,228,-0.2597213837539662,bens,1,3
2017-10-01,0.013856534315316582,0.2773489899149477,228,-0.26349245559963114,bens,1,3
2017-11-01,0.004163639089766214,0.4469828033632055,228,-0.4428191642734393,bens,1,3
2017-12-01,0.004631240720118782,0.29809298440979953,228,-0.29346174368968075,bens,1,3
2018-01-01,0.000391059510567297,0.2788543984056359,228,-0.27846333889506864,bens,1,3
2018-02-01,0.0211743118203946,0.2501410945463702,228,-0.2289667827259756,bens,1,3
2018-03-01,0.003095587550088529,0.25420219457646076,228,-0.2511066070263722,bens,1,3
2018-04-01,0.04532487191429903,0.18402421984163952,228,-0.1386993479273405,bens,1,3
2018-05-01,0.02703734352782116,0.24624991258537493,237,-0.21921256905755376,bens,1,3
2018-06-01,0.04771793308814737,0.19628779504708793,237,-0.14856986195894056,bens,1,3
2018-07-01,0.08107140570337557,0.14506702834224908,237,-0.06399562263887351,bens,1,3
2018-08-01,0.05665374563695999,0.10210829109150545,237,-0.045454545454545456,bens,1,3
2018-09-01,0.1040595996852706,0.16926064917325034,237,-0.06520104948797974,bens,1,3
2018-10-01,0.054386093697238416,0.3376124968801844,237,-0.283226403182946,bens,1,3
2018-11-01,0.05700106470034405,0.26213919710448436,237,-0.2051381324041403,bens,1,3
2018-12-01,0.05765632161426023,0.2089143971484205,237,-0.15125807553416026,bens,1,3
2019-01-01,0.050171385709426364,0.19912431932690045,237,-0.14895293361747408,bens,1,3
2019-02-01,0.0465847882615156,0.17794042533432394,237,-0.13135563707280834,bens,1,3
2019-03-01,0.04446081046600636,0.1122364361763819,237,-0.06777562571037554,bens,1,3
2019-04-01,0.0341470322194704,0.11226385922729915,237,-0.07811682700782874,bens,1,3
2019-05-01,0.030440519456468904,0.18803676011018775,237,-0.15759624065371886,bens,1,3
2019-06-01,0.032295022856012934,0.2315523478301327,237,-0.19925732497411977,bens,1,3
2019-07-01,0.05862466586299073,0.26884998631421403,237,-0.2102253204512233,bens,1,3
2019-08-01,0.0663032439562492,0.1283720685911728,237,-0.06206882463492361,bens,1,3
2019-09-01,0.016617273187386088,0.1704557755263843,237,-0.1538385023389982,bens,1,3
2019-10-01,0.04203074231808936,0.20352917350302172,237,-0.16149843118493235,bens,1,3
2019-11-01,0.04007534481696314,0.48945377941689916,237,-0.44937843459993604,bens,1,3
2019-12-01,0.08058105186580189,0.2764660500617485,237,-0.19588499819594662,bens,1,3
2020-01-01,0.012388990454443635,0.25121577582033255,230,-0.23882678536588892,bens,1,3
2020-02-01,0.030792027322503118,0.20701855834041094,230,-0.17622653101790783,bens,1,3
2020-03-01,0.05436445501410228,0.12752590250940757,230,-0.07316144749530529,bens,1,3
2020-04-01,0.09482718242315716,0.2707037006344871,230,-0.17587651821132996,bens,1,3
2020-05-01,0.0869080146528476,0.2709106865591035,230,-0.1840026719062559,bens,1,3
2020-06-01,0.06440075349800493,0.299522525419955,230,-0.23512177192195005,bens,1,3
2020-07-01,0.0926601261733878,0.31003209054546865,230,-0.21737196437208084,bens,1,3
2020-08-01,0.17696184509242108,0.2643926488140564,230,-0.08743080372163531,bens,1,3
2020-09-01,0.21633632063641212,0.05681645571856002,230,0.15951986491785208,bens,1,3
2020-10-01,0.20157426420260097,0.039873444244227466,230,0.1617008199583735,bens,1,3
2020-11-01,0.2044073053543983,0.018263385995763003,230,0.1861439193586353,bens,1,3
2020-12-01,0.13575179946076132,0.05712709794342447,230,0.07862470151733686,bens,1,3
2021-01-01,0.10063488698874844,0.05322862427476897,230,0.04740626271397947,bens,1,3
2021-02-01,0.09664075485294167,0.08505691648283667,230,0.011583838370105001,bens,1,3
2021-03-01,0.09583766127268752,0.15154849114366936,230,-0.055710829870981846,bens,1,3
2021-04-01,0.1455334932098362,0.051957569647778534,230,0.09357592356205766,bens,1,3
2021-05-01,0.1843195073082382,0.05341732738089101,230,0.1309021799273472,bens,1,3
2021-06-01,0.24562611930017908,0.022847499655599943,230,0.22277861964457912,bens,1,3
2021-07-01,0.24386484068543113,0.05892230403963939,230,0.18494253664579174,bens,1,3
2021-08-01,0.28825988930742913,0.03648435423003753,230,0.2517755350773916,bens,1,3
2021-09-01,0.2127522778064294,0.03650335224342444,230,0.17624892556300498,bens,1,3
2021-10-01,0.38141053262964125,0.04619616738311346,230,0.3352143652465278,bens,1,3
2021-11-01,0.287983570574513,0.143226824620707,230,0.14475674595380603,bens,1,3
2021-12-01,0.32471461781339994,0.09250199507303702,230,0.23221262274036292,bens,1,3
2022-01-01,0.19969297153763174,0.07083091306392278,230,0.12886205847370896,bens,1,3
2022-02-01,0.2931681797728108,0.07817657828477997,230,0.21499160148803081,bens,1,3
2022-03-01,0.3653472638520168,0.0458302646227627,230,0.31951699922925414,bens,1,3
2022-04-01,0.3748755370660847,0.01985269044533861,230,0.35502284662074607,bens,1,3
2022-05-01,0.3176310608674474,0.013615175931751605,230,0.3040158849356958,bens,1,3
2022-06-01,0.331484592703547,0.027764845589674042,230,0.30371974711387295,bens,1,3
2022-07-01,0.3042082090707741,0.09401654739705001,230,0.2101916616737241,bens,1,3
2022-08-01,0.398990951648388,0.09744098721320694,230,0.30154996443518106,bens,1,3
2022-09-01,0.24061435126120423,0.0814838622924367,230,0.15913048896876753,bens,1,3
2022-10-01,0.1681257734793968,0.13019008767736823,230,0.03793568580202858,bens,1,3
2022-11-01,0.1443962840201097,0.19557599649583882,230,-0.05117971247572911,bens,1,3
2022-12-01,0.12472233111198222,0.10674898732523193,230,0.017973343786750293,bens,1,3
2023-01-01,0.1444087122719356,0.24202386155341452,230,-0.09761514928147891,bens,1,3
2023-02-01,0.14845682436709895,0.10815934944492667,230,0.04029747492217228,bens,1,3
2023-03-01,0.08766064049077334,0.16451164304524069,230,-0.07685100255446735,bens,1,3
2023-04-01,0.03203272102742967,0.16932337495160343,230,-0.13729065392417378,bens,1,3
2023-05-01,0.02181232470762555,0.14770532359633806,230,-0.12589299888871253,bens,1,3
2023-06-01,0.057551956627510954,0.20659854961655197,230,-0.14904659298904102,bens,1,3
2023-07-01,0.045266942703521794,0.2987877418368635,230,-0.25352079913334175,bens,1,3
2023-08-01,0.014800516949463847,0.4200114209765269,230,-0.40521090402706306,bens,1,3
2023-09-01,0.023152822086715395,0.3702937177778675,230,-0.34714089569115214,bens,1,3
2023-10-01,0.040940214128986095,0.23716972621740504,230,-0.19622951208841893,bens,1,3
2023-11-01,0.0631065165920923,0.16989747011662054,230,-0.10679095352452825,bens,1,3
2023-12-01,0.07850656449587583,0.14951616669994888,230,-0.07100960220407306,bens,1,3
2024-01-01,0.06987363100252739,0.21995956192080876,230,-0.15008593091828137,bens,1,3
2024-02-01,0.058277666481296606,0.1412720852791606,230,-0.082994418797864,bens,1,3
2024-03-01,0.0691835302570921,0.1408147573623968,230,-0.07163122710530469,bens,1,3
2024-04-01,0.07816976207309025,0.17038528679557585,230,-0.0922155247224856,bens,1,3
2024-05-01,0.055732473423293835,0.13841964769557044,230,-0.0826871742722766,bens,1,3
2024-06-01,0.050367798328098186,0.14415888084939837,230,-0.0937910825213002,bens,1,3
2024-07-01,0.05176416357970051,0.11524599418124973,230,-0.06348183060154922,bens,1,3
2024-08-01,0.07485957711106911,0.10103696902595122,230,-0.02617739191488211,bens,1,3
2024-09-01,0.08707702811869408,0.14512274676951054,230,-0.05804571865081645,bens,1,3
2024-10-01,0.16580181179765777,0.16651218802643952,230,-0.0007103762287817561,bens,1,3
2024-11-01,0.19170774802236265,0.17191788674359162,230,0.019789861278771026,bens,1,3
2024-12-01,0.2763813709201994,0.11028860067527735,230,0.16609277024492203,bens,1,3
2025-01-01,0.15511447839480477,0.09572225459995004,230,0.05939222379485473,bens,1,3
2025-02-01,0.21526415544480965,0.08332560173894603,230,0.1319385537058636,bens,1,3
2025-03-01,0.13511799247545508,0.05823677279145927,230,0.0768812196839958,bens,1,3
2025-04-01,0.21764966032766825,0.0490006018667846,230,0.16864905846088366,bens,1,3
2025-05-01,0.18357124636836158,0.044798764994484215,230,0.13877248137387738,bens,1,3
2025-06-01,0.06967720110507132,0.08658824153701757,230,-0.016911040431946245,bens,1,3
2025-07-01,0.07092250456315102,0.1529328842771603,230,-0.08201037971400929,bens,1,3
2025-08-01,0.05081902011704585,0.15222310234994102,230,-0.10140408223289517,bens,1,3
2025-09-01,0.12090357293430325,0.13751681400531357,230,-0.016613241071010323,bens,1,3
2025-10-01,0.11668237829102418,0.20335667631809307,230,-0.08667429802706889,bens,1,3
2025-11-01,0.09591943279610637,0.2098587042557133,230,-0.11393927145960692,bens,1,3
2025-12-01,0.09092351366586891,0.16354485584761466,230,-0.07262134218174575,bens,1,3
2026-01-01,0.02204088244525215,0.09982349745033124,230,-0.07778261500507909,bens,1,3
2026-02-01,0.033169587163562476,0.10103352795799624,230,-0.06786394079443375,bens,1,3
2026-03-01,0.21324470921484784,0.11686767857567412,230,0.09637703063917372,bens,1,3
2026-04-01,0.2431014939008916,0.13002520852014146,230,0.11307628538075015,bens,1,3
2026-05-01,0.26302208777845526,0.11797777410976855,230,0.1450443136686867,bens,1,3
2026-06-01,0.031301018783293166,0.1832133745897545,230,-0.15191235580646134,bens,1,3
2026-07-01,0.016025199264461172,0.1462101933310698,230,-0.13018499406660863,bens,1,3
2009-07-01,0.0,0.0,226,0.0,bens,1,4
2009-08-01,0.0,0.0,226,0.0,bens,1,4
2009-09-01,0.0,0.0,226,0.0,bens,1,4
2009-10-01,0.009564417141252187,0.1471025881593651,226,-0.13753817101811291,bens,1,4
2009-11-01,0.014769700416005747,0.11297698500583607,226,-0.09820728458983033,bens,1,4
2009-12-01,0.007507000457233706,0.11281419875022787,226,-0.10530719829299416,bens,1,4
2010-01-01,0.008229468909401138,0.05806048689530287,226,-0.04983101798590173,bens,1,4
2010-02-01,0.03272553642305052,0.047261929630845446,226,-0.014536393207794929,bens,1,4
2010-03-01,0.039368477708339567,0.0662380767275663,226,-0.02686959901922674,bens,1,4
2010-04-01,0.06126076403107399,0.04218669325404597,226,0.019074070777028024,bens,1,4
2010-05-01,0.02768859761616269,0.04933652907862889,226,-0.021647931462466203,bens,1,4
2010-06-01,0.018782830158645937,0.036374784079989154,226,-0.017591953921343217,bens,1,4
2010-07-01,0.0034195012142778963,0.07231535137149805,226,-0.06889585015722016,bens,1,4
2010-08-01,0.00743207848179632,0.0698115341572017,226,-0.062379455675405385,bens,1,4
2010-09-01,0.008275430173262158,0.13478364596069542,226,-0.12650821578743326,bens,1,4
2010-10-01,0.01063055840125904,0.06245601532225736,226,-0.051825456920998325,bens,1,4
2010-11-01,0.10182835347970773,0.011905077711654834,226,0.0899232757680529,bens,1,4
2010-12-01,0.21477553286292386,0.006118245168076434,226,0.20865728769484743,bens,1,4
2011-01-01,0.02996992546746284,0.02150547007801944,226,0.0084644553894434,bens,1,4
2011-02-01,0.016750151085491147,0.04226907163776672,226,-0.025518920552275573,bens,1,4
2011-03-01,0.046993778214394315,0.03743012186279326,226,0.009563656351601058,bens,1,4
2011-04-01,0.025100633810032642,0.02348171026245298,226,0.0016189235475796634,bens,1,4
2011-05-01,0.02920581301242127,0.017752208029839192,226,0.011453604982582077,bens,1,4
2011-06-01,0.057763729751086526,0.025909829228675532,226,0.031853900522410994,bens,1,4
2011-07-01,0.030296909123910233,0.0484855936718718,226,-0.01818868454796157,bens,1,4
2011-08-01,0.025329212182466695,0.037930649492593095,226,-0.0126014373101264,bens,1,4
2011-09-01,0.0236529225723322,0.06935398852055756,226,-0.04570106594822536,bens,1,4
2011-10-01,0.019562035247965334,0.05582586802506001,226,-0.036263832777094676,bens,1,4
2011-11-01,0.03858461646464174,0.0601716431880938,226,-0.021587026723452064,bens,1,4
2011-12-01,0.03090844953398268,0.07397970339316587,226,-0.04307125385918319,bens,1,4
2012-01-01,0.016598148411411263,0.09890709272739405,220,-0.08230894431598279,bens,1,4
2012-02-01,0.006885954103303809,0.07849987677766343,220,-0.07161392267435962,bens,1,4
2012-03-01,0.007606443652955281,0.06276334474008892,220,-0.05515690108713364,bens,1,4
2012-04-01,0.03759690148567696,0.08781068264143681,220,-0.05021378115575985,bens,1,4
2012-05-01,0.009553926052787709,0.24752237968453636,220,-0.23796845363174865,bens,1,4
2012-06-01,0.025353409395503863,0.0862400503455429,220,-0.06088664095003904,bens,1,4
2012-07-01,0.04187453591980694,0.0782903285687767,220,-0.036415792648969755,bens,1,4
2012-08-01,0.04602659455891422,0.044778798467903266,220,0.0012477960910109512,bens,1,4
2012-09-01,0.08570001385937355,0.031535849579599,220,0.05416416427977455,bens,1,4
2012-10-01,0.1240735578539591,0.03261478686442261,220,0.09145877098953649,bens,1,4
2012-11-01,0.1412062570368804,0.019557526675849143,220,0.12164873036103124,bens,1,4
2012-12-01,0.08874311264306156,0.014589355163627336,220,0.07415375747943423,bens,1,4
2013-01-01,0.04813132838363751,0.004430224673644864,220,0.043701103709992646,bens,1,4
2013-02-01,0.0826628501792521,0.041059358660072834,220,0.04160349151917926,bens,1,4
2013-03-01,0.11667958346837262,0.03191060633815718,220,0.08476897713021544,bens,1,4
2013-04-01,0.08444810182753691,0.0667850011093854,220,0.01766310071815151,bens,1,4
2013-05-01,0.19064671657921706,0.05721277417837484,220,0.13343394240084222,bens,1,4
2013-06-01,0.05236062069467217,0.09721996832733641,220,-0.04485934763266424,bens,1,4
2013-07-01,0.08235646720390803,0.05502942502850069,220,0.027327042175407344,bens,1,4
2013-08-01,0.10547445665610321,0.042071224687029424,220,0.06340323196907378,bens,1,4
2013-09-01,0.13101415525499427,0.05115916716588339,220,0.07985498808911087,bens,1,4
2013-10-01,0.08438057504966544,0.03734614973352318,220,0.047034425316142256,bens,1,4
2013-11-01,0.08045964131841535,0.0483620655846084,220,0.03209757573380695,bens,1,4
2013-12-01,0.09539516052258741,0.02743135860404429,220,0.06796380191854312,bens,1,4
2014-01-01,0.0492610561776375,0.01238381430434077,228,0.03687724187329673,bens,1,4
2014-02-01,0.060854853819158006,0.06118762321555907,228,-0.0003327693964010614,bens,1,4
2014-03-01,0.12583657500308287,0.025231774716096993,228,0.10060480028698587,bens,1,4
2014-04-01,0.103349922629752,0.014941519244977905,228,0.0884084033847741,bens,1,4
2014-05-01,0.10685989048425537,0.009925385794100388,228,0.09693450469015498,bens,1,4
2014-06-01,0.07726016296263405,0.012552452210208476,228,0.06470771075242557,bens,1,4
2014-07-01,0.06254507985574445,0.05747664202069147,228,0.00506843783505298,bens,1,4
2014-08-01,0.19139665115760734,0.09067227593124007,228,0.10072437522636728,bens,1,4
2014-09-01,0.1831459543469875,0.05254345310307428,228,0.1306025012439132,bens,1,4
2014-10-01,0.03717157615524222,0.07418400111685049,228,-0.03701242496160827,bens,1,4
2014-11-01,0.024870706377182916,0.09883251975338618,228,-0.07396181337620326,bens,1,4
2014-12-01,0.05120089680346451,0.08314115452291784,228,-0.03194025771945333,bens,1,4
2015-01-01,0.029066399286987524,0.0953375668449198,228,-0.06627116755793228,bens,1,4
2015-02-01,0.06766784896737353,0.09031323981139089,228,-0.022645390844017357,bens,1,4
2015-03-01,0.09963147382338876,0.036377190761527,228,0.06325428306186176,bens,1,4
2015-04-01,0.11128517354966001,0.02338270120441799,228,0.08790247234524202,bens,1,4
2015-05-01,0.10901812978174401,0.027870736571679683,228,0.08114739321006433,bens,1,4
2015-06-01,0.10869394354494621,0.019281511755855473,228,0.08941243178909074,bens,1,4
2015-07-01,0.15276797588687976,0.0383121940521345,228,0.11445578183474527,bens,1,4
2015-08-01,0.05620374278879977,0.025318699873364284,228,0.030885042915435486,bens,1,4
2015-09-01,0.040863548609838936,0.05410143314121444,228,-0.013237884531375504,bens,1,4
2015-10-01,0.06178765772536433,0.05408291847724743,228,0.007704739248116897,bens,1,4
2015-11-01,0.08097420230821453,0.09863091197103419,228,-0.017656709662819653,bens,1,4
2015-12-01,0.061120576763310196,0.0526437331906445,228,0.008476843572665697,bens,1,4
2016-01-01,0.07003067631019841,0.035975200743191854,228,0.034055475567006555,bens,1,4
2016-02-01,0.07747772945306054,0.09916791363083334,228,-0.021690184177772798,bens,1,4
2016-03-01,0.09681731737330797,0.0821092963418727,228,0.014708021031435273,bens,1,4
2016-04-01,0.07239373925027716,0.01876113178083486,228,0.0536326074694423,bens,1,4
2016-05-01,0.08096377126923898,0.20609993043063712,228,-0.12513615916139814,bens,1,4
2016-06-01,0.08463352911339075,0.06798067515016118,228,0.016652853963229575,bens,1,4
2016-07-01,0.08044241670123047,0.10296419189824416,228,-0.02252177519701369,bens,1,4
2016-08-01,0.07168643346707017,0.14859658929756492,228,-0.07691015583049475,bens,1,4
2016-09-01,0.020876648265288678,0.08610686770309993,228,-0.06523021943781125,bens,1,4
2016-10-01,0.008730558059040468,0.04564882035176574,228,-0.036918262292725275,bens,1,4
2016-11-01,0.009619221815763218,0.15372187118944683,228,-0.1441026493736836,bens,1,4
2016-12-01,0.01136910106269128,0.13361334493407867,228,-0.1222442438713874,bens,1,4
2017-01-01,0.010319819681768412,0.10893204911387186,228,-0.09861222943210345,bens,1,4
2017-02-01,0.00404520354436882,0.11268502130083026,228,-0.10863981775646143,bens,1,4
2017-03-01,0.0019896191340660454,0.10698137120728853,228,-0.10499175207322248,bens,1,4
2017-04-01,0.019829598177881505,0.1051570452436521,228,-0.0853274470657706,bens,1,4
2017-05-01,0.00789482534415497,0.2747998968656114,228,-0.2669050715214564,bens,1,4
2017-06-01,0.0010526019532239453,0.31484900509414315,228,-0.3137964031409192,bens,1,4
2017-07-01,0.003837203405588456,0.2473305798628524,228,-0.24349337645726393,bens,1,4
2017-08-01,0.0025979845765937474,0.13183920857902157,228,-0.12924122400242782,bens,1,4
2017-09-01,0.0021258150626729186,0.12258485378226275,228,-0.12045903871958982,bens,1,4
2017-10-01,0.0010311973091207821,0.21608610353910362,228,-0.21505490622998286,bens,1,4
2017-11-01,0.0024537789926530797,0.23137896035892647,228,-0.22892518136627338,bens,1,4
2017-12-01,0.002174972160356347,0.19875185597624348,228,-0.19657688381588714,bens,1,4
2018-01-01,0.000391059510567297,0.23251819150908418,228,-0.23212713199851687,bens,1,4
2018-02-01,0.0,0.2219742817202247,228,-0.2219742817202247,bens,1,4
2018-03-01,0.0,0.14568772714565278,228,-0.14568772714565278,bens,1,4
2018-04-01,0.0006899161620866326,0.12304378202142525,228,-0.12235386585933862,bens,1,4
2018-05-01,0.003884123173034336,0.14407095736497352,237,-0.1401868341919392,bens,1,4
2018-06-01,0.017516894207408658,0.1373119179628371,237,-0.11979502375542844,bens,1,4
2018-07-01,0.01804788320827973,0.057877794787913356,237,-0.03982991157963363,bens,1,4
2018-08-01,0.014023117534597373,0.06320780640672595,237,-0.049184688872128575,bens,1,4
2018-09-01,0.021703458220842926,0.0671315457717744,237,-0.04542808755093147,bens,1,4
2018-10-01,0.020915243786061397,0.11199036894572255,237,-0.09107512515966115,bens,1,4
2018-11-01,0.02613355389935502,0.1702288665780883,237,-0.1440953126787333,bens,1,4
2018-12-01,0.012789485822383498,0.10770492808286161,237,-0.09491544226047811,bens,1,4
2019-01-01,0.03995511118993142,0.16230328438398542,237,-0.122348173194054,bens,1,4
2019-02-01,0.019746006686478454,0.13664329494799407,237,-0.11689728826151562,bens,1,4
2019-03-01,0.008350536985920068,0.03456484423928928,237,-0.026214307253369214,bens,1,4
2019-04-01,0.011391977065771185,0.05777772640181718,237,-0.046385749336045994,bens,1,4
2019-05-01,0.014496863353318365,0.07347102942197738,237,-0.05897416606865901,bens,1,4
2019-06-01,0.022207553534249122,0.15035243622997915,237,-0.12814488269573004,bens,1,4
2019-07-01,0.02169051487674057,0.14740465083774482,237,-0.12571413596100425,bens,1,4
2019-08-01,0.021414313562982245,0.09557063980295798,237,-0.07415632623997573,bens,1,4
2019-09-01,0.005157790955873533,0.11514483065301788,237,-0.10998703969714435,bens,1,4
2019-10-01,0.010161342870476632,0.12130800139711129,237,-0.11114665852663466,bens,1,4
2019-11-01,0.025921785742577738,0.13498106110617222,237,-0.10905927536359449,bens,1,4
2019-12-01,0.015071912795285407,0.25979542327786237,237,-0.24472351048257696,bens,1,4
2020-01-01,0.0020413472169030777,0.17998540346414815,230,-0.17794405624724507,bens,1,4
2020-02-01,0.001792587506098773,0.16548184824445689,230,-0.1636892607383581,bens,1,4
2020-03-01,0.02384335960441122,0.07743563344233294,230,-0.053592273837921714,bens,1,4
2020-04-01,0.03646589586628571,0.0764447102652884,230,-0.03997881439900269,bens,1,4
2020-05-01,0.024292317914207648,0.20236136821497475,230,-0.17806905030076708,bens,1,4
2020-06-01,0.03194591213195404,0.21457375409528995,230,-0.18262784196333592,bens,1,4
2020-07-01,0.03730128750516308,0.2095664422564349,230,-0.1722651547512718,bens,1,4
2020-08-01,0.06557841536538114,0.24173274918629073,230,-0.1761543338209096,bens,1,4
2020-09-01,0.152567938478277,0.04128766068381805,230,0.11128027779445894,bens,1,4
2020-10-01,0.12690846359077512,0.01255081087876629,230,0.11435765271200883,bens,1,4
2020-11-01,0.1370619348942828,0.011516733360103016,230,0.1255452015341798,bens,1,4
2020-12-01,0.09658676295765914,0.004275539324341454,230,0.09231122363331769,bens,1,4
2021-01-01,0.058103954624555115,0.04338907255900141,230,0.014714882065553707,bens,1,4
2021-02-01,0.05221564701923501,0.0432524481395499,230,0.008963198879685115,bens,1,4
2021-03-01,0.0696308495517166,0.06217540454843647,230,0.007455445003280124,bens,1,4
2021-04-01,0.06552413458527874,0.044360568536441866,230,0.021163566048836874,bens,1,4
2021-05-01,0.1049822492121262,0.02227010753575074,230,0.08271214167637547,bens,1,4
2021-06-01,0.15287574046011848,0.011781925885108142,230,0.14109381457501033,bens,1,4
2021-07-01,0.18010116303076182,0.012724519991741793,230,0.16737664303902003,bens,1,4
2021-08-01,0.20135275574783085,0.027700764075668693,230,0.17365199167216216,bens,1,4
2021-09-01,0.13714973353962523,0.028791473268007566,230,0.10835826027161766,bens,1,4
2021-10-01,0.17026154042380096,0.02432701688102617,230,0.14593452354277478,bens,1,4
2021-11-01,0.27914517368397473,0.04341668647983708,230,0.23572848720413764,bens,1,4
2021-12-01,0.2421671697720412,0.06469241178307483,230,0.17747475798896636,bens,1,4
2022-01-01,0.18062816363787237,0.02119810250878212,230,0.15943006112909025,bens,1,4
2022-02-01,0.17206129367999093,0.05947657862827739,230,0.11258471505171354,bens,1,4
2022-03-01,0.25695298449944337,0.03593731266592447,230,0.2210156718335189,bens,1,4
2022-04-01,0.32682261474459523,0.010560594694128077,230,0.31626202005046716,bens,1,4
2022-05-01,0.22103603877872718,0.010854931568941838,230,0.21018110720978533,bens,1,4
2022-06-01,0.19594963868590975,0.0015518625724483667,230,0.1943977761134614,bens,1,4
2022-07-01,0.27923900823330616,0.009727822919962568,230,0.2695111853133436,bens,1,4
2022-08-01,0.23815856946718938,0.07603592873802789,230,0.1621226407291615,bens,1,4
2022-09-01,0.19609913842581508,0.057319116976651895,230,0.13878002144916318,bens,1,4
2022-10-01,0.12168099581584478,0.057848073913527455,230,0.06383292190231732,bens,1,4
2022-11-01,0.11917416857891883,0.10934486568471703,230,0.009829302894201794,bens,1,4
2022-12-01,0.08017117470273095,0.09303867764275447,230,-0.01286750294002352,bens,1,4
2023-01-01,0.046738116515874,0.0724457113782689,230,-0.0257075948623949,bens,1,4
2023-02-01,0.08675590479236146,0.0783824882687325,230,0.008373416523628968,bens,1,4
2023-03-01,0.0799972384136659,0.08473796162052516,230,-0.004740723206859254,bens,1,4
2023-04-01,0.003987544301451731,0.07859267814064615,230,-0.07460513383919441,bens,1,4
2023-05-01,0.009601391755305076,0.08971000687939885,230,-0.08010861512409378,bens,1,4
2023-06-01,0.007907270783478472,0.13174923128353308,230,-0.12384196050005461,bens,1,4
2023-07-01,0.03102091544100543,0.1712248193908137,230,-0.14020390394980825,bens,1,4
2023-08-01,0.01051598101847059,0.22747112196066777,230,-0.21695514094219717,bens,1,4
2023-09-01,0.002147020420250643,0.3402051447724428,230,-0.3380581243521921,bens,1,4
2023-10-01,0.01596980353987703,0.16593131187069513,230,-0.1499615083308181,bens,1,4
2023-11-01,0.027331140699994243,0.11295223062618763,230,-0.08562108992619338,bens,1,4
2023-12-01,0.0583950746819291,0.11813723333322051,230,-0.05974215865129141,bens,1,4
2024-01-01,0.053812973883740525,0.05922493681550126,230,-0.005411962931760737,bens,1,4
2024-02-01,0.02626448063999571,0.04230457417370738,230,-0.01604009353371167,bens,1,4
2024-03-01,0.026656056622715568,0.1096124983631657,230,-0.08295644174045012,bens,1,4
2024-04-01,0.01586179398431244,0.08137964771672591,230,-0.06551785373241348,bens,1,4
2024-05-01,0.021672810474132453,0.053237039465321497,230,-0.03156422899118905,bens,1,4
2024-06-01,0.0237538510943631,0.09117518172482195,230,-0.06742133063045885,bens,1,4
2024-07-01,0.022396510085945148,0.04832368552026375,230,-0.0259271754343186,bens,1,4
2024-08-01,0.02763562960762604,0.04661297291458508,230,-0.018977343306959035,bens,1,4
2024-09-01,0.05020398643921137,0.06924384745126802,230,-0.019039861012056652,bens,1,4
2024-10-01,0.05763519136182505,0.08957167696148408,230,-0.031936485599659024,bens,1,4
2024-11-01,0.10826257898747664,0.09578306346647963,230,0.012479515520997006,bens,1,4
2024-12-01,0.14386489093734928,0.08068157457527199,230,0.06318331636207729,bens,1,4
2025-01-01,0.09749063358587962,0.04515194405128632,230,0.052338689534593294,bens,1,4
2025-02-01,0.12751829074329338,0.06308981020040293,230,0.06442848054289045,bens,1,4
2025-03-01,0.1013209682426816,0.03223135805683802,230,0.06908961018584357,bens,1,4
2025-04-01,0.0652277284350466,0.016981953972154518,230,0.04824577446289208,bens,1,4
2025-05-01,0.14882346510479988,0.039544691099545816,230,0.10927877400525407,bens,1,4
2025-06-01,0.034243281517914295,0.03611712694722389,230,-0.0018738454293095938,bens,1,4
2025-07-01,0.04013578075597033,0.06404037515917002,230,-0.02390459440319969,bens,1,4
2025-08-01,0.04634373777987226,0.08893412076912022,230,-0.04259038298924796,bens,1,4
2025-09-01,0.0448105789371541,0.0816273949501101,230,-0.03681681601295599,bens,1,4
2025-10-01,0.08287320719143491,0.12393778196754428,230,-0.041064574776109364,bens,1,4
2025-11-01,0.077734552619613,0.13817342831640816,230,-0.060438875696795166,bens,1,4
2025-12-01,0.0771445642010606,0.1356730318077023,230,-0.058528467606641696,bens,1,4
2026-01-01,0.01055977969241984,0.042910705908954384,230,-0.03235092621653454,bens,1,4
2026-02-01,0.00432749684735093,0.044698309233458314,230,-0.04037081238610738,bens,1,4
2026-03-01,0.0011989389560060728,0.01654399902182884,230,-0.015345060065822768,bens,1,4
2026-04-01,0.2011200027069552,0.10466103845568207,230,0.09645896425127314,bens,1,4
2026-05-01,0.2032870602740003,0.09186454266474883,230,0.11142251760925145,bens,1,4
2026-06-01,0.021408193847071877,0.11050396081757442,230,-0.08909576697050255,bens,1,4
2026-07-01,0.0007328494733905046,0.07356732970494403,230,-0.07283448023155353,bens,1,4
2009-07-01,0.0,0.0,384,0.0,cheio,3,2
2009-08-01,0.11535153859384563,0.4047573809704761,384,-0.2894058423766305,cheio,3,2
2009-09-01,0.14301828490857546,0.29872150639246803,384,-0.15570322148389257,cheio,3,2
2009-10-01,0.18543429804008627,0.3351493460454223,384,-0.14971504800533603,cheio,3,2
2009-11-01,0.074083555498667,0.4161485031089813,384,-0.3420649476103143,cheio,3,2
2009-12-01,0.11653523307046615,0.5437970875941752,384,-0.4272618545237091,cheio,3,2
2010-01-01,0.18658188050871694,0.3804387173676958,384,-0.19385683685897886,cheio,3,2
2010-02-01,0.26690660143960865,0.25294351766110595,384,0.013963083778502694,cheio,3,2
2010-03-01,0.17403430386278457,0.34758860964556143,384,-0.17355430578277686,cheio,3,2
2010-04-01,0.1486377704334435,0.39550306745398817,384,-0.24686529702054466,cheio,3,2
2010-05-01,0.3052951682289906,0.2928852426885438,384,0.012409925540446787,cheio,3,2
2010-06-01,0.2239413436480619,0.28448470690824146,384,-0.06054336326017956,cheio,3,2
2010-07-01,0.07503658822883003,0.4615871049595157,384,-0.3865505167306857,cheio,3,2
2010-08-01,0.07741484517030967,0.48092603814792373,384,-0.40351119297761406,cheio,3,2
2010-09-01,0.10937190628093718,0.2602453975460245,384,-0.1508734912650873,cheio,3,2
2010-10-01,0.2678933926396441,0.20488777067337596,384,0.06300562196626816,cheio,3,2
2010-11-01,0.3335313329373341,0.27873944252111493,384,0.05479189041621918,cheio,3,2
2010-12-01,0.2322330190292474,0.3472885147506918,384,-0.11505549572144438,cheio,3,2
2011-01-01,0.14499985500014498,0.27366872633127365,384,-0.12866887133112867,cheio,3,2
2011-02-01,0.2228216738600863,0.19104429253151037,384,0.03177738132857594,cheio,3,2
2011-03-01,0.28005252047268425,0.20910388193493742,384,0.07094863853774683,cheio,3,2
2011-04-01,0.28178443643112716,0.23625852748294504,384,0.04552590894818212,cheio,3,2
2011-05-01,0.25059924580527937,0.27465407742145803,384,-0.024054831616178662,cheio,3,2
2011-06-01,0.2459247214730503,0.3052181365269557,384,-0.05929341505390537,cheio,3,2
2011-07-01,0.15428454284542845,0.262739627396274,384,-0.10845508455084554,cheio,3,2
2011-08-01,0.13210479262875577,0.3197389184335106,384,-0.18763412580475483,cheio,3,2
2011-09-01,0.17845507073042438,0.25480552883317303,384,-0.07635045810274865,cheio,3,2
2011-10-01,0.2810392483139865,0.2960453683629469,384,-0.015006120048960403,cheio,3,2
2011-11-01,0.1677173417387339,0.37932403459227676,384,-0.21160669285354286,cheio,3,2
2011-12-01,0.119828,0.29199,384,-0.17216200000000004,cheio,3,2
2012-01-01,0.18579148633189066,0.2920733365866927,365,-0.10628185025480205,cheio,3,2
2012-02-01,0.14643382852937176,0.2743718050255598,365,-0.12793797649618804,cheio,3,2
2012-03-01,0.21554550881856172,0.3450444153109072,365,-0.12949890649234547,cheio,3,2
2012-04-01,0.20353981415925662,0.3537384149536598,365,-0.1501986007944032,cheio,3,2
2012-05-01,0.1616016767966464,0.31084437831124334,365,-0.14924270151459695,cheio,3,2
2012-06-01,0.1835668985986084,0.3488379069725582,365,-0.16527100837394978,cheio,3,2
2012-07-01,0.2373028984231874,0.2729951839614717,365,-0.035692285538284324,cheio,3,2
2012-08-01,0.21198978801021198,0.27763272236727765,365,-0.06564293435706567,cheio,3,2
2012-09-01,0.2363950544197823,0.25604197583209665,365,-0.019646921412314333,cheio,3,2
2012-10-01,0.2913458346166615,0.2096611613553546,365,0.08168467326130693,cheio,3,2
2012-11-01,0.2928857573145439,0.25767654605927637,365,0.03520921125526755,cheio,3,2
2012-12-01,0.23941039410394105,0.24099940999409994,365,-0.0015890158901588902,cheio,3,2
2013-01-01,0.24595124595124596,0.265023265023265,365,-0.019072019072019053,cheio,3,2
2013-02-01,0.32529134941730115,0.21049157901684196,365,0.11479977040045919,cheio,3,2
2013-03-01,0.32026267973732025,0.21333078666921332,365,0.10693189306810694,cheio,3,2
2013-04-01,0.25483452900717407,0.28705372232233395,365,-0.03221919331515988,cheio,3,2
2013-05-01,0.23723862761372386,0.33301966980330194,365,-0.09578104218957809,cheio,3,2
2013-06-01,0.18490670565306044,0.2444872885889799,365,-0.059580582935919446,cheio,3,2
2013-07-01,0.26330447339105323,0.3429013141973716,365,-0.07959684080631835,cheio,3,2
2013-08-01,0.16194032388064777,0.23854947709895422,365,-0.07660915321830644,cheio,3,2
2013-09-01,0.2515257484742515,0.25198474801525195,365,-0.0004589995410004266,cheio,3,2
2013-10-01,0.2515349938600246,0.25330898676405295,365,-0.0017739929040283542,cheio,3,2
2013-11-01,0.197871,0.25065,365,-0.05277899999999999,cheio,3,2
2013-12-01,0.1688530131180787,0.1839331035986216,365,-0.015080090480542901,cheio,3,2
2014-01-01,0.2436804620827725,0.18865713194279166,373,0.05502333013998084,cheio,3,2
2014-02-01,0.33396000188000563,0.1186003558010674,373,0.21535964607893823,cheio,3,2
2014-03-01,0.43907380463097684,0.10001449992750036,373,0.33905930470347645,cheio,3,2
2014-04-01,0.23607936079360795,0.1933269332693327,373,0.042752427524275244,cheio,3,2
2014-05-01,0.2579905479432877,0.21536129216775302,373,0.04262925577553467,cheio,3,2
2014-06-01,0.392212,0.181288,373,0.210924,cheio,3,2
2014-07-01,0.2695992695992696,0.23075523075523077,373,0.038844038844038836,cheio,3,2
2014-08-01,0.2001941992232031,0.21378514485942055,373,-0.013590945636217433,cheio,3,2
2014-09-01,0.21107910028809743,0.18781930962621338,373,0.02325979066188405,cheio,3,2
2014-10-01,0.1877925023400187,0.30755546044368354,373,-0.11976295810366483,cheio,3,2
2014-11-01,0.15603140428263854,0.32101188910700196,373,-0.16498048482436342,cheio,3,2
2014-12-01,0.20331660994982984,0.19559758679276038,373,0.00771902315706946,cheio,3,2
2015-01-01,0.3075206150412301,0.2309224618449237,373,0.07659815319630642,cheio,3,2
2015-02-01,0.33018363201995227,0.20535625891884812,373,0.12482737310110414,cheio,3,2
2015-03-01,0.36683326633346736,0.14090771818456366,373,0.2259255481489037,cheio,3,2
2015-04-01,0.30300309099072703,0.12191763424709727,373,0.18108545674362975,cheio,3,2
2015-05-01,0.31161986971921835,0.2200083200499203,373,0.09161154966929805,cheio,3,2
2015-06-01,0.316851,0.148556,373,0.168295,cheio,3,2
2015-07-01,0.3952305570750137,0.17598958390625516,373,0.21924097316875854,cheio,3,2
2015-08-01,0.22183055633888732,0.2259805480389039,373,-0.004149991700016592,cheio,3,2
2015-09-01,0.17111636893095145,0.269953159625277,373,-0.09883679069432555,cheio,3,2
2015-10-01,0.2686358059074177,0.24514973544920635,373,0.023486070458211356,cheio,3,2
2015-11-01,0.2658385950315702,0.21899831398988395,373,0.04684028104168625,cheio,3,2
2015-12-01,0.24296702813188747,0.28518885924456305,373,-0.04222183111267558,cheio,3,2
2016-01-01,0.28444814665556006,0.22691531925404226,373,0.0575328274015178,cheio,3,2
2016-02-01,0.310258,0.244517,373,0.06574099999999997,cheio,3,2
2016-03-01,0.22578196796228833,0.3534088193206261,373,-0.1276268513583378,cheio,3,2
2016-04-01,0.2007576022728068,0.3609930829792489,373,-0.1602354807064421,cheio,3,2
2016-05-01,0.2703474593050814,0.3664402671194658,373,-0.0960928078143844,cheio,3,2
2016-06-01,0.28455799190594333,0.2637858465009255,373,0.020772145405017817,cheio,3,2
2016-07-01,0.18878437756875513,0.2604425208850418,373,-0.07165814331628664,cheio,3,2
2016-08-01,0.17711064577870844,0.25374249251501496,373,-0.07663184673630652,cheio,3,2
2016-09-01,0.23732113589022302,0.27595248357235214,373,-0.038631347682129114,cheio,3,2
2016-10-01,0.17192534385068772,0.31496062992125984,373,-0.14303528607057212,cheio,3,2
2016-11-01,0.15968715968715969,0.3377743377743378,373,-0.1780871780871781,cheio,3,2
2016-12-01,0.201274,0.40241,373,-0.20113599999999998,cheio,3,2
2017-01-01,0.17553464893070211,0.37218225563548873,373,-0.19664760670478662,cheio,3,2
2017-02-01,0.137998,0.376378,373,-0.23837999999999998,cheio,3,2
2017-03-01,0.15243130486260975,0.34198968397936796,373,-0.1895583791167582,cheio,3,2
2017-04-01,0.12952090664634652,0.42776599436196056,373,-0.29824508771561403,cheio,3,2
2017-05-01,0.06344031720158601,0.49733448667243335,373,-0.43389416947084736,cheio,3,2
2017-06-01,0.08203316406632814,0.45870291740583485,373,-0.3766697533395067,cheio,3,2
2017-07-01,0.1543865368403895,0.3818778543664369,373,-0.2274913175260474,cheio,3,2
2017-08-01,0.18727187636874176,0.3678997926012444,373,-0.18062791623250263,cheio,3,2
2017-09-01,0.09604671185986442,0.34629196112411664,373,-0.25024524926425223,cheio,3,2
2017-10-01,0.21422728618171055,0.3532311741506068,373,-0.13900388796889623,cheio,3,2
2017-11-01,0.21544921544921547,0.3999473999474,373,-0.1844981844981845,cheio,3,2
2017-12-01,0.17174751524254572,0.35090905272715817,373,-0.17916153748461244,cheio,3,2
2018-01-01,0.20484179515820483,0.4205085794914205,373,-0.21566678433321568,cheio,3,2
2018-02-01,0.10214651073255367,0.4703363516817584,373,-0.36818984094920476,cheio,3,2
2018-03-01,0.10926589073410926,0.34672665327334673,373,-0.23746076253923748,cheio,3,2
2018-04-01,0.12254324508649019,0.3751917503835008,373,-0.2526485052970106,cheio,3,2
2018-05-01,0.1403101403101403,0.4083644083644084,383,-0.26805426805426813,cheio,3,2
2018-06-01,0.28807213578359264,0.33367799896600314,383,-0.0456058631824105,cheio,3,2
2018-07-01,0.2613777386222614,0.2401827598172402,383,0.021194978805021192,cheio,3,2
2018-08-01,0.17140148579554262,0.3707218878343365,383,-0.1993204020387939,cheio,3,2
2018-09-01,0.12039899999999999,0.423977,383,-0.303578,cheio,3,2
2018-10-01,0.1447510132570928,0.4953654675582729,383,-0.3506144543011801,cheio,3,2
2018-11-01,0.12449324493244934,0.45834758347583476,383,-0.3338543385433854,cheio,3,2
2018-12-01,0.2185318741274965,0.41560266241064964,383,-0.19707078828315314,cheio,3,2
2019-01-01,0.13958788329693364,0.3223954208366333,383,-0.18280753753969967,cheio,3,2
2019-02-01,0.1388875555502222,0.47272289089156355,383,-0.33383533534134135,cheio,3,2
2019-03-01,0.10978465870795226,0.3489540937245624,383,-0.23916943501661012,cheio,3,2
2019-04-01,0.24553145531455317,0.3005870058700587,383,-0.05505555055550554,cheio,3,2
2019-05-01,0.16509849529548587,0.3505680517041551,383,-0.18546955640866924,cheio,3,2
2019-06-01,0.1229192624844251,0.4434973390159659,383,-0.3205780765315408,cheio,3,2
2019-07-01,0.15113069773860455,0.38355123289753423,383,-0.2324205351589297,cheio,3,2
2019-08-01,0.234834,0.31834,383,-0.08350600000000002,cheio,3,2
2019-09-01,0.10460574473106322,0.3440178717855386,383,-0.2394121270544754,cheio,3,2
2019-10-01,0.12682563412817066,0.48523342616713083,383,-0.35840779203896017,cheio,3,2
2019-11-01,0.167825,0.451397,383,-0.283572,cheio,3,2
2019-12-01,0.11636804731242581,0.3067047603428431,383,-0.1903367130304173,cheio,3,2
2020-01-01,0.12903777422664536,0.3538361230167381,377,-0.22479834879009275,cheio,3,2
2020-02-01,0.07835076494770517,0.5384943845168465,377,-0.46014361956914135,cheio,3,2
2020-03-01,0.06360750886007088,0.3934011472091777,377,-0.3297936383491068,cheio,3,2
2020-04-01,0.13996802022385843,0.4411059122586142,377,-0.3011378920347557,cheio,3,2
2020-05-01,0.05132189735620529,0.48698402603194796,377,-0.43566212867574267,cheio,3,2
2020-06-01,0.1952749763748819,0.3990319951599758,377,-0.2037570187850939,cheio,3,2
2020-07-01,0.3530294121176485,0.3016682066728267,377,0.05136120544482181,cheio,3,2
2020-08-01,0.2538237461762538,0.29388970611029386,377,-0.04006595993404005,cheio,3,2
2020-09-01,0.24087055477667133,0.3428159431043414,377,-0.10194538832767006,cheio,3,2
2020-10-01,0.24787673513714595,0.28169297185080294,377,-0.033816236713656994,cheio,3,2
2020-11-01,0.32213910074809327,0.22627796349832852,377,0.09586113724976475,cheio,3,2
2020-12-01,0.2826821307285229,0.17172868691474766,377,0.11095344381377523,cheio,3,2
2021-01-01,0.20994420994420995,0.28383528383528384,377,-0.07389107389107388,cheio,3,2
2021-02-01,0.21197305986529932,0.3544467722338612,377,-0.14247371236856185,cheio,3,2
2021-03-01,0.27355,0.3651,377,-0.09154999999999996,cheio,3,2
2021-04-01,0.162494,0.288717,377,-0.126223,cheio,3,2
2021-05-01,0.2571670286681147,0.28297613190452764,377,-0.025809103236412945,cheio,3,2
2021-06-01,0.317052,0.221717,377,0.095335,cheio,3,2
2021-07-01,0.33153432074024514,0.26402184815293706,377,0.06751247258730808,cheio,3,2
2021-08-01,0.35253470506941015,0.18981137962275926,377,0.16272332544665088,cheio,3,2
2021-09-01,0.3535809392571822,0.16406250781247655,377,0.18951843144470565,cheio,3,2
2021-10-01,0.44936355063644934,0.17019882980117018,377,0.27916472083527916,cheio,3,2
2021-11-01,0.4073262608010447,0.16617584265898946,377,0.24115041814205526,cheio,3,2
2021-12-01,0.24069896279585118,0.21121684486737946,377,0.02948211792847172,cheio,3,2
2022-01-01,0.237248948995796,0.24574098296393188,377,-0.008492033968135887,cheio,3,2
2022-02-01,0.2703465406930814,0.2386414772829546,377,0.0317050634101268,cheio,3,2
2022-03-01,0.2945376508388575,0.20922388301494715,377,0.08531376782391037,cheio,3,2
2022-04-01,0.42300269201076807,0.23307293229172918,377,0.1899297597190389,cheio,3,2
2022-05-01,0.3682446824468245,0.1722527225272253,377,0.19599195991959922,cheio,3,2
2022-06-01,0.3577301463808783,0.18453610721664332,377,0.17319403916423498,cheio,3,2
2022-07-01,0.4113124113124113,0.25245925245925244,377,0.15885315885315887,cheio,3,2
2022-08-01,0.31807718077180774,0.26499164991649915,377,0.053085530855308594,cheio,3,2
2022-09-01,0.21614243228486457,0.3357676715353431,377,-0.11962523925047852,cheio,3,2
2022-10-01,0.23635965451758162,0.4285549998849992,377,-0.19219534536741756,cheio,3,2
2022-11-01,0.17753464493071017,0.3351573296853406,377,-0.15762268475463045,cheio,3,2
2022-12-01,0.22014067915592506,0.28019131885208687,377,-0.06005063969616181,cheio,3,2
2023-01-01,0.34335165664834333,0.25525674474325527,377,0.08809491190508806,cheio,3,2
2023-02-01,0.3042228704399069,0.18316071787497487,377,0.12106215256493205,cheio,3,2
2023-03-01,0.24086327741016778,0.2534752395742813,377,-0.012611962164113533,cheio,3,2
2023-04-01,0.2880965761931524,0.2238244476488953,377,0.06427212854425707,cheio,3,2
2023-05-01,0.23489593958375832,0.22801291205164823,377,0.006883027532110092,cheio,3,2
2023-06-01,0.113618,0.347386,377,-0.23376799999999998,cheio,3,2
2023-07-01,0.144314,0.348479,377,-0.20416499999999999,cheio,3,2
2023-08-01,0.21633,0.35793,377,-0.14160000000000003,cheio,3,2
2023-09-01,0.24384724384724385,0.33273633273633274,377,-0.08888908888908889,cheio,3,2
2023-10-01,0.11597357986789934,0.24518922594612974,377,-0.12921564607823038,cheio,3,2
2023-11-01,0.2155633533099401,0.4016087951736145,377,-0.1860454418636744,cheio,3,2
2023-12-01,0.2345315928104431,0.36119183284900286,377,-0.12666024003855975,cheio,3,2
2024-01-01,0.17683464633070733,0.2456535086929826,377,-0.06881886236227527,cheio,3,2
2024-02-01,0.24773124773124774,0.2270872270872271,377,0.020644020644020655,cheio,3,2
2024-03-01,0.2313133878803273,0.2699356196137177,377,-0.03862223173339041,cheio,3,2
2024-04-01,0.15570868858262282,0.2532764934470131,377,-0.09756780486439026,cheio,3,2
2024-05-01,0.18819856459569378,0.304220912662738,377,-0.1160223480670442,cheio,3,2
2024-06-01,0.1296556482782414,0.3388276941384707,377,-0.2091720458602293,cheio,3,2
2024-07-01,0.20985279014720984,0.2651157348842651,377,-0.05526294473705526,cheio,3,2
2024-08-01,0.2215329937969442,0.1846356617209555,377,0.03689733207598869,cheio,3,2
2024-09-01,0.18616418616418617,0.25872225872225874,377,-0.07255807255807256,cheio,3,2
2024-10-01,0.2397137602862397,0.24626475373524626,377,-0.006550993449006559,cheio,3,2
2024-11-01,0.2638442084673746,0.3054910835267494,377,-0.04164687505937481,cheio,3,2
2024-12-01,0.2328951644758224,0.2871864359321797,377,-0.05429127145635729,cheio,3,2
2025-01-01,0.2774634450731098,0.21152157695684606,377,0.06594186811626376,cheio,3,2
2025-02-01,0.23673223673223673,0.20267020267020266,377,0.03406203406203406,cheio,3,2
2025-03-01,0.1797891797891798,0.22262122262122264,377,-0.04283204283204284,cheio,3,2
2025-04-01,0.2289696027872195,0.26757287301011107,377,-0.03860327022289156,cheio,3,2
2025-05-01,0.18761775047100188,0.32428429713718854,377,-0.13666654666618666,cheio,3,2
2025-06-01,0.13987639876398764,0.4080520805208052,377,-0.2681756817568176,cheio,3,2
2025-07-01,0.1815205445616337,0.3090469271407814,377,-0.12752638257914772,cheio,3,2
2025-08-01,0.20009100136502045,0.23760956414346213,377,-0.03751856277844168,cheio,3,2
2025-09-01,0.18118218118218118,0.23663523663523664,377,-0.055453055453055455,cheio,3,2
2025-10-01,0.1624911624911625,0.31483331483331484,377,-0.15234215234215234,cheio,3,2
2025-11-01,0.15393092358554153,0.4475736854421127,377,-0.2936427618565711,cheio,3,2
2025-12-01,0.11172655309378762,0.41830632677469287,377,-0.3065797736809053,cheio,3,2
2026-01-01,0.15679005925964443,0.28519928880426715,377,-0.12840922954462272,cheio,3,2
2026-02-01,0.24675872731109116,0.27725794080558563,377,-0.03049921349449447,cheio,3,2
2026-03-01,0.23859790878327025,0.22298478387827103,377,0.01561312490499922,cheio,3,2
2026-04-01,0.2839855800720996,0.15094924525377373,377,0.13303633481832589,cheio,3,2
2026-05-01,0.25727302909211636,0.26443605774423096,377,-0.0071630286521146,cheio,3,2
2026-06-01,0.158097,0.337507,377,-0.17941000000000001,cheio,3,2
2026-07-01,0.159252318504637,0.3072236144472289,377,-0.1479712959425919,cheio,3,2
2009-07-01,0.0,0.0,384,0.0,cheio,3,3
2009-08-01,0.0,0.0,384,0.0,cheio,3,3
2009-09-01,0.02984285078574607,0.12513837430812846,384,-0.0952955235223824,cheio,3,3
2009-10-01,0.07006849047943335,0.16636816457715203,384,-0.09629967409771868,cheio,3,3
2009-11-01,0.02966282202306786,0.19931780409317543,384,-0.16965498207010757,cheio,3,3
2009-12-01,0.013346026692053386,0.3013466026932054,384,-0.28800057600115203,cheio,3,3
2010-01-01,0.07918952486285082,0.28324030055819666,384,-0.20405077569534585,cheio,3,3
2010-02-01,0.054126324757948555,0.21084326505959036,384,-0.1567169403016418,cheio,3,3
2010-03-01,0.09539461842152631,0.1966492134031464,384,-0.10125459498162008,cheio,3,3
2010-04-01,0.08215676764848527,0.19437308440373394,384,-0.11221631675524867,cheio,3,3
2010-05-01,0.08911746529520823,0.17624094255434467,384,-0.08712347725913644,cheio,3,3
2010-06-01,0.1371308227849367,0.21877331263987584,384,-0.08164248985493913,cheio,3,3
2010-07-01,0.04778797308704752,0.17462050639107699,384,-0.12683253330402947,cheio,3,3
2010-08-01,0.03062093875812249,0.27800544398911203,384,-0.24738450523098954,cheio,3,3
2010-09-01,0.03597664023359766,0.1832741672583274,384,-0.14729752702472976,cheio,3,3
2010-10-01,0.05271168372989762,0.07735653586078484,384,-0.02464485213088722,cheio,3,3
2010-11-01,0.2023545952908094,0.13864672270655456,384,0.06370787258425484,cheio,3,3
2010-12-01,0.180550347154513,0.21246876209390722,384,-0.03191841493939421,cheio,3,3
2011-01-01,0.07503392496607503,0.1633958366041634,384,-0.08836191163808838,cheio,3,3
2011-02-01,0.04697456369476433,0.0894840738088857,384,-0.04250951011412137,cheio,3,3
2011-03-01,0.12149809348284134,0.11084299758697828,384,0.010655095895863054,cheio,3,3
2011-04-01,0.18115263769472464,0.09504280991438017,384,0.08610982778034447,cheio,3,3
2011-05-01,0.09473433685964198,0.14844396089227377,384,-0.053709624032631784,cheio,3,3
2011-06-01,0.15198306388144717,0.15550708854961984,384,-0.0035240246681726706,cheio,3,3
2011-07-01,0.07629476294762948,0.14299242992429925,384,-0.06669766697666978,cheio,3,3
2011-08-01,0.0816414898489391,0.1407858447150683,384,-0.059144354866129206,cheio,3,3
2011-09-01,0.06567539405236432,0.13880183281099687,384,-0.07312643875863255,cheio,3,3
2011-10-01,0.08092864742917943,0.16070128561028488,384,-0.07977263818110544,cheio,3,3
2011-11-01,0.11231389851118809,0.22882583060664485,384,-0.11651193209545677,cheio,3,3
2011-12-01,0.034728,0.196711,384,-0.161983,cheio,3,3
2012-01-01,0.02100516804134433,0.14086112688901511,365,-0.11985595884767078,cheio,3,3
2012-02-01,0.08102735178118575,0.11634706922344622,365,-0.035319717442260465,cheio,3,3
2012-03-01,0.045840320882246176,0.1465630259411816,365,-0.10072270505893541,cheio,3,3
2012-04-01,0.13070352281409126,0.23401993607974433,365,-0.10331641326565308,cheio,3,3
2012-05-01,0.05011289977420045,0.1941226117547765,365,-0.14400971198057605,cheio,3,3
2012-06-01,0.07260556436661379,0.16283002301986185,365,-0.09022445865324806,cheio,3,3
2012-07-01,0.05605044840358723,0.1649733197865583,365,-0.10892287138297108,cheio,3,3
2012-08-01,0.08244491755508244,0.1465848534151466,365,-0.06413993586006415,cheio,3,3
2012-09-01,0.13015947936208255,0.1585873656505374,365,-0.028427886288454857,cheio,3,3
2012-10-01,0.14836540653837385,0.10959656161375354,365,0.03876884492462031,cheio,3,3
2012-11-01,0.14893489360936166,0.14637587825526954,365,0.0025590153540921146,cheio,3,3
2012-12-01,0.07388973889738898,0.13565235652356525,365,-0.06176261762617627,cheio,3,3
2013-01-01,0.09183509183509184,0.1395751395751396,365,-0.04774004774004775,cheio,3,3
2013-02-01,0.16101367797264404,0.10167779664440671,365,0.05933588132823733,cheio,3,3
2013-03-01,0.1178998821001179,0.1332888667111333,365,-0.0153889846110154,cheio,3,3
2013-04-01,0.20108420650523903,0.13167379004274027,365,0.06941041646249876,cheio,3,3
2013-05-01,0.13686563134368657,0.22908970910290896,365,-0.0922240777592224,cheio,3,3
2013-06-01,0.10035729749891752,0.16011487919584563,365,-0.059757581696928116,cheio,3,3
2013-07-01,0.10087379825240349,0.18572662854674288,365,-0.08485283029433939,cheio,3,3
2013-08-01,0.10014020028040058,0.16484032968065937,365,-0.0647001294002588,cheio,3,3
2013-09-01,0.0981029018970981,0.11662488337511662,365,-0.01852198147801852,cheio,3,3
2013-10-01,0.1333434666261335,0.1102555589777641,365,0.023087907648369405,cheio,3,3
2013-11-01,0.089859,0.153481,365,-0.06362200000000001,cheio,3,3
2013-12-01,0.06877041262247574,0.09696458178749073,365,-0.028194169165014993,cheio,3,3
2014-01-01,0.08683152098912594,0.09440056640339843,373,-0.007569045414272488,cheio,3,3
2014-02-01,0.1773895321685965,0.06264118792356377,373,0.11474834424503272,cheio,3,3
2014-03-01,0.2150329248353758,0.029719851400742993,373,0.18531307343463282,cheio,3,3
2014-04-01,0.15268852688526885,0.06230462304623047,373,0.09038390383903838,cheio,3,3
2014-05-01,0.13107678646071877,0.08998253989523938,373,0.041094246565479386,cheio,3,3
2014-06-01,0.17605300000000002,0.103505,373,0.07254800000000002,cheio,3,3
2014-07-01,0.19636219636219637,0.10872710872710872,373,0.08763508763508765,cheio,3,3
2014-08-01,0.12331950672197312,0.11015755936976253,373,0.013161947352210587,cheio,3,3
2014-09-01,0.07114635968276285,0.07871329158037578,373,-0.007566931897612927,cheio,3,3
2014-10-01,0.10896387171097369,0.08873370986967895,373,0.02023016184129474,cheio,3,3
2014-11-01,0.10937198434785914,0.1786566079094712,373,-0.06928462356161205,cheio,3,3
2014-12-01,0.08240324720974163,0.10395331185993557,373,-0.021550064650193948,cheio,3,3
2015-01-01,0.14006228012456026,0.09913819827639656,373,0.04092408184816371,cheio,3,3
2015-02-01,0.18391102302125326,0.09005299058289642,373,0.09385803243835683,cheio,3,3
2015-03-01,0.21890156219687562,0.06704186591626818,373,0.15185969628060744,cheio,3,3
2015-04-01,0.2042783871648385,0.037541887374337876,373,0.16673649979050065,cheio,3,3
2015-05-01,0.19608917653505922,0.07656445938675632,373,0.1195247171483029,cheio,3,3
2015-06-01,0.20518,0.064159,373,0.141021,cheio,3,3
2015-07-01,0.2313270819437375,0.06421457793120137,373,0.16711250401253613,cheio,3,3
2015-08-01,0.1617006765986468,0.0945768108463783,373,0.06712386575226849,cheio,3,3
2015-09-01,0.11886495091960736,0.09532876263010104,373,0.02353618828950632,cheio,3,3
2015-10-01,0.0954782864348593,0.11702335107005321,373,-0.021545064635193914,cheio,3,3
2015-11-01,0.11489368936213618,0.09355756134536808,373,0.021336128016768097,cheio,3,3
2015-12-01,0.11474654101383594,0.08734065063739746,373,0.02740589037643848,cheio,3,3
2016-01-01,0.18804743585769243,0.14451256646230062,373,0.043534869395391806,cheio,3,3
2016-02-01,0.16578299999999999,0.15457,373,0.011212999999999973,cheio,3,3
2016-03-01,0.14775267022596797,0.18592132670805964,373,-0.03816865648209167,cheio,3,3
2016-04-01,0.13534940604821813,0.2613257839773519,373,-0.12597637792913377,cheio,3,3
2016-05-01,0.14390771218457563,0.2562944874110252,373,-0.11238677522644955,cheio,3,3
2016-06-01,0.1689901829312805,0.16595616169313185,373,0.0030340212381486653,cheio,3,3
2016-07-01,0.13031426062852125,0.16655833311666624,373,-0.036244072488144985,cheio,3,3
2016-08-01,0.1066297867404265,0.11984876030247939,373,-0.013218973562052885,cheio,3,3
2016-09-01,0.08429675867082803,0.15846142615283537,373,-0.07416466748200734,cheio,3,3
2016-10-01,0.08932617865235731,0.14780429560859124,373,-0.05847811695623392,cheio,3,3
2016-11-01,0.11959311959311959,0.1888751888751889,373,-0.0692820692820693,cheio,3,3
2016-12-01,0.10280500000000001,0.238662,373,-0.135857,cheio,3,3
2017-01-01,0.09652380695238609,0.25764548470903054,373,-0.16112167775664443,cheio,3,3
2017-02-01,0.080141,0.181689,373,-0.10154799999999999,cheio,3,3
2017-03-01,0.05917711835423672,0.2167244334488669,373,-0.15754731509463019,cheio,3,3
2017-04-01,0.07690053830376811,0.28747101229708605,373,-0.21057047399331794,cheio,3,3
2017-05-01,0.03136515682578413,0.3023475117375587,373,-0.2709823549117746,cheio,3,3
2017-06-01,0.03199106398212797,0.32345864691729387,373,-0.2914675829351659,cheio,3,3
2017-07-01,0.048257855226434325,0.2988121035636893,373,-0.250554248337255,cheio,3,3
2017-08-01,0.045111729329624026,0.27181036913778517,373,-0.22669863980816113,cheio,3,3
2017-09-01,0.061552815341553976,0.20099339701980895,373,-0.13944058167825496,cheio,3,3
2017-10-01,0.06957844337245303,0.21856625146998823,373,-0.1489878080975352,cheio,3,3
2017-11-01,0.12064912064912066,0.26722026722026726,373,-0.14657114657114662,cheio,3,3
2017-12-01,0.12541837625512875,0.2559257677773033,373,-0.13050739152217455,cheio,3,3
2018-01-01,0.11822488177511822,0.29704670295329705,373,-0.17882182117817882,cheio,3,3
2018-02-01,0.06312431562157811,0.2588632943164716,373,-0.19573897869489348,cheio,3,3
2018-03-01,0.04089295910704089,0.26117173882826117,373,-0.22027877972122029,cheio,3,3
2018-04-01,0.05471610943221887,0.24911249822499645,373,-0.1943963887927776,cheio,3,3
2018-05-01,0.07474407474407475,0.26991726991726994,383,-0.1951731951731952,cheio,3,3
2018-06-01,0.12093563719308842,0.25494723515829454,383,-0.13401159796520612,cheio,3,3
2018-07-01,0.15094284905715094,0.19806480193519807,383,-0.04712195287804713,cheio,3,3
2018-08-01,0.09986870039389882,0.14595056214831356,383,-0.04608186175441474,cheio,3,3
2018-09-01,0.059334,0.188446,383,-0.129112,cheio,3,3
2018-10-01,0.047047329331305315,0.34661342629398406,383,-0.2995660969626788,cheio,3,3
2018-11-01,0.0896338963389634,0.29781397813978144,383,-0.20818008180081804,cheio,3,3
2018-12-01,0.08306033224132897,0.3120172480689923,383,-0.2289569158276633,cheio,3,3
2019-01-01,0.09200826393388854,0.26145890832873336,383,-0.1694506443948448,cheio,3,3
2019-02-01,0.037937151748607,0.25852703410813643,383,-0.22058988235952942,cheio,3,3
2019-03-01,0.036739220435322614,0.1963191779150675,383,-0.1595799574797449,cheio,3,3
2019-04-01,0.05029850298502985,0.22782327823278234,383,-0.17752477524775248,cheio,3,3
2019-05-01,0.1288463865391596,0.20513861541584624,383,-0.07629222887668663,cheio,3,3
2019-06-01,0.07733153601078394,0.23283260300438197,383,-0.15550106699359803,cheio,3,3
2019-07-01,0.05103289793420414,0.21297857404285192,383,-0.1619456761086478,cheio,3,3
2019-08-01,0.073414,0.204044,383,-0.13063000000000002,cheio,3,3
2019-09-01,0.04709043491478102,0.2238013143842274,383,-0.17671087946944639,cheio,3,3
2019-10-01,0.03325216626083131,0.21950209751048758,383,-0.18624993124965628,cheio,3,3
2019-11-01,0.092456,0.346291,383,-0.25383500000000003,cheio,3,3
2019-12-01,0.050446454018086166,0.2536922832305491,383,-0.20324582921246293,cheio,3,3
2020-01-01,0.01770910625463753,0.20249921499528997,377,-0.18479010874065244,cheio,3,3
2020-02-01,0.010004969985090045,0.27055018834943495,377,-0.2605452183643449,cheio,3,3
2020-03-01,0.013152105216841735,0.25590504724037794,377,-0.2427529420235362,cheio,3,3
2020-04-01,0.03706374055381612,0.34860755974708174,377,-0.3115438191932656,cheio,3,3
2020-05-01,0.028235943528112945,0.34385531228937544,377,-0.3156193687612625,cheio,3,3
2020-06-01,0.019080095400477004,0.2939524697623488,377,-0.2748723743618718,cheio,3,3
2020-07-01,0.12550950203800815,0.25933003732014925,377,-0.1338205352821411,cheio,3,3
2020-08-01,0.15808284191715807,0.23585176414823583,377,-0.07776892223107776,cheio,3,3
2020-09-01,0.1530420817475095,0.19796381221712667,377,-0.04492173046961717,cheio,3,3
2020-10-01,0.10333872337106359,0.16790917536422753,377,-0.06457045199316394,cheio,3,3
2020-11-01,0.1763604127562852,0.1457026886758019,377,0.030657724080483284,cheio,3,3
2020-12-01,0.18792775171100684,0.09907639630558522,377,0.08885135540542162,cheio,3,3
2021-01-01,0.13681913681913682,0.12866312866312868,377,0.008156008156008143,cheio,3,3
2021-02-01,0.10967154835774179,0.16191680958404792,377,-0.05224526122630613,cheio,3,3
2021-03-01,0.16847600000000001,0.267437,377,-0.09896099999999997,cheio,3,3
2021-04-01,0.07409500000000001,0.211273,377,-0.13717799999999997,cheio,3,3
2021-05-01,0.12322749290997163,0.12792651170604682,377,-0.004699018796075191,cheio,3,3
2021-06-01,0.17846900000000002,0.163321,377,0.015148000000000023,cheio,3,3
2021-07-01,0.20338542369796586,0.16297814084698592,377,0.04040728285097994,cheio,3,3
2021-08-01,0.20344540689081378,0.11636823273646549,377,0.08707717415434829,cheio,3,3
2021-09-01,0.2517202448392655,0.09333471999584002,377,0.15838552484342544,cheio,3,3
2021-10-01,0.28734071265928735,0.08564791435208564,377,0.20169279830720171,cheio,3,3
2021-11-01,0.296141373313907,0.11722777267231922,377,0.1789136006415878,cheio,3,3
2021-12-01,0.175875703502814,0.07477429909719639,377,0.10110140440561761,cheio,3,3
2022-01-01,0.13319853279413119,0.11112944451777808,377,0.022069088276353108,cheio,3,3
2022-02-01,0.15374130748261497,0.16675833351666705,377,-0.013017026034052082,cheio,3,3
2022-03-01,0.21788796099164892,0.11617604558441026,377,0.10171191540723866,cheio,3,3
2022-04-01,0.18646474585898343,0.13352253409013637,377,0.05294221176884706,cheio,3,3
2022-05-01,0.30754607546075463,0.11548815488154882,377,0.19205792057920582,cheio,3,3
2022-06-01,0.21026326157956948,0.042812256873541246,377,0.16745100470602825,cheio,3,3
2022-07-01,0.26444426444426444,0.12195612195612196,377,0.14248814248814248,cheio,3,3
2022-08-01,0.22742427424274245,0.12343923439234393,377,0.10398503985039852,cheio,3,3
2022-09-01,0.1653763307526615,0.1774283548567097,377,-0.012052024104048209,cheio,3,3
2022-10-01,0.1195778370448593,0.2564267949875649,377,-0.13684895794270557,cheio,3,3
2022-11-01,0.119000761998476,0.24416251167497666,377,-0.12516174967650065,cheio,3,3
2022-12-01,0.11999528002831983,0.18393089641462151,377,-0.06393561638630169,cheio,3,3
2023-01-01,0.14876885123114875,0.1456898543101457,377,0.003078996921003052,cheio,3,3
2023-02-01,0.22867639926520517,0.09809531333280667,377,0.13058108593239848,cheio,3,3
2023-03-01,0.14353856938429185,0.08818973543079371,377,0.05534883395349814,cheio,3,3
2023-04-01,0.16072932145864294,0.10187220374440749,377,0.05885711771423545,cheio,3,3
2023-05-01,0.18138272553090212,0.1327565310261241,377,0.04862619450477801,cheio,3,3
2023-06-01,0.07420399999999999,0.13678099999999999,377,-0.062577,cheio,3,3
2023-07-01,0.051054,0.182244,377,-0.13118999999999997,cheio,3,3
2023-08-01,0.054973,0.238273,377,-0.18330000000000002,cheio,3,3
2023-09-01,0.13016313016313016,0.24036424036424037,377,-0.1102011102011102,cheio,3,3
2023-10-01,0.06989534947674739,0.13924169620848104,377,-0.06934634673173365,cheio,3,3
2023-11-01,0.0745007764976705,0.13061560815317555,377,-0.05611483165550504,cheio,3,3
2023-12-01,0.10335337987972071,0.24552952682283904,377,-0.14217614694311834,cheio,3,3
2024-01-01,0.08236083527832944,0.1740536518926962,377,-0.09169281661436676,cheio,3,3
2024-02-01,0.0737050737050737,0.10246010246010247,377,-0.028755028755028764,cheio,3,3
2024-03-01,0.10711464268785613,0.15421792530755185,377,-0.04710328261969572,cheio,3,3
2024-04-01,0.10055579888840221,0.10458679082641834,377,-0.004030991938016121,cheio,3,3
2024-05-01,0.10470731412194237,0.11587334762004285,377,-0.011166033498100483,cheio,3,3
2024-06-01,0.08577842889214446,0.19989799948999745,377,-0.11411957059785299,cheio,3,3
2024-07-01,0.07311592688407312,0.17999182000817998,377,-0.10687589312410686,cheio,3,3
2024-08-01,0.05239047151424363,0.09783988055892504,377,-0.04544940904468141,cheio,3,3
2024-09-01,0.11749911749911751,0.10521510521510521,377,0.012284012284012297,cheio,3,3
2024-10-01,0.09071690928309072,0.142996857003143,377,-0.052279947720052275,cheio,3,3
2024-11-01,0.11295166114501656,0.18635844092467724,377,-0.07340677977966067,cheio,3,3
2024-12-01,0.15627478137390688,0.1379106895534478,377,0.01836409182045909,cheio,3,3
2025-01-01,0.13377273245453508,0.17470665058669882,377,-0.04093391813216374,cheio,3,3
2025-02-01,0.16117416117416117,0.10347210347210348,377,0.05770205770205769,cheio,3,3
2025-03-01,0.06687806687806688,0.07316707316707317,377,-0.006289006289006291,cheio,3,3
2025-04-01,0.06916048412338886,0.12906990348932443,377,-0.059909419365935565,cheio,3,3
2025-05-01,0.10397741590966364,0.21110484441937769,377,-0.10712742850971405,cheio,3,3
2025-06-01,0.06401764017640177,0.23154131541315415,377,-0.16752367523675238,cheio,3,3
2025-07-01,0.08820226460679381,0.203444610333831,377,-0.11524234572703718,cheio,3,3
2025-08-01,0.08037920568808532,0.1426551398270974,377,-0.062275934139012085,cheio,3,3
2025-09-01,0.07920607920607921,0.12566812566812569,377,-0.04646204646204648,cheio,3,3
2025-10-01,0.07372907372907372,0.18766318766318768,377,-0.11393411393411396,cheio,3,3
2025-11-01,0.04234525407152443,0.21628729772378635,377,-0.17394204365226193,cheio,3,3
2025-12-01,0.06247175011299955,0.2535249859000564,377,-0.19105323578705685,cheio,3,3
2026-01-01,0.022994862030827814,0.19776281342311947,377,-0.17476795139229165,cheio,3,3
2026-02-01,0.044200309402165815,0.15916711416979917,377,-0.11496680476763335,cheio,3,3
2026-03-01,0.13162405299242394,0.1656373250986008,377,-0.034013272106176856,cheio,3,3
2026-04-01,0.1497132514337428,0.12018239908800456,377,0.029530852345738254,cheio,3,3
2026-05-01,0.11593546374185497,0.08954635818543275,377,0.026389105556422224,cheio,3,3
2026-06-01,0.086841,0.18476199999999998,377,-0.09792099999999998,cheio,3,3
2026-07-01,0.07847115694231388,0.17008534017068033,377,-0.09161418322836645,cheio,3,3
2009-07-01,0.0,0.0,384,0.0,cheio,3,4
2009-08-01,0.0,0.0,384,0.0,cheio,3,4
2009-09-01,0.0,0.0,384,0.0,cheio,3,4
2009-10-01,0.018082126574886025,0.08266157863105042,384,-0.06457945205616439,cheio,3,4
2009-11-01,0.015157909052545684,0.11856528860826834,384,-0.10340737955572266,cheio,3,4
2009-12-01,0.005848011696023393,0.12063824127648257,384,-0.11479022958045917,cheio,3,4
2010-01-01,0.0051759689441863346,0.08989346063923617,384,-0.08471749169504984,cheio,3,4
2010-02-01,0.016896101376608262,0.15621893731362388,384,-0.1393228359370156,cheio,3,4
2010-03-01,0.027672889308442764,0.16739533041867832,384,-0.13972244111023557,cheio,3,4
2010-04-01,0.05681614775778363,0.13916691249631255,384,-0.08235076473852893,cheio,3,4
2010-05-01,0.0619806281162313,0.07422455465267208,384,-0.012243926536440783,cheio,3,4
2010-06-01,0.029423176539059237,0.13674882049292297,384,-0.10732564395386374,cheio,3,4
2010-07-01,0.019283619961938253,0.1335098226282586,384,-0.11422620266632036,cheio,3,4
2010-08-01,0.021130957738084526,0.07533084933830132,384,-0.05419989160021679,cheio,3,4
2010-09-01,0.024895751042489575,0.10506194938050618,384,-0.08016619833801661,cheio,3,4
2010-10-01,0.013709917740493557,0.05944564332614004,384,-0.04573572558564648,cheio,3,4
2010-11-01,0.03908192183615632,0.04397391205217589,384,-0.004891990216019569,cheio,3,4
2010-12-01,0.11229445982797777,0.11923855010115132,384,-0.006944090273173553,cheio,3,4
2011-01-01,0.06111693888306111,0.07496792503207497,384,-0.01385098614901386,cheio,3,4
2011-02-01,0.024431293175518103,0.0395194742336908,384,-0.015088181058172698,cheio,3,4
2011-03-01,0.03096427867850811,0.03109927989351904,384,-0.00013500121501093185,cheio,3,4
2011-04-01,0.06961786076427848,0.04696390607218786,384,0.022653954692090618,cheio,3,4
2011-05-01,0.03917672576291966,0.07277249059256587,384,-0.033595764829646206,cheio,3,4
2011-06-01,0.06612146285023994,0.07476452335166346,384,-0.008643060501423522,cheio,3,4
2011-07-01,0.04453044530445305,0.12061320613206133,384,-0.07608276082760829,cheio,3,4
2011-08-01,0.038896233377400266,0.07742346454078725,384,-0.03852723116338698,cheio,3,4
2011-09-01,0.04048824292945758,0.06063436380618284,384,-0.02014612087672526,cheio,3,4
2011-10-01,0.03336526692213538,0.08625169001352011,384,-0.05288642309138473,cheio,3,4
2011-11-01,0.041576332610660884,0.13015904127233016,384,-0.08858270866166928,cheio,3,4
2011-12-01,0.018322,0.145993,384,-0.127671,cheio,3,4
2012-01-01,0.007438059504476036,0.09056772454179633,365,-0.08312966503732029,cheio,3,4
2012-02-01,0.00842093263253894,0.040490676074591406,365,-0.03206974344205246,cheio,3,4
2012-03-01,0.010829075803530624,0.058799411595881174,365,-0.04797033579235055,cheio,3,4
2012-04-01,0.026814107256429028,0.10520542082168328,365,-0.07839131356525425,cheio,3,4
2012-05-01,0.03195593608812782,0.12040975918048163,365,-0.0884538230923538,cheio,3,4
2012-06-01,0.018724887650674094,0.07187956872258766,365,-0.05315468107191357,cheio,3,4
2012-07-01,0.02344018752150017,0.11049388395107161,365,-0.08705369642957145,cheio,3,4
2012-08-01,0.0412019587980412,0.1009088990911009,365,-0.0597069402930597,cheio,3,4
2012-09-01,0.03400686397254411,0.06953372186511254,365,-0.03552685789256843,cheio,3,4
2012-10-01,0.0822246711013156,0.05988676045295818,365,0.022337910648357412,cheio,3,4
2012-11-01,0.07805246831480989,0.0924385546313278,365,-0.014386086316517915,cheio,3,4
2012-12-01,0.030562305623056233,0.06837468374683747,365,-0.03781237812378124,cheio,3,4
2013-01-01,0.03478303478303478,0.07771407771407772,365,-0.04293104293104294,cheio,3,4
2013-02-01,0.060994878010243975,0.058833882332235334,365,0.002160995678008641,cheio,3,4
2013-03-01,0.06636693363306637,0.09015190984809016,365,-0.02378497621502379,cheio,3,4
2013-04-01,0.0698194189165135,0.07170143020858126,365,-0.0018820112920677617,cheio,3,4
2013-05-01,0.09985000149998499,0.11242987570124298,365,-0.012579874201257987,cheio,3,4
2013-06-01,0.04070971503199478,0.11356220506456455,365,-0.07285249003256977,cheio,3,4
2013-07-01,0.07095885808228383,0.12911874176251648,365,-0.058159883680232644,cheio,3,4
2013-08-01,0.06917913835827673,0.10790321580643163,365,-0.0387240774481549,cheio,3,4
2013-09-01,0.0513069486930513,0.10584889415110585,365,-0.05454194545805455,cheio,3,4
2013-10-01,0.040848836604653584,0.06785072859708562,365,-0.027001891992432032,cheio,3,4
2013-11-01,0.048765,0.047828999999999997,365,0.0009360000000000063,cheio,3,4
2013-12-01,0.035062210373262244,0.0726444358666152,365,-0.03758222549335296,cheio,3,4
2014-01-01,0.03878023268139609,0.04495626973761843,373,-0.0061760370562223416,cheio,3,4
2014-02-01,0.048334145002435006,0.0354891064673194,373,0.012845038535115608,cheio,3,4
2014-03-01,0.13654531727341362,0.01564692176539117,373,0.12089839550802245,cheio,3,4
2014-04-01,0.061529615296152966,0.023815238152381523,373,0.037714377143771446,cheio,3,4
2014-05-01,0.08277949667698006,0.03342620055720334,373,0.04935329611977672,cheio,3,4
2014-06-01,0.086636,0.054608000000000004,373,0.032028,cheio,3,4
2014-07-01,0.11886411886411886,0.059213059213059215,373,0.05965105965105965,cheio,3,4
2014-08-01,0.08975464098143608,0.05743277026891892,373,0.03232187071251716,cheio,3,4
2014-09-01,0.030305727248454765,0.02368778680991871,373,0.006617940438536054,cheio,3,4
2014-10-01,0.059603476827814625,0.03585828686629493,373,0.023745189961519697,cheio,3,4
2014-11-01,0.05916553248979241,0.03055827502447522,373,0.028607257465317188,cheio,3,4
2014-12-01,0.05245015735047205,0.053387160161480485,373,-0.0009370028110084333,cheio,3,4
2015-01-01,0.059303118606237215,0.0505251010502021,373,0.008778017556035113,cheio,3,4
2015-02-01,0.08065988725875985,0.04249646746114208,373,0.03816341979761777,cheio,3,4
2015-03-01,0.1086237827524345,0.04514690970618059,373,0.0634768730462539,cheio,3,4
2015-04-01,0.10536468390594829,0.026966919099242703,373,0.07839776480670559,cheio,3,4
2015-05-01,0.1660219961319768,0.02338414030484183,373,0.14263785582713495,cheio,3,4
2015-06-01,0.148382,0.0143,373,0.13408199999999998,cheio,3,4
2015-07-01,0.16952252570273132,0.04929644366799301,373,0.12022608203473831,cheio,3,4
2015-08-01,0.08074783850432299,0.026074947850104297,373,0.054672890654218695,cheio,3,4
2015-09-01,0.07275058200465603,0.031507252058016466,373,0.04124332994663957,cheio,3,4
2015-10-01,0.06903220709662129,0.03954411863235589,373,0.0294880884642654,cheio,3,4
2015-11-01,0.07624945749674499,0.04981329887979328,373,0.026436158616951706,cheio,3,4
2015-12-01,0.029757880968476126,0.042832828668685326,373,-0.0130749477002092,cheio,3,4
2016-01-01,0.09548371354885934,0.050197849406451785,373,0.04528586414240756,cheio,3,4
2016-02-01,0.10802,0.107711,373,0.0003090000000000037,cheio,3,4
2016-03-01,0.09595013644877196,0.11264398620412416,373,-0.016693849755352208,cheio,3,4
2016-04-01,0.0934782804348413,0.127000381001143,373,-0.0335221005663017,cheio,3,4
2016-05-01,0.10095879808240384,0.21260957478085044,373,-0.1116507766984466,cheio,3,4
2016-06-01,0.10733575135025944,0.08488759421315949,373,0.022448157137099953,cheio,3,4
2016-07-01,0.05754811509623019,0.12876625753251505,373,-0.07121814243628487,cheio,3,4
2016-08-01,0.094250811498377,0.10319279361441276,373,-0.008941982116035765,cheio,3,4
2016-09-01,0.05423648812839316,0.07433166898502087,373,-0.020095180856627717,cheio,3,4
2016-10-01,0.03235406470812942,0.06447412894825791,373,-0.03212006424012849,cheio,3,4
2016-11-01,0.07816307816307816,0.10241210241210241,373,-0.024249024249024254,cheio,3,4
2016-12-01,0.09534700000000002,0.145012,373,-0.04966499999999999,cheio,3,4
2017-01-01,0.041364917270165454,0.19972160055679888,373,-0.15835668328663344,cheio,3,4
2017-02-01,0.045181000000000006,0.123137,373,-0.077956,cheio,3,4
2017-03-01,0.05503311006622014,0.08584517169034339,373,-0.030812061624123255,cheio,3,4
2017-04-01,0.0558653910577374,0.17523922667458672,373,-0.11937383561684932,cheio,3,4
2017-05-01,0.023038115190575956,0.20800104000520003,373,-0.18496292481462406,cheio,3,4
2017-06-01,0.013348026696053393,0.22011344022688048,373,-0.20676541353082709,cheio,3,4
2017-07-01,0.02243093270720188,0.21477335567993297,373,-0.19234242297273108,cheio,3,4
2017-08-01,0.014406913558518647,0.2116167302996182,373,-0.19720981674109955,cheio,3,4
2017-09-01,0.014623956128131617,0.139221582335253,373,-0.12459762620712139,cheio,3,4
2017-10-01,0.05372057023543812,0.15814173486612107,373,-0.10442116463068295,cheio,3,4
2017-11-01,0.06467206467206468,0.17134117134117136,373,-0.10666910666910667,cheio,3,4
2017-12-01,0.10742132226396678,0.1646324938974817,373,-0.05721117163351491,cheio,3,4
2018-01-01,0.10489089510910489,0.22925977074022924,373,-0.12436887563112435,cheio,3,4
2018-02-01,0.04916624583122915,0.21335406677033386,373,-0.16418782093910472,cheio,3,4
2018-03-01,0.039585960414039584,0.18514281485718515,373,-0.14555685444314556,cheio,3,4
2018-04-01,0.039965079930159866,0.18822937645875293,373,-0.14826429652859308,cheio,3,4
2018-05-01,0.041656041656041656,0.20625320625320626,383,-0.1645971645971646,cheio,3,4
2018-06-01,0.06918679243962268,0.1842304473086581,383,-0.11504365486903541,cheio,3,4
2018-07-01,0.06796593203406796,0.14226785773214226,383,-0.0743019256980743,cheio,3,4
2018-08-01,0.027048918853243443,0.11682364952905142,383,-0.08977473067580798,cheio,3,4
2018-09-01,0.024219,0.116065,383,-0.091846,cheio,3,4
2018-10-01,0.02503617525322677,0.1579291055037385,383,-0.13289293025051174,cheio,3,4
2018-11-01,0.02675526755267553,0.21505515055150554,383,-0.18829988299883,cheio,3,4
2018-12-01,0.06739426957707831,0.18036672146688587,383,-0.11297245188980756,cheio,3,4
2019-01-01,0.05824153406772746,0.23055115559075529,383,-0.1723096215230278,cheio,3,4
2019-02-01,0.018559074236296946,0.2155748622994492,383,-0.19701578806315226,cheio,3,4
2019-03-01,0.020400122400734407,0.11891971351828111,383,-0.0985195911175467,cheio,3,4
2019-04-01,0.01924219242192422,0.14139141391413915,383,-0.12214922149221492,cheio,3,4
2019-05-01,0.02261206783620351,0.1441774325322976,383,-0.12156536469609408,cheio,3,4
2019-06-01,0.061448631308212154,0.14447013317920093,383,-0.08302150187098878,cheio,3,4
2019-07-01,0.020870958258083487,0.14483771032457937,383,-0.12396675206649588,cheio,3,4
2019-08-01,0.022956,0.114658,383,-0.09170199999999999,cheio,3,4
2019-09-01,0.02017475790290517,0.17028195661652062,383,-0.15010719871361544,cheio,3,4
2019-10-01,0.010556052780263904,0.15114175570877855,383,-0.14058570292851466,cheio,3,4
2019-11-01,0.012591,0.16922,383,-0.15662900000000002,cheio,3,4
2019-12-01,0.019151172360551246,0.17086553778984012,383,-0.15171436542928887,cheio,3,4
2020-01-01,0.004536027216163297,0.14781188687132124,377,-0.14327585965515793,cheio,3,4
2020-02-01,0.000495998512004464,0.1481545555363334,377,-0.14765855702432892,cheio,3,4
2020-03-01,0.0030660245281962256,0.14050512404099233,377,-0.1374390995127961,cheio,3,4
2020-04-01,0.007731945876378866,0.23277037060740574,377,-0.22503842473102686,cheio,3,4
2020-05-01,0.0077859844280311445,0.2880444239111522,377,-0.28025843948312107,cheio,3,4
2020-06-01,0.009138045690228452,0.19694498472492364,377,-0.1878069390346952,cheio,3,4
2020-07-01,0.010913043652174608,0.2162558650234601,377,-0.20534282137128548,cheio,3,4
2020-08-01,0.0389009610990389,0.22681777318222682,377,-0.18791681208318792,cheio,3,4
2020-09-01,0.12379225724645651,0.17287096277422334,377,-0.04907870552776683,cheio,3,4
2020-10-01,0.07683953787676513,0.06854447981135868,377,0.008295058065406452,cheio,3,4
2020-11-01,0.07502432478107697,0.09143117711940592,377,-0.016406852338328948,cheio,3,4
2020-12-01,0.10293841175364701,0.062175248700994806,377,0.04076316305265221,cheio,3,4
2021-01-01,0.10968010968010969,0.08773208773208774,377,0.02194802194802195,cheio,3,4
2021-02-01,0.08462042310211551,0.08959844799223997,377,-0.004978024890124458,cheio,3,4
2021-03-01,0.092441,0.127668,377,-0.03522700000000001,cheio,3,4
2021-04-01,0.040831,0.156386,377,-0.11555499999999999,cheio,3,4
2021-05-01,0.05705822823291293,0.10097940391761567,377,-0.043921175684702746,cheio,3,4
2021-06-01,0.108351,0.070465,377,0.037886,cheio,3,4
2021-07-01,0.16133612935290545,0.1314979204854434,377,0.02983820886746205,cheio,3,4
2021-08-01,0.14225928451856903,0.08289216578433158,377,0.05936711873423746,cheio,3,4
2021-09-01,0.14100757697726907,0.04703185890442329,377,0.09397571807284577,cheio,3,4
2021-10-01,0.20778579221420776,0.03858796141203858,377,0.16919783080216919,cheio,3,4
2021-11-01,0.24649831653198587,0.05125702611650378,377,0.19524129041548208,cheio,3,4
2021-12-01,0.12043048172192689,0.06458325833303333,377,0.05584722338889356,cheio,3,4
2022-01-01,0.11793347173388694,0.02180108720434882,377,0.09613238452953812,cheio,3,4
2022-02-01,0.08778117556235113,0.09078618157236315,377,-0.0030050060100120235,cheio,3,4
2022-03-01,0.14004526040734366,0.08860179741617674,377,0.05144346299116692,cheio,3,4
2022-04-01,0.1355135420541682,0.09114236456945828,377,0.04437117748470994,cheio,3,4
2022-05-01,0.12115621156211563,0.046091460914609146,377,0.07506475064750648,cheio,3,4
2022-06-01,0.175194051164307,0.011819070914425488,377,0.1633749802498815,cheio,3,4
2022-07-01,0.1747121747121747,0.01883101883101883,377,0.15588115588115586,cheio,3,4
2022-08-01,0.13249832498324984,0.047107471074710756,377,0.0853908539085391,cheio,3,4
2022-09-01,0.13961427922855846,0.08836717673435346,377,0.051247102494205,cheio,3,4
2022-10-01,0.09456466195263366,0.14561401929813506,377,-0.051049357345501395,cheio,3,4
2022-11-01,0.08712582574834851,0.12825874348251304,377,-0.041132917734164526,cheio,3,4
2022-12-01,0.10086139483163101,0.16997498015011908,377,-0.06911358531848807,cheio,3,4
2023-01-01,0.07844692155307843,0.08453891546108454,377,-0.006091993908006105,cheio,3,4
2023-02-01,0.12340413617104681,0.05872558892087756,377,0.06467854725016925,cheio,3,4
2023-03-01,0.10415068754793735,0.06267281198156406,377,0.04147787556637329,cheio,3,4
2023-04-01,0.10953021906043812,0.034800069600139205,377,0.07473014946029892,cheio,3,4
2023-05-01,0.11071544286177144,0.06663026652106609,377,0.044085176340705357,cheio,3,4
2023-06-01,0.055506,0.106358,377,-0.050851999999999994,cheio,3,4
2023-07-01,0.047886,0.101175,377,-0.053289,cheio,3,4
2023-08-01,0.032089000000000006,0.109911,377,-0.07782199999999999,cheio,3,4
2023-09-01,0.03202303202303203,0.17943517943517945,377,-0.14741214741214742,cheio,3,4
2023-10-01,0.049549247746238735,0.08260041300206501,377,-0.03305116525582628,cheio,3,4
2023-11-01,0.052892841321476036,0.07732376802869592,377,-0.024430926707219885,cheio,3,4
2023-12-01,0.05460667235996584,0.05758565448607308,377,-0.0029789821261072408,cheio,3,4
2024-01-01,0.06185187629624741,0.09086781826436346,377,-0.029015941968116056,cheio,3,4
2024-02-01,0.03953903953903954,0.06160406160406161,377,-0.022065022065022068,cheio,3,4
2024-03-01,0.016230097380584285,0.08279349676098058,377,-0.0665633993803963,cheio,3,4
2024-04-01,0.05056789886420227,0.039806920386159225,377,0.010760978478043047,cheio,3,4
2024-05-01,0.07902823708471124,0.022824068472205417,377,0.05620416861250582,cheio,3,4
2024-06-01,0.024384121920609604,0.05102025510127551,377,-0.026636133180665905,cheio,3,4
2024-07-01,0.049877950122049874,0.13516386483613516,377,-0.08528591471408528,cheio,3,4
2024-08-01,0.014627131644184797,0.06995162956466608,377,-0.05532449792048128,cheio,3,4
2024-09-01,0.02202802202802203,0.06252406252406252,377,-0.04049604049604049,cheio,3,4
2024-10-01,0.050763949236050765,0.0675029324970675,377,-0.016738983261016735,cheio,3,4
2024-11-01,0.05871382385852843,0.11996064011807965,377,-0.06124681625955122,cheio,3,4
2024-12-01,0.08196840984204921,0.05526627633138166,377,0.026702133510667553,cheio,3,4
2025-01-01,0.07704284591430817,0.06289487421025157,377,0.0141479717040566,cheio,3,4
2025-02-01,0.0664930664930665,0.0813970813970814,377,-0.014904014904014912,cheio,3,4
2025-03-01,0.049073049073049074,0.05652805652805653,377,-0.007455007455007455,cheio,3,4
2025-04-01,0.044263309843168896,0.0542183795286567,377,-0.009955069685487802,cheio,3,4
2025-05-01,0.01849107396429586,0.12171348685394742,377,-0.10322241288965156,cheio,3,4
2025-06-01,0.035404354043540434,0.17418574185741859,377,-0.13878138781387817,cheio,3,4
2025-07-01,0.03683711051133153,0.13363940091820276,377,-0.09680229040687122,cheio,3,4
2025-08-01,0.025548383225748383,0.12179282689240338,377,-0.096244443666655,cheio,3,4
2025-09-01,0.013935013935013936,0.09243009243009244,377,-0.0784950784950785,cheio,3,4
2025-10-01,0.015801015801015804,0.11445811445811446,377,-0.09865709865709865,cheio,3,4
2025-11-01,0.029278175669054017,0.1387278323669942,377,-0.10944965669794018,cheio,3,4
2025-12-01,0.021147915408338366,0.12481550073799705,377,-0.10366758532965868,cheio,3,4
2026-01-01,0.0022619864280814315,0.12935622386265683,377,-0.1270942374345754,cheio,3,4
2026-02-01,0.004138028966202763,0.12673488714421,377,-0.12259685817800724,cheio,3,4
2026-03-01,0.01712613700909607,0.12439199513596108,377,-0.10726585812686501,cheio,3,4
2026-04-01,0.09030754846225768,0.10656746716266419,377,-0.01625991870040651,cheio,3,4
2026-05-01,0.09168636674546699,0.08276033104132417,377,0.008926035704142812,cheio,3,4
2026-06-01,0.011437000000000001,0.08055899999999999,377,-0.06912199999999999,cheio,3,4
2026-07-01,0.06885813771627543,0.08075916151832303,377,-0.011901023802047606,cheio,3,4
2009-07-01,0.0,0.0,225,0.0,sem_alimentacao,3,2
2009-08-01,0.06658427853228342,0.4351012274106617,225,-0.36851694887837827,sem_alimentacao,3,2
2009-09-01,0.1420280444789938,0.33452114718242365,225,-0.19249310270342984,sem_alimentacao,3,2
2009-10-01,0.21937744517889537,0.2940571493542402,225,-0.07467970417534484,sem_alimentacao,3,2
2009-11-01,0.07468831470535092,0.40681190470044654,225,-0.3321235899950956,sem_alimentacao,3,2
2009-12-01,0.07694125394642545,0.5977583657763401,225,-0.5208171118299146,sem_alimentacao,3,2
2010-01-01,0.15021330149407855,0.43601277872793576,225,-0.28579947723385724,sem_alimentacao,3,2
2010-02-01,0.26226455567960966,0.2844521461357152,225,-0.02218759045610552,sem_alimentacao,3,2
2010-03-01,0.17856699591456793,0.3474840978435124,225,-0.1689171019289445,sem_alimentacao,3,2
2010-04-01,0.1357849722255359,0.4453755906287765,225,-0.30959061840324065,sem_alimentacao,3,2
2010-05-01,0.2815174009698262,0.32068875859648216,225,-0.03917135762665597,sem_alimentacao,3,2
2010-06-01,0.2123259367836704,0.3143832483483811,225,-0.1020573115647107,sem_alimentacao,3,2
2010-07-01,0.08126184631637821,0.5028573574040125,225,-0.42159551108763427,sem_alimentacao,3,2
2010-08-01,0.06006581031373032,0.47859096110209653,225,-0.4185251507883662,sem_alimentacao,3,2
2010-09-01,0.06789709562438069,0.2850825346009697,225,-0.21718543897658904,sem_alimentacao,3,2
2010-10-01,0.23063362507474744,0.2501430231865825,225,-0.019509398111835052,sem_alimentacao,3,2
2010-11-01,0.2957486016760408,0.32132685911829295,225,-0.025578257442252172,sem_alimentacao,3,2
2010-12-01,0.17038943698151784,0.40666473682426174,225,-0.2362752998427439,sem_alimentacao,3,2
2011-01-01,0.13773178849051154,0.2933624635599942,225,-0.15563067506948264,sem_alimentacao,3,2
2011-02-01,0.2620068773290118,0.16512652689653007,225,0.09688035043248172,sem_alimentacao,3,2
2011-03-01,0.28089830422162243,0.2082306686879687,225,0.07266763553365374,sem_alimentacao,3,2
2011-04-01,0.2568466680593273,0.2599919051598078,225,-0.0031452371004804802,sem_alimentacao,3,2
2011-05-01,0.25513077473132595,0.2935502560167859,225,-0.03841948128545997,sem_alimentacao,3,2
2011-06-01,0.26066205315589464,0.27703649164307037,225,-0.016374438487175735,sem_alimentacao,3,2
2011-07-01,0.1541174522502272,0.2793157984632976,225,-0.12519834621307044,sem_alimentacao,3,2
2011-08-01,0.11024013643967946,0.3693948093034155,225,-0.25915467286373606,sem_alimentacao,3,2
2011-09-01,0.17645188197268274,0.2851540506725055,225,-0.10870216869982274,sem_alimentacao,3,2
2011-10-01,0.26654176656718986,0.31748353678490454,225,-0.05094177021771468,sem_alimentacao,3,2
2011-11-01,0.17769149099901657,0.4105197119059234,225,-0.23282822090690683,sem_alimentacao,3,2
2011-12-01,0.11760563564293311,0.34365062567447163,225,-0.22604499003153852,sem_alimentacao,3,2
2012-01-01,0.13407513108721414,0.3306090433592668,211,-0.19653391227205264,sem_alimentacao,3,2
2012-02-01,0.16125126292874478,0.2681926838668014,211,-0.10694142093805661,sem_alimentacao,3,2
2012-03-01,0.2517579408187028,0.29178890399463997,211,-0.040030963175937184,sem_alimentacao,3,2
2012-04-01,0.2194064280426385,0.2845052244272386,211,-0.06509879638460009,sem_alimentacao,3,2
2012-05-01,0.15582723146353836,0.26537346044297627,211,-0.10954622897943792,sem_alimentacao,3,2
2012-06-01,0.18235151666653646,0.4063830452070525,211,-0.22403152854051603,sem_alimentacao,3,2
2012-07-01,0.16842927689502338,0.31685636248379345,211,-0.14842708558877007,sem_alimentacao,3,2
2012-08-01,0.20737930935390878,0.33492952337660814,211,-0.12755021402269937,sem_alimentacao,3,2
2012-09-01,0.21176641403901647,0.2885278967374669,211,-0.07676148269845046,sem_alimentacao,3,2
2012-10-01,0.23005050538151683,0.25099457457113683,211,-0.020944069189619996,sem_alimentacao,3,2
2012-11-01,0.23233695473661942,0.27769887390080183,211,-0.04536191916418242,sem_alimentacao,3,2
2012-12-01,0.2628537399450238,0.2572496394734801,211,0.005604100471543694,sem_alimentacao,3,2
2013-01-01,0.2412149149117545,0.26143587072059277,211,-0.02022095580883826,sem_alimentacao,3,2
2013-02-01,0.285760301622966,0.2456033119384503,211,0.0401569896845157,sem_alimentacao,3,2
2013-03-01,0.28329492370802684,0.2379102339920551,211,0.04538468971597173,sem_alimentacao,3,2
2013-04-01,0.21967467984007258,0.29925501630315104,211,-0.07958033646307847,sem_alimentacao,3,2
2013-05-01,0.18148961351020715,0.3396280548792393,211,-0.15813844136903216,sem_alimentacao,3,2
2013-06-01,0.178406649011759,0.23894155552663243,211,-0.06053490651487342,sem_alimentacao,3,2
2013-07-01,0.27815255980623116,0.31592952652709116,211,-0.037776966720860006,sem_alimentacao,3,2
2013-08-01,0.14169721152507772,0.24954563832678248,211,-0.10784842680170476,sem_alimentacao,3,2
2013-09-01,0.23323813661700188,0.26594059301019435,211,-0.03270245639319247,sem_alimentacao,3,2
2013-10-01,0.2560491797419493,0.29871477682335823,211,-0.042665597081408935,sem_alimentacao,3,2
2013-11-01,0.19983030849385533,0.27648049210536785,211,-0.07665018361151252,sem_alimentacao,3,2
2013-12-01,0.18105079222399434,0.19882959527701655,211,-0.017778803053022207,sem_alimentacao,3,2
2014-01-01,0.2342509169429315,0.1701371537190039,212,0.06411376322392759,sem_alimentacao,3,2
2014-02-01,0.3548713226757878,0.10125154735195507,212,0.25361977532383273,sem_alimentacao,3,2
2014-03-01,0.39476043575943576,0.10346103549895623,212,0.2912994002604795,sem_alimentacao,3,2
2014-04-01,0.20648372880273366,0.23831954779165201,212,-0.03183581898891835,sem_alimentacao,3,2
2014-05-01,0.27087804136820587,0.2612717564292931,212,0.009606284938912746,sem_alimentacao,3,2
2014-06-01,0.366457059959252,0.19376353376641384,212,0.17269352619283815,sem_alimentacao,3,2
2014-07-01,0.3065640478183955,0.2683042732266768,212,0.0382597745917187,sem_alimentacao,3,2
2014-08-01,0.2420797473288729,0.21637226950345173,212,0.025707477825421182,sem_alimentacao,3,2
2014-09-01,0.1762677816262839,0.17420314000900788,212,0.002064641617276014,sem_alimentacao,3,2
2014-10-01,0.2149368071454592,0.36183460038131093,212,-0.14689779323585173,sem_alimentacao,3,2
2014-11-01,0.17162085252598322,0.27504574322096104,212,-0.10342489069497782,sem_alimentacao,3,2
2014-12-01,0.20423234371922427,0.2029707055059595,212,0.0012616382132647763,sem_alimentacao,3,2
2015-01-01,0.32616019534523116,0.2751778075881445,212,0.05098238775708669,sem_alimentacao,3,2
2015-02-01,0.3378036960153376,0.1616276759846997,212,0.1761760200306379,sem_alimentacao,3,2
2015-03-01,0.38816866003704037,0.15595820912214925,212,0.23221045091489112,sem_alimentacao,3,2
2015-04-01,0.2595721065421705,0.12500232897969396,212,0.13456977756247654,sem_alimentacao,3,2
2015-05-01,0.3017047899015274,0.25094736449524285,212,0.05075742540628453,sem_alimentacao,3,2
2015-06-01,0.31393568760185203,0.1113995480808116,212,0.20253613952104044,sem_alimentacao,3,2
2015-07-01,0.40928948263557724,0.19821920457804487,212,0.21107027805753237,sem_alimentacao,3,2
2015-08-01,0.2619845262825054,0.2632186346358847,212,-0.0012341083533792818,sem_alimentacao,3,2
2015-09-01,0.19638260118358025,0.25418579197090513,212,-0.057803190787324876,sem_alimentacao,3,2
2015-10-01,0.20946116030936968,0.26600090301631424,212,-0.05653974270694456,sem_alimentacao,3,2
2015-11-01,0.2791660785290256,0.24493646781843992,212,0.03422961071058567,sem_alimentacao,3,2
2015-12-01,0.2634952721485354,0.2526843675146802,212,0.0108109046338552,sem_alimentacao,3,2
2016-01-01,0.2518357520230054,0.24673443456162644,212,0.005101317461378957,sem_alimentacao,3,2
2016-02-01,0.31156908451394116,0.28737987592043124,212,0.024189208593509925,sem_alimentacao,3,2
2016-03-01,0.2248145800997857,0.3298930176853796,212,-0.1050784375855939,sem_alimentacao,3,2
2016-04-01,0.1929951879448189,0.35156815911288,212,-0.15857297116806107,sem_alimentacao,3,2
2016-05-01,0.30353928000701247,0.3549394162109678,212,-0.05140013620395534,sem_alimentacao,3,2
2016-06-01,0.3160975807104135,0.27767214175904203,212,0.03842543895137146,sem_alimentacao,3,2
2016-07-01,0.15196374948691915,0.2811467087212945,212,-0.12918295923437534,sem_alimentacao,3,2
2016-08-01,0.19499207272244778,0.20473091259144124,212,-0.00973883986899346,sem_alimentacao,3,2
2016-09-01,0.26795460850853625,0.20146974238907572,212,0.06648486611946053,sem_alimentacao,3,2
2016-10-01,0.20537068222179575,0.34768335437204184,212,-0.1423126721502461,sem_alimentacao,3,2
2016-11-01,0.20269115445314914,0.3744490180539824,212,-0.17175786360083325,sem_alimentacao,3,2
2016-12-01,0.25035560726935413,0.3653215835747868,212,-0.11496597630543265,sem_alimentacao,3,2
2017-01-01,0.19841433431006025,0.3720939005085716,212,-0.17367956619851135,sem_alimentacao,3,2
2017-02-01,0.15424188418623636,0.3733146358778307,212,-0.21907275169159435,sem_alimentacao,3,2
2017-03-01,0.19288499954995558,0.29787296925860896,212,-0.10498796970865337,sem_alimentacao,3,2
2017-04-01,0.13882162275479681,0.4069922138516574,212,-0.2681705910968606,sem_alimentacao,3,2
2017-05-01,0.07297144156887658,0.4572538738067007,212,-0.3842824322378241,sem_alimentacao,3,2
2017-06-01,0.096132567008648,0.401107858408981,212,-0.30497529140033297,sem_alimentacao,3,2
2017-07-01,0.17146981602647782,0.3457730899314309,212,-0.1743032739049531,sem_alimentacao,3,2
2017-08-01,0.22350127414450296,0.37005465972846796,212,-0.146553385583965,sem_alimentacao,3,2
2017-09-01,0.11887692473780383,0.32175125317041114,212,-0.20287432843260733,sem_alimentacao,3,2
2017-10-01,0.2796574320171763,0.28898652980974654,212,-0.00932909779257024,sem_alimentacao,3,2
2017-11-01,0.27703419760416215,0.3056546184098851,212,-0.028620420805722968,sem_alimentacao,3,2
2017-12-01,0.22299713450338904,0.36242832944993597,212,-0.13943119494654693,sem_alimentacao,3,2
2018-01-01,0.2392354394194728,0.45931178410285717,212,-0.22007634468338436,sem_alimentacao,3,2
2018-02-01,0.10407648386668437,0.4284955517195591,212,-0.3244190678528747,sem_alimentacao,3,2
2018-03-01,0.14150429638070505,0.34984662881523243,212,-0.20834233243452738,sem_alimentacao,3,2
2018-04-01,0.14356316919892886,0.3703683583600427,212,-0.22680518916111386,sem_alimentacao,3,2
2018-05-01,0.15962819835599174,0.4339239212602387,213,-0.274295722904247,sem_alimentacao,3,2
2018-06-01,0.31985012877490465,0.3884489042883499,213,-0.06859877551344523,sem_alimentacao,3,2
2018-07-01,0.2872617651273505,0.3059662875430561,213,-0.018704522415705582,sem_alimentacao,3,2
2018-08-01,0.16053131935473186,0.41041703931895723,213,-0.24988571996422537,sem_alimentacao,3,2
2018-09-01,0.10085113875719709,0.40398972119876986,213,-0.30313858244157277,sem_alimentacao,3,2
2018-10-01,0.16564470721093005,0.4940143634120443,213,-0.32836965620111425,sem_alimentacao,3,2
2018-11-01,0.14828230338565093,0.4851527194217194,213,-0.3368704160360685,sem_alimentacao,3,2
2018-12-01,0.2570115570236191,0.42969090694601114,213,-0.17267934992239203,sem_alimentacao,3,2
2019-01-01,0.15268479971131474,0.343410784836593,213,-0.19072598512527825,sem_alimentacao,3,2
2019-02-01,0.14581306194934943,0.5398329372105511,213,-0.39401987526120175,sem_alimentacao,3,2
2019-03-01,0.08600861270507074,0.33807795083625214,213,-0.2520693381311814,sem_alimentacao,3,2
2019-04-01,0.24606871170552508,0.33958090259952395,213,-0.09351219089399887,sem_alimentacao,3,2
2019-05-01,0.19443807278275066,0.3921888169335652,213,-0.19775074415081456,sem_alimentacao,3,2
2019-06-01,0.13673388470217568,0.4079943160045983,213,-0.2712604313024226,sem_alimentacao,3,2
2019-07-01,0.1710375358109051,0.3923027325963986,213,-0.22126519678549347,sem_alimentacao,3,2
2019-08-01,0.21470415895468742,0.36932729396226766,213,-0.15462313500758024,sem_alimentacao,3,2
2019-09-01,0.10597658084596585,0.3671826699321518,213,-0.261206089086186,sem_alimentacao,3,2
2019-10-01,0.15037007200040278,0.42671302393741767,213,-0.27634295193701486,sem_alimentacao,3,2
2019-11-01,0.1884483057841933,0.41085776588993855,213,-0.22240946010574525,sem_alimentacao,3,2
2019-12-01,0.08193207126948775,0.3169198748541733,213,-0.23498780358468552,sem_alimentacao,3,2
2020-01-01,0.08572718074870554,0.39007231138532344,209,-0.3043451306366179,sem_alimentacao,3,2
2020-02-01,0.07969987112171245,0.60039668215935,209,-0.5206968110376375,sem_alimentacao,3,2
2020-03-01,0.036793079845645636,0.4093936928983106,209,-0.372600613052665,sem_alimentacao,3,2
2020-04-01,0.10010976893824969,0.46897069554721,209,-0.3688609266089603,sem_alimentacao,3,2
2020-05-01,0.032167896828818154,0.5272291300398225,209,-0.49506123321100437,sem_alimentacao,3,2
2020-06-01,0.2065526994218206,0.441876705128526,209,-0.2353240057067054,sem_alimentacao,3,2
2020-07-01,0.34975576047250523,0.31869815699932147,209,0.03105760347318376,sem_alimentacao,3,2
2020-08-01,0.24954816922547762,0.34300365842218816,209,-0.09345548919671054,sem_alimentacao,3,2
2020-09-01,0.1681276167789463,0.41641900024171746,209,-0.24829138346277116,sem_alimentacao,3,2
2020-10-01,0.20173573164949843,0.3360920760240905,209,-0.1343563443745921,sem_alimentacao,3,2
2020-11-01,0.28466728960413207,0.23855352407325442,209,0.04611376553087765,sem_alimentacao,3,2
2020-12-01,0.27501741321884937,0.193724909134658,209,0.08129250408419136,sem_alimentacao,3,2
2021-01-01,0.21333395872182426,0.2734663298020012,209,-0.06013237108017694,sem_alimentacao,3,2
2021-02-01,0.22477947602691004,0.35624275929351035,209,-0.1314632832666003,sem_alimentacao,3,2
2021-03-01,0.3041267578481706,0.3623310639420443,209,-0.05820430609387367,sem_alimentacao,3,2
2021-04-01,0.14760519814511067,0.2859751837676933,209,-0.13836998562258265,sem_alimentacao,3,2
2021-05-01,0.24192954228690713,0.32992889414379917,209,-0.08799935185689203,sem_alimentacao,3,2
2021-06-01,0.289034036660702,0.2424677369382813,209,0.046566299722420684,sem_alimentacao,3,2
2021-07-01,0.3465328259522876,0.27275945334327867,209,0.07377337260900896,sem_alimentacao,3,2
2021-08-01,0.3639208969758515,0.21649129055848795,209,0.14742960641736355,sem_alimentacao,3,2
2021-09-01,0.33454249717629886,0.16592611705363705,209,0.1686163801226618,sem_alimentacao,3,2
2021-10-01,0.48113968542962626,0.14723107267485966,209,0.3339086127547666,sem_alimentacao,3,2
2021-11-01,0.4373739838117788,0.13680728229775152,209,0.30056670151402726,sem_alimentacao,3,2
2021-12-01,0.27388192096878117,0.20054244280834568,209,0.07333947816043548,sem_alimentacao,3,2
2022-01-01,0.2545202756560958,0.23102594113551747,209,0.023494334520578336,sem_alimentacao,3,2
2022-02-01,0.24612860361953456,0.1875802067439346,209,0.058548396875599956,sem_alimentacao,3,2
2022-03-01,0.2795607318102875,0.2180389162897815,209,0.06152181552050601,sem_alimentacao,3,2
2022-04-01,0.3976820332241905,0.25216565229231713,209,0.14551638093187336,sem_alimentacao,3,2
2022-05-01,0.33167552931404765,0.1813961876434333,209,0.15027934167061435,sem_alimentacao,3,2
2022-06-01,0.3223882568397203,0.17255831320343515,209,0.14982994363628513,sem_alimentacao,3,2
2022-07-01,0.3937304983280651,0.2647818861864639,209,0.1289486121416012,sem_alimentacao,3,2
2022-08-01,0.27866649464321525,0.3072355873940874,209,-0.02856909275087216,sem_alimentacao,3,2
2022-09-01,0.2278754267521792,0.34638840974351365,209,-0.11851298299133445,sem_alimentacao,3,2
2022-10-01,0.2752069138379064,0.4173073578458454,209,-0.14210044400793898,sem_alimentacao,3,2
2022-11-01,0.1861516773440858,0.3154588902306732,209,-0.1293072128865874,sem_alimentacao,3,2
2022-12-01,0.2102375687213981,0.23615846105019606,209,-0.025920892328797962,sem_alimentacao,3,2
2023-01-01,0.3470953061088672,0.2165184627749707,209,0.1305768433338965,sem_alimentacao,3,2
2023-02-01,0.3041471881864404,0.180811926206215,209,0.12333526198022537,sem_alimentacao,3,2
2023-03-01,0.22755294343118154,0.24415881432267544,209,-0.0166058708914939,sem_alimentacao,3,2
2023-04-01,0.29152568312980265,0.17045563243312184,209,0.12107005069668081,sem_alimentacao,3,2
2023-05-01,0.22552788129225185,0.23132114803895176,209,-0.0057932667466999155,sem_alimentacao,3,2
2023-06-01,0.10947265575175637,0.33845107933122787,209,-0.2289784235794715,sem_alimentacao,3,2
2023-07-01,0.16797491824488842,0.2674347232551269,209,-0.09945980501023849,sem_alimentacao,3,2
2023-08-01,0.2555060982509405,0.2766341570708053,209,-0.021128058819864792,sem_alimentacao,3,2
2023-09-01,0.28996089318197665,0.24329004329004328,209,0.046670849891933375,sem_alimentacao,3,2
2023-10-01,0.1284940288411084,0.21965013876859468,209,-0.0911561099274863,sem_alimentacao,3,2
2023-11-01,0.23339243528715456,0.4432595950040722,209,-0.20986715971691763,sem_alimentacao,3,2
2023-12-01,0.2400416222025588,0.32717988057668523,209,-0.08713825837412642,sem_alimentacao,3,2
2024-01-01,0.1803796385155736,0.2106406796120197,209,-0.030261041096446117,sem_alimentacao,3,2
2024-02-01,0.25072029627784437,0.23482484758441796,209,0.015895448693426406,sem_alimentacao,3,2
2024-03-01,0.24659310649950988,0.2648331292820573,209,-0.018240022782547438,sem_alimentacao,3,2
2024-04-01,0.15744371101957083,0.2172354421101257,209,-0.059791731090554856,sem_alimentacao,3,2
2024-05-01,0.19859006037139873,0.3353198155742925,209,-0.1367297552028938,sem_alimentacao,3,2
2024-06-01,0.13153243840748222,0.3844137641040017,209,-0.25288132569651944,sem_alimentacao,3,2
2024-07-01,0.24098980208548498,0.25096330637860553,209,-0.00997350429312055,sem_alimentacao,3,2
2024-08-01,0.24472085035465319,0.18017956222181575,209,0.06454128813283744,sem_alimentacao,3,2
2024-09-01,0.16170428736375977,0.2788359788359788,209,-0.11713169147221905,sem_alimentacao,3,2
2024-10-01,0.2116817869755956,0.2615718268607244,209,-0.0498900398851288,sem_alimentacao,3,2
2024-11-01,0.1861908150557857,0.3227132945332554,209,-0.13652247947746973,sem_alimentacao,3,2
2024-12-01,0.17113275638108422,0.32189116941821644,209,-0.15075841303713222,sem_alimentacao,3,2
2025-01-01,0.27583692494333234,0.22205791271589564,209,0.053779012227436696,sem_alimentacao,3,2
2025-02-01,0.20861095823787645,0.165664955908515,209,0.042946002329361466,sem_alimentacao,3,2
2025-03-01,0.16658297653226414,0.2413597921929243,209,-0.07477681566066016,sem_alimentacao,3,2
2025-04-01,0.21414465390291132,0.29551519402247717,209,-0.08137054011956585,sem_alimentacao,3,2
2025-05-01,0.15183569401469582,0.370011338957969,209,-0.21817564494327318,sem_alimentacao,3,2
2025-06-01,0.1503313684350751,0.43144247100686306,209,-0.28111110257178795,sem_alimentacao,3,2
2025-07-01,0.21184246214311667,0.293907076000348,209,-0.08206461385723132,sem_alimentacao,3,2
2025-08-01,0.20633061136888584,0.23025596345277274,209,-0.023925352083886908,sem_alimentacao,3,2
2025-09-01,0.18198421490598882,0.17343310479321628,209,0.008551110112772542,sem_alimentacao,3,2
2025-10-01,0.18218280564195444,0.25646972811730206,209,-0.07428692247534763,sem_alimentacao,3,2
2025-11-01,0.1595154836885791,0.4205529761434804,209,-0.2610374924549013,sem_alimentacao,3,2
2025-12-01,0.10321711040456982,0.4052584150678271,209,-0.3020413046632573,sem_alimentacao,3,2
2026-01-01,0.194918176947521,0.30097571715274357,209,-0.10605754020522257,sem_alimentacao,3,2
2026-02-01,0.22790950949320787,0.2842529673033641,209,-0.056343457810156206,sem_alimentacao,3,2
2026-03-01,0.19128024673943297,0.25144903501448085,209,-0.060168788275047874,sem_alimentacao,3,2
2026-04-01,0.2506954390655336,0.15405327986250358,209,0.09664215920303001,sem_alimentacao,3,2
2026-05-01,0.21282508797192043,0.27604880767597256,209,-0.06322371970405213,sem_alimentacao,3,2
2026-06-01,0.17986399461192715,0.34702461055965156,209,-0.1671606159477244,sem_alimentacao,3,2
2026-07-01,0.18401453293911585,0.31498077423901216,209,-0.1309662412998963,sem_alimentacao,3,2
2009-07-01,0.0,0.0,225,0.0,sem_alimentacao,3,3
2009-08-01,0.0,0.0,225,0.0,sem_alimentacao,3,3
2009-09-01,0.023867944418072534,0.1245070356952074,225,-0.10063909127713486,sem_alimentacao,3,3
2009-10-01,0.0791436899526081,0.16973223837554846,225,-0.09058854842294035,sem_alimentacao,3,3
2009-11-01,0.02963139826024109,0.20636663999380503,225,-0.17673524173356395,sem_alimentacao,3,3
2009-12-01,0.010403713675130901,0.2931440340377178,225,-0.28274032036258695,sem_alimentacao,3,3
2010-01-01,0.04323211462131724,0.346946335796573,225,-0.30371422117525576,sem_alimentacao,3,3
2010-02-01,0.045591169416532275,0.24631455981474593,225,-0.20072339039821366,sem_alimentacao,3,3
2010-03-01,0.1034868387030046,0.22962713968040543,225,-0.12614030097740084,sem_alimentacao,3,3
2010-04-01,0.08267376544970773,0.23385528233481845,225,-0.15118151688511072,sem_alimentacao,3,3
2010-05-01,0.09826835324553763,0.20425501488540193,225,-0.1059866616398643,sem_alimentacao,3,3
2010-06-01,0.10906662092553031,0.2587375966151559,225,-0.14967097568962556,sem_alimentacao,3,3
2010-07-01,0.05732451915607619,0.21252162114573947,225,-0.15519710198966327,sem_alimentacao,3,3
2010-08-01,0.030496421806615943,0.2930304421186008,225,-0.26253402031198486,sem_alimentacao,3,3
2010-09-01,0.02990676180399179,0.20011911544508743,225,-0.17021235364109563,sem_alimentacao,3,3
2010-10-01,0.04402654924527765,0.09240074449716672,225,-0.04837419525188907,sem_alimentacao,3,3
2010-11-01,0.17605830429763036,0.1692533657823277,225,0.006804938515302672,sem_alimentacao,3,3
2010-12-01,0.113760297925941,0.26030183778370636,225,-0.14654153985776536,sem_alimentacao,3,3
2011-01-01,0.07477730926082486,0.18821924502710705,225,-0.11344193576628218,sem_alimentacao,3,3
2011-02-01,0.04337373666029683,0.0676065770181063,225,-0.024232840357809468,sem_alimentacao,3,3
2011-03-01,0.1411059446910137,0.11790014402429741,225,0.023205800666716292,sem_alimentacao,3,3
2011-04-01,0.15913803008147065,0.11042014831836224,225,0.048717881763108414,sem_alimentacao,3,3
2011-05-01,0.09336130988731087,0.16322179248286697,225,-0.0698604825955561,sem_alimentacao,3,3
2011-06-01,0.15793376335326778,0.18774534569346915,225,-0.02981158234020137,sem_alimentacao,3,3
2011-07-01,0.08133074825905155,0.16124944097985963,225,-0.07991869272080808,sem_alimentacao,3,3
2011-08-01,0.07647391958130724,0.15810729001894272,225,-0.08163337043763548,sem_alimentacao,3,3
2011-09-01,0.05606688562193724,0.14904858721718278,225,-0.09298170159524555,sem_alimentacao,3,3
2011-10-01,0.0961600390084653,0.19588976979529682,225,-0.09972973078683152,sem_alimentacao,3,3
2011-11-01,0.13158183056082348,0.26336713212833285,225,-0.13178530156750937,sem_alimentacao,3,3
2011-12-01,0.028412075033903222,0.23498263684751,225,-0.20657056181360678,sem_alimentacao,3,3
2012-01-01,0.014125289588598825,0.1661344263446602,211,-0.15200913675606137,sem_alimentacao,3,3
2012-02-01,0.0959578468236691,0.124829439520035,211,-0.028871592696365897,sem_alimentacao,3,3
2012-03-01,0.04000494370035972,0.13553284633548213,211,-0.0955279026351224,sem_alimentacao,3,3
2012-04-01,0.14726626689270506,0.1734111717262923,211,-0.02614490483358725,sem_alimentacao,3,3
2012-05-01,0.047519150983885865,0.12324779877485727,211,-0.07572864779097141,sem_alimentacao,3,3
2012-06-01,0.059662841474560774,0.1851767947025386,211,-0.12551395322797781,sem_alimentacao,3,3
2012-07-01,0.03778959807791137,0.18880451200392348,211,-0.1510149139260121,sem_alimentacao,3,3
2012-08-01,0.05754121422777449,0.17939895999467068,211,-0.12185774576689619,sem_alimentacao,3,3
2012-09-01,0.12258501657296685,0.20238901867630787,211,-0.07980400210334103,sem_alimentacao,3,3
2012-10-01,0.1190330441256854,0.13335753956342272,211,-0.014324495437737325,sem_alimentacao,3,3
2012-11-01,0.08654054600898933,0.17719606423666082,211,-0.09065551822767148,sem_alimentacao,3,3
2012-12-01,0.07285067694851931,0.15099521094580862,211,-0.07814453399728931,sem_alimentacao,3,3
2013-01-01,0.07916179921910356,0.17409544406908095,211,-0.09493364484997739,sem_alimentacao,3,3
2013-02-01,0.14347288852042633,0.1270676513065312,211,0.01640523721389514,sem_alimentacao,3,3
2013-03-01,0.10111019481026616,0.15359658377159136,211,-0.052486388961325195,sem_alimentacao,3,3
2013-04-01,0.1757981115406146,0.14146333051222934,211,0.03433478102838525,sem_alimentacao,3,3
2013-05-01,0.08061201854810965,0.23258723814609225,211,-0.1519752195979826,sem_alimentacao,3,3
2013-06-01,0.09257537645061982,0.1550453281342552,211,-0.06246995168363538,sem_alimentacao,3,3
2013-07-01,0.08594047579548095,0.20025880088921333,211,-0.11431832509373238,sem_alimentacao,3,3
2013-08-01,0.08660113606988751,0.18394655036421842,211,-0.09734541429433091,sem_alimentacao,3,3
2013-09-01,0.062346342962507684,0.11977698535489477,211,-0.057430642392387085,sem_alimentacao,3,3
2013-10-01,0.12394613420382747,0.12692588224236961,211,-0.002979748038542146,sem_alimentacao,3,3
2013-11-01,0.07542257162174704,0.17186037570760032,211,-0.09643780408585328,sem_alimentacao,3,3
2013-12-01,0.06809374374394281,0.11332826882716909,211,-0.045234525083226285,sem_alimentacao,3,3
2014-01-01,0.08190252237181689,0.10017510395554667,212,-0.018272581583729783,sem_alimentacao,3,3
2014-02-01,0.1644047355272009,0.05435401289891165,212,0.11005072262828924,sem_alimentacao,3,3
2014-03-01,0.20957859081106747,0.03337692342379382,212,0.17620166738727366,sem_alimentacao,3,3
2014-04-01,0.13028002214202833,0.07771399525223815,212,0.052566026889790174,sem_alimentacao,3,3
2014-05-01,0.126094652630232,0.11562064304927237,212,0.010474009580959634,sem_alimentacao,3,3
2014-06-01,0.18171781497007905,0.1291361323562354,212,0.05258168261384366,sem_alimentacao,3,3
2014-07-01,0.23213831714495267,0.13010293387500182,212,0.10203538326995085,sem_alimentacao,3,3
2014-08-01,0.1471019052775963,0.12516480431690855,212,0.021937100960687766,sem_alimentacao,3,3
2014-09-01,0.07821059078776572,0.0637899858238571,212,0.014420604963908623,sem_alimentacao,3,3
2014-10-01,0.13103243802367104,0.08341775888063689,212,0.04761467914303415,sem_alimentacao,3,3
2014-11-01,0.12625527908683765,0.2016996797974533,212,-0.07544440071061564,sem_alimentacao,3,3
2014-12-01,0.08499954751372099,0.11227515424458746,212,-0.027275606730866472,sem_alimentacao,3,3
2015-01-01,0.14593743464180714,0.1075171413308893,212,0.03842029331091784,sem_alimentacao,3,3
2015-02-01,0.17649866475746318,0.09921325349876209,212,0.07728541125870109,sem_alimentacao,3,3
2015-03-01,0.2287021368096044,0.07699651032589376,212,0.15170562648371066,sem_alimentacao,3,3
2015-04-01,0.20916633173720592,0.0351210137848981,212,0.17404531795230782,sem_alimentacao,3,3
2015-05-01,0.2067219257106399,0.09199125694123476,212,0.11473066876940514,sem_alimentacao,3,3
2015-06-01,0.20690317904995537,0.07518995687681933,212,0.13171322217313602,sem_alimentacao,3,3
2015-07-01,0.22694937071892113,0.0714559169762494,212,0.15549345374267173,sem_alimentacao,3,3
2015-08-01,0.1939364587627697,0.10420010433218728,212,0.08973635443058241,sem_alimentacao,3,3
2015-09-01,0.14231226094758412,0.10535170784578528,212,0.03696055310179884,sem_alimentacao,3,3
2015-10-01,0.10318359866651929,0.10830335487875209,212,-0.005119756212232804,sem_alimentacao,3,3
2015-11-01,0.12033162973162281,0.08463189685708122,212,0.03569973287454159,sem_alimentacao,3,3
2015-12-01,0.11648459342613682,0.10587797042856417,212,0.010606622997572646,sem_alimentacao,3,3
2016-01-01,0.20621012505851669,0.14842506520430684,212,0.05778505985420984,sem_alimentacao,3,3
2016-02-01,0.14874786457263942,0.1795745114853449,212,-0.03082664691270548,sem_alimentacao,3,3
2016-03-01,0.14894011246032468,0.2101273368815085,212,-0.06118722442118382,sem_alimentacao,3,3
2016-04-01,0.13561136258983894,0.25809391989961195,212,-0.122482557309773,sem_alimentacao,3,3
2016-05-01,0.15982792450794636,0.22832502848820355,212,-0.06849710398025718,sem_alimentacao,3,3
2016-06-01,0.18530625455133912,0.18906330069854627,212,-0.0037570461472071492,sem_alimentacao,3,3
2016-07-01,0.12270328803819483,0.16701862213484847,212,-0.04431533409665364,sem_alimentacao,3,3
2016-08-01,0.11544038700820076,0.1073140813090907,212,0.008126305699110062,sem_alimentacao,3,3
2016-09-01,0.0987041635934254,0.10917506310012788,212,-0.010470899506702477,sem_alimentacao,3,3
2016-10-01,0.11496865818090406,0.15708346735936726,212,-0.042114809178463206,sem_alimentacao,3,3
2016-11-01,0.15601513656252067,0.21722425252084787,212,-0.061209115958327204,sem_alimentacao,3,3
2016-12-01,0.13117762296596014,0.2807052551675972,212,-0.14952763220163706,sem_alimentacao,3,3
2017-01-01,0.12000538883836852,0.29208042841265025,212,-0.17207503957428172,sem_alimentacao,3,3
2017-02-01,0.08633698257014577,0.1492752041834883,212,-0.06293822161334253,sem_alimentacao,3,3
2017-03-01,0.06933236249128459,0.22456006480639357,212,-0.15522770231510896,sem_alimentacao,3,3
2017-04-01,0.09466338413904873,0.25124505806687436,212,-0.15658167392782563,sem_alimentacao,3,3
2017-05-01,0.03737400791113899,0.25487514855256305,212,-0.21750114064142406,sem_alimentacao,3,3
2017-06-01,0.03771150024171456,0.27487377128431,212,-0.23716227104259546,sem_alimentacao,3,3
2017-07-01,0.05730641727228699,0.26551861536211785,212,-0.20821219808983085,sem_alimentacao,3,3
2017-08-01,0.057711251017174184,0.274721347809328,212,-0.21701009679215383,sem_alimentacao,3,3
2017-09-01,0.08051878122929985,0.18235711991384743,212,-0.10183833868454757,sem_alimentacao,3,3
2017-10-01,0.0915736151351409,0.20418259650355045,212,-0.11260898136840955,sem_alimentacao,3,3
2017-11-01,0.1586727924036611,0.2040978152157888,212,-0.04542502281212768,sem_alimentacao,3,3
2017-12-01,0.16267458720679026,0.25713259482514106,212,-0.0944580076183508,sem_alimentacao,3,3
2018-01-01,0.15654637760520598,0.3146718889011165,212,-0.15812551129591054,sem_alimentacao,3,3
2018-02-01,0.0743579869871199,0.25756207674943565,212,-0.18320408976231575,sem_alimentacao,3,3
2018-03-01,0.053089617797682544,0.26654520640515167,212,-0.21345558860746913,sem_alimentacao,3,3
2018-04-01,0.07071563624992878,0.25796612549968395,212,-0.18725048924975518,sem_alimentacao,3,3
2018-05-01,0.09064551617861413,0.2783759560150341,213,-0.18773043983642,sem_alimentacao,3,3
2018-06-01,0.14046126032647682,0.2871045101656736,213,-0.1466432498391968,sem_alimentacao,3,3
2018-07-01,0.17039200284475392,0.2605285085740671,213,-0.0901365057293132,sem_alimentacao,3,3
2018-08-01,0.11197456027029713,0.18808175163138893,213,-0.0761071913610918,sem_alimentacao,3,3
2018-09-01,0.038205260935127314,0.2014388203473663,213,-0.163233559412239,sem_alimentacao,3,3
2018-10-01,0.058024905220257945,0.3217274707197707,213,-0.26370256549951276,sem_alimentacao,3,3
2018-11-01,0.10921872850233365,0.33986421412469436,213,-0.2306454856223607,sem_alimentacao,3,3
2018-12-01,0.09462735590834442,0.34463100102991256,213,-0.25000364512156814,sem_alimentacao,3,3
2019-01-01,0.10713461278228407,0.2869924458914087,213,-0.17985783310912462,sem_alimentacao,3,3
2019-02-01,0.027939948849648805,0.29495594795637864,213,-0.26701599910672985,sem_alimentacao,3,3
2019-03-01,0.026880103480214197,0.22794125475082772,213,-0.20106115127061353,sem_alimentacao,3,3
2019-04-01,0.046966110848128864,0.2689943929221476,213,-0.22202828207401876,sem_alimentacao,3,3
2019-05-01,0.16025114423189768,0.2506574665798935,213,-0.09040632234799584,sem_alimentacao,3,3
2019-06-01,0.08939652786647934,0.26517860944352195,213,-0.17578208157704261,sem_alimentacao,3,3
2019-07-01,0.055510724992189724,0.2020831810054306,213,-0.14657245601324087,sem_alimentacao,3,3
2019-08-01,0.08481471983758007,0.2414136273828521,213,-0.15659890754527203,sem_alimentacao,3,3
2019-09-01,0.06043845241475199,0.2528915729785523,213,-0.19245312056380032,sem_alimentacao,3,3
2019-10-01,0.03972079637692489,0.22718684329776154,213,-0.18746604692083665,sem_alimentacao,3,3
2019-11-01,0.11427693277850862,0.29310191790766965,213,-0.17882498512916103,sem_alimentacao,3,3
2019-12-01,0.03584950684059816,0.2616170855870188,213,-0.22576757874642064,sem_alimentacao,3,3
2020-01-01,0.017894340071815423,0.2050880830043446,209,-0.1871937429325292,sem_alimentacao,3,3
2020-02-01,0.005673621628728819,0.3064512327784993,209,-0.3007776111497705,sem_alimentacao,3,3
2020-03-01,0.0024638665965657147,0.3078097255150932,209,-0.3053458589185275,sem_alimentacao,3,3
2020-04-01,0.021739968200572588,0.37272086492453543,209,-0.3509808967239628,sem_alimentacao,3,3
2020-05-01,0.014088449220980605,0.37711311119191404,209,-0.3630246619709334,sem_alimentacao,3,3
2020-06-01,0.015952494180662278,0.3457287312592296,209,-0.3297762370785673,sem_alimentacao,3,3
2020-07-01,0.13043717748739994,0.2905073321932985,209,-0.16007015470589855,sem_alimentacao,3,3
2020-08-01,0.15742847315593633,0.2802376410994028,209,-0.12280916794346647,sem_alimentacao,3,3
2020-09-01,0.13323890072427558,0.24222966160813475,209,-0.10899076088385917,sem_alimentacao,3,3
2020-10-01,0.07883732892001574,0.20767660711119273,209,-0.128839278191177,sem_alimentacao,3,3
2020-11-01,0.121852368864728,0.17996209412912964,209,-0.05810972526440164,sem_alimentacao,3,3
2020-12-01,0.20324962324126492,0.11159530412978232,209,0.0916543191114826,sem_alimentacao,3,3
2021-01-01,0.14681501895814503,0.14972561079961413,209,-0.0029105918414691068,sem_alimentacao,3,3
2021-02-01,0.1261458100445113,0.14453847482774743,209,-0.018392664783236118,sem_alimentacao,3,3
2021-03-01,0.1970070922705412,0.25547773899632703,209,-0.058470646725785835,sem_alimentacao,3,3
2021-04-01,0.05783619869185752,0.20402010813437824,209,-0.14618390944252072,sem_alimentacao,3,3
2021-05-01,0.11909629609000075,0.14853363951343695,209,-0.029437343423436207,sem_alimentacao,3,3
2021-06-01,0.17536815615258644,0.19595581493869862,209,-0.020587658786112184,sem_alimentacao,3,3
2021-07-01,0.20357147372280307,0.1851894461371193,209,0.018382027585683774,sem_alimentacao,3,3
2021-08-01,0.19802911862295966,0.13404620532077344,209,0.06398291330218622,sem_alimentacao,3,3
2021-09-01,0.27657852165807223,0.10043395827878815,209,0.17614456337928408,sem_alimentacao,3,3
2021-10-01,0.2802849845749254,0.08498963232691042,209,0.19529535224801498,sem_alimentacao,3,3
2021-11-01,0.31881289748429026,0.10258270770312072,209,0.21623018978116954,sem_alimentacao,3,3
2021-12-01,0.20731604291627945,0.062119914913898865,209,0.14519612800238058,sem_alimentacao,3,3
2022-01-01,0.15270812943325027,0.1189309245376303,209,0.03377720489561997,sem_alimentacao,3,3
2022-02-01,0.15619852874306558,0.14000560815658378,209,0.016192920586481807,sem_alimentacao,3,3
2022-03-01,0.21007060750770412,0.10443995581026728,209,0.10563065169743684,sem_alimentacao,3,3
2022-04-01,0.17664173480180118,0.13671317377784253,209,0.03992856102395864,sem_alimentacao,3,3
2022-05-01,0.2832203224081678,0.13256886384966987,209,0.15065145855849793,sem_alimentacao,3,3
2022-06-01,0.16589703144328194,0.029503953588201973,209,0.13639307785507998,sem_alimentacao,3,3
2022-07-01,0.2126482635253941,0.12099929870209067,209,0.09164896482330342,sem_alimentacao,3,3
2022-08-01,0.19587169264689164,0.1311431852526509,209,0.06472850739424074,sem_alimentacao,3,3
2022-09-01,0.17075461557754223,0.20337588485496824,209,-0.03262126927742601,sem_alimentacao,3,3
2022-10-01,0.13780359298590225,0.28896578888138647,209,-0.1511621958954842,sem_alimentacao,3,3
2022-11-01,0.13455722823750946,0.2054145260658657,209,-0.07085729782835623,sem_alimentacao,3,3
2022-12-01,0.12409651197313594,0.1514826929574004,209,-0.02738618098426447,sem_alimentacao,3,3
2023-01-01,0.14372833893897277,0.09386886387254978,209,0.04985947506642299,sem_alimentacao,3,3
2023-02-01,0.22508461298201238,0.08314985586351324,209,0.14193475711849912,sem_alimentacao,3,3
2023-03-01,0.16736704251445364,0.07047880665665826,209,0.09688823585779538,sem_alimentacao,3,3
2023-04-01,0.14319803590217772,0.07791091413448968,209,0.06528712176768804,sem_alimentacao,3,3
2023-05-01,0.17379417509418363,0.114742658268705,209,0.05905151682547863,sem_alimentacao,3,3
2023-06-01,0.08236820220304998,0.12052617078484293,209,-0.03815796858179295,sem_alimentacao,3,3
2023-07-01,0.05625566682627166,0.14579661569494393,209,-0.08954094886867227,sem_alimentacao,3,3
2023-08-01,0.06703435439146538,0.14878003196289558,209,-0.0817456775714302,sem_alimentacao,3,3
2023-09-01,0.16119868418550704,0.15327590905921798,209,0.007922775126289056,sem_alimentacao,3,3
2023-10-01,0.07627278302155181,0.1044108814808727,209,-0.028138098459320887,sem_alimentacao,3,3
2023-11-01,0.08076269343032462,0.12856066086270304,209,-0.04779796743237842,sem_alimentacao,3,3
2023-12-01,0.10570621662027208,0.26421617214983484,209,-0.15850995552956276,sem_alimentacao,3,3
2024-01-01,0.08269618650030489,0.1382613909936955,209,-0.05556520449339061,sem_alimentacao,3,3
2024-02-01,0.06841893219492418,0.11006584658165877,209,-0.041646914386734596,sem_alimentacao,3,3
2024-03-01,0.11597994830701008,0.15577821088349753,209,-0.03979826257648744,sem_alimentacao,3,3
2024-04-01,0.1041980832541158,0.07967819233887027,209,0.02451989091524552,sem_alimentacao,3,3
2024-05-01,0.10735664976946786,0.11092289273250631,209,-0.003566242963038452,sem_alimentacao,3,3
2024-06-01,0.09364993405921292,0.22315763989322052,209,-0.1295077058340076,sem_alimentacao,3,3
2024-07-01,0.08240445352285797,0.20311292679381546,209,-0.12070847327095749,sem_alimentacao,3,3
2024-08-01,0.04712238074914131,0.09240798325305367,209,-0.045285602503912364,sem_alimentacao,3,3
2024-09-01,0.12527755573319121,0.09123494854909724,209,0.03404260718409398,sem_alimentacao,3,3
2024-10-01,0.05661201020795342,0.1461447971036011,209,-0.08953278689564767,sem_alimentacao,3,3
2024-11-01,0.062371972450250335,0.19939639616743335,209,-0.137024423717183,sem_alimentacao,3,3
2024-12-01,0.08890750025176329,0.14088674220840391,209,-0.05197924195664062,sem_alimentacao,3,3
2025-01-01,0.12479519841649905,0.2030137598569741,209,-0.07821856144047504,sem_alimentacao,3,3
2025-02-01,0.1303661705041404,0.10174446136715601,209,0.02862170913698439,sem_alimentacao,3,3
2025-03-01,0.052732450945442974,0.07162853335275456,209,-0.018896082407311582,sem_alimentacao,3,3
2025-04-01,0.07394343213532874,0.1445579123721566,209,-0.07061448023682786,sem_alimentacao,3,3
2025-05-01,0.07575448913830327,0.25377741048949704,209,-0.17802292135119377,sem_alimentacao,3,3
2025-06-01,0.06864334919085643,0.26272636678271605,209,-0.1940830175918596,sem_alimentacao,3,3
2025-07-01,0.09801081844560326,0.2058357684218068,209,-0.10782494997620352,sem_alimentacao,3,3
2025-08-01,0.09158269116775342,0.1365066022116387,209,-0.044923911043885295,sem_alimentacao,3,3
2025-09-01,0.0843305374181263,0.11816485519269351,209,-0.03383431777456722,sem_alimentacao,3,3
2025-10-01,0.07642672821155545,0.12522194116043703,209,-0.048795212948881575,sem_alimentacao,3,3
2025-11-01,0.050144025427937625,0.16741077682043812,209,-0.11726675139250049,sem_alimentacao,3,3
2025-12-01,0.05138645290540351,0.21951852804089225,209,-0.16813207513548875,sem_alimentacao,3,3
2026-01-01,0.02686753688368642,0.21753007517361705,209,-0.19066253828993063,sem_alimentacao,3,3
2026-02-01,0.05510042838076651,0.17691858475310535,209,-0.12181815637233884,sem_alimentacao,3,3
2026-03-01,0.08878985084565696,0.19664685482200478,209,-0.10785700397634781,sem_alimentacao,3,3
2026-04-01,0.10402877239886693,0.13362614978197906,209,-0.029597377383112133,sem_alimentacao,3,3
2026-05-01,0.06597607061731481,0.09841631412001935,209,-0.03244024350270454,sem_alimentacao,3,3
2026-06-01,0.10029534716391322,0.18850203650240457,209,-0.08820668933849135,sem_alimentacao,3,3
2026-07-01,0.09266918924991446,0.17837191251640444,209,-0.08570272326648998,sem_alimentacao,3,3
2009-07-01,0.0,0.0,225,0.0,sem_alimentacao,3,4
2009-08-01,0.0,0.0,225,0.0,sem_alimentacao,3,4
2009-09-01,0.0,0.0,225,0.0,sem_alimentacao,3,4
2009-10-01,0.019226793734140254,0.07260340167344555,225,-0.05337660793930529,sem_alimentacao,3,4
2009-11-01,0.014892491159236984,0.12410882527554787,225,-0.10921633411631089,sem_alimentacao,3,4
2009-12-01,0.004693744471776198,0.12686668345309807,225,-0.12217293898132187,sem_alimentacao,3,4
2010-01-01,0.005413533834586467,0.10155474523217917,225,-0.0961412113975927,sem_alimentacao,3,4
2010-02-01,0.01880194764917504,0.19015424058222719,225,-0.17135229293305215,sem_alimentacao,3,4
2010-03-01,0.027654237989346846,0.20170915860785024,225,-0.1740549206185034,sem_alimentacao,3,4
2010-04-01,0.06438307495215323,0.16747405382696326,225,-0.10309097887481003,sem_alimentacao,3,4
2010-05-01,0.0707414100180705,0.09305001235033347,225,-0.022308602332262978,sem_alimentacao,3,4
2010-06-01,0.035510455488156685,0.17373185298382945,225,-0.13822139749567278,sem_alimentacao,3,4
2010-07-01,0.022448445866865528,0.1679302737470093,225,-0.14548182788014377,sem_alimentacao,3,4
2010-08-01,0.024798463995035137,0.09049370664632451,225,-0.06569524265128937,sem_alimentacao,3,4
2010-09-01,0.023972952267263023,0.10578795125310225,225,-0.08181499898583923,sem_alimentacao,3,4
2010-10-01,0.014031804214848008,0.07307384656006585,225,-0.05904204234521784,sem_alimentacao,3,4
2010-11-01,0.030720920900381674,0.05028252182710002,225,-0.019561600926718343,sem_alimentacao,3,4
2010-12-01,0.07091127679938244,0.15017042594751348,225,-0.07925914914813104,sem_alimentacao,3,4
2011-01-01,0.057539602168564186,0.08860066457685167,225,-0.031061062408287488,sem_alimentacao,3,4
2011-02-01,0.03127759008346184,0.039383106988376035,225,-0.008105516904914192,sem_alimentacao,3,4
2011-03-01,0.02335335049089696,0.034081397884422784,225,-0.010728047393525824,sem_alimentacao,3,4
2011-04-01,0.07670644453728849,0.05258904324211406,225,0.02411740129517443,sem_alimentacao,3,4
2011-05-01,0.03845732270641843,0.08915569265458874,225,-0.050698369948170306,sem_alimentacao,3,4
2011-06-01,0.07082535368291056,0.09182766304922514,225,-0.021002309366314587,sem_alimentacao,3,4
2011-07-01,0.04917551863378737,0.14800636794021124,225,-0.09883084930642387,sem_alimentacao,3,4
2011-08-01,0.04465014548792157,0.09347680330163194,225,-0.048826657813710365,sem_alimentacao,3,4
2011-09-01,0.04914763841101032,0.06197867792722345,225,-0.012831039516213123,sem_alimentacao,3,4
2011-10-01,0.03791070034015069,0.10140766844890503,225,-0.06349696810875434,sem_alimentacao,3,4
2011-11-01,0.05166467978098173,0.16294506021959218,225,-0.11128038043861045,sem_alimentacao,3,4
2011-12-01,0.01822543094325424,0.1799026409237354,225,-0.16167720998048116,sem_alimentacao,3,4
2012-01-01,0.0019706983816859033,0.11120462353156954,211,-0.10923392514988364,sem_alimentacao,3,4
2012-02-01,0.006767735685939568,0.04119100690574646,211,-0.03442327121980689,sem_alimentacao,3,4
2012-03-01,0.012337134345057276,0.06442031860847845,211,-0.05208318426342118,sem_alimentacao,3,4
2012-04-01,0.01776084080036326,0.09843338741427607,211,-0.08067254661391281,sem_alimentacao,3,4
2012-05-01,0.03231671630532326,0.06468675623301122,211,-0.03237003992768796,sem_alimentacao,3,4
2012-06-01,0.01384386237641036,0.07126470902240171,211,-0.057420846645991355,sem_alimentacao,3,4
2012-07-01,0.011804358090746167,0.12202967133014898,211,-0.11022531323940282,sem_alimentacao,3,4
2012-08-01,0.027580648742837062,0.12503575753063392,211,-0.09745510878779687,sem_alimentacao,3,4
2012-09-01,0.011671711371383574,0.0888243003905831,211,-0.07715258901919952,sem_alimentacao,3,4
2012-10-01,0.06724700447902644,0.07668612340720603,211,-0.009439118928179585,sem_alimentacao,3,4
2012-11-01,0.059727534183042684,0.11431660848509373,211,-0.054589074302051045,sem_alimentacao,3,4
2012-12-01,0.022614905093119038,0.08335557182726804,211,-0.060740666734149,sem_alimentacao,3,4
2013-01-01,0.025189698902324798,0.10061408770877404,211,-0.07542438880644925,sem_alimentacao,3,4
2013-02-01,0.04205401437883992,0.0722149908515093,211,-0.030160976472669382,sem_alimentacao,3,4
2013-03-01,0.04590755480486543,0.11412490254191857,211,-0.06821734773705314,sem_alimentacao,3,4
2013-04-01,0.0739995914263201,0.07714348630084288,211,-0.003143894874522782,sem_alimentacao,3,4
2013-05-01,0.056753443235266376,0.12321263247938175,211,-0.06645918924411537,sem_alimentacao,3,4
2013-06-01,0.04328020038408721,0.11188864127157834,211,-0.06860844088749113,sem_alimentacao,3,4
2013-07-01,0.06445203888649259,0.14519393476890408,211,-0.08074189588241149,sem_alimentacao,3,4
2013-08-01,0.04785412703567948,0.11833155477195749,211,-0.070477427736278,sem_alimentacao,3,4
2013-09-01,0.023476410995485662,0.11753836127418772,211,-0.09406195027870207,sem_alimentacao,3,4
2013-10-01,0.026797876184916462,0.07844110596174644,211,-0.05164322977682998,sem_alimentacao,3,4
2013-11-01,0.034028449841577074,0.0460248438970715,211,-0.011996394055494429,sem_alimentacao,3,4
2013-12-01,0.030636284932829005,0.08373140086626919,211,-0.053095115933440185,sem_alimentacao,3,4
2014-01-01,0.0359460186715694,0.050423576601021466,212,-0.014477557929452066,sem_alimentacao,3,4
2014-02-01,0.04202561472826974,0.027167055633024503,212,0.014858559095245236,sem_alimentacao,3,4
2014-03-01,0.12091342901932907,0.01572691559879787,212,0.1051865134205312,sem_alimentacao,3,4
2014-04-01,0.036841727078210325,0.03067815284386676,212,0.0061635742343435634,sem_alimentacao,3,4
2014-05-01,0.07327408102495475,0.043380900460920406,212,0.029893180564034345,sem_alimentacao,3,4
2014-06-01,0.08241597064439395,0.07163962580135898,212,0.010776344843034968,sem_alimentacao,3,4
2014-07-01,0.13927021173789597,0.07582870887403678,212,0.06344150286385919,sem_alimentacao,3,4
2014-08-01,0.11441909721159743,0.06680910903892641,212,0.04760998817267102,sem_alimentacao,3,4
2014-09-01,0.026558678204213513,0.02441033489975062,212,0.002148343304462893,sem_alimentacao,3,4
2014-10-01,0.06728250782432041,0.0206875829298191,212,0.04659492489450131,sem_alimentacao,3,4
2014-11-01,0.06753108943331596,0.012326734253162134,212,0.05520435518015382,sem_alimentacao,3,4
2014-12-01,0.05776519688476506,0.06591793495908992,212,-0.008152738074324858,sem_alimentacao,3,4
2015-01-01,0.06762749593363804,0.04701260605511602,212,0.020614889878522016,sem_alimentacao,3,4
2015-02-01,0.07886663706867933,0.0416171700324378,212,0.03724946703624153,sem_alimentacao,3,4
2015-03-01,0.10118856622458802,0.05751238561364874,212,0.04367618061093928,sem_alimentacao,3,4
2015-04-01,0.09483339144692189,0.02925863918381905,212,0.06557475226310285,sem_alimentacao,3,4
2015-05-01,0.1730603502817785,0.024789315460056183,212,0.1482710348217223,sem_alimentacao,3,4
2015-06-01,0.14958178122359858,0.016758113791276334,212,0.13282366743232224,sem_alimentacao,3,4
2015-07-01,0.17264111303048696,0.05593431732840669,212,0.11670679570208027,sem_alimentacao,3,4
2015-08-01,0.09798019823115584,0.026768810813190685,212,0.07121138741796515,sem_alimentacao,3,4
2015-09-01,0.09044830201960546,0.028331002523673605,212,0.06211729949593186,sem_alimentacao,3,4
2015-10-01,0.07970783826152045,0.038716491501923904,212,0.04099134675959654,sem_alimentacao,3,4
2015-11-01,0.07976078555658239,0.034358779052889775,212,0.04540200650369262,sem_alimentacao,3,4
2015-12-01,0.020826045508073796,0.0482064606404029,212,-0.0273804151323291,sem_alimentacao,3,4
2016-01-01,0.10428007757640607,0.06009228917274126,212,0.044187788403664816,sem_alimentacao,3,4
2016-02-01,0.12487267954700088,0.11723814930076078,212,0.007634530246240098,sem_alimentacao,3,4
2016-03-01,0.09500990875353788,0.12391983845240845,212,-0.028909929698870573,sem_alimentacao,3,4
2016-04-01,0.10226492423773222,0.16961484708866623,212,-0.06734992285093401,sem_alimentacao,3,4
2016-05-01,0.11635863445420648,0.19706554646779992,212,-0.08070691201359344,sem_alimentacao,3,4
2016-06-01,0.12075815195404159,0.09103757046147208,212,0.02972058149256951,sem_alimentacao,3,4
2016-07-01,0.04963787292877358,0.1472028991769103,212,-0.0975650262481367,sem_alimentacao,3,4
2016-08-01,0.10277705191926768,0.08832517137406595,212,0.014451880545201731,sem_alimentacao,3,4
2016-09-01,0.06567150039585602,0.06776378560166733,212,-0.0020922852058113117,sem_alimentacao,3,4
2016-10-01,0.04020510713523069,0.07908437017675218,212,-0.03887926304152149,sem_alimentacao,3,4
2016-11-01,0.10221769811386983,0.10769072919296419,212,-0.005473031079094359,sem_alimentacao,3,4
2016-12-01,0.12324168216058214,0.18237158701288547,212,-0.059129904852303336,sem_alimentacao,3,4
2017-01-01,0.054510794516856954,0.24536728301505503,212,-0.19085648849819808,sem_alimentacao,3,4
2017-02-01,0.05469544566085672,0.12322269774108334,212,-0.06852725208022661,sem_alimentacao,3,4
2017-03-01,0.06553318170643402,0.068240165186446,212,-0.0027069834800119846,sem_alimentacao,3,4
2017-04-01,0.06774244700608217,0.19023654087526307,212,-0.12249409386918089,sem_alimentacao,3,4
2017-05-01,0.03062437163779958,0.1604771447759969,212,-0.12985277313819732,sem_alimentacao,3,4
2017-06-01,0.01657490465703389,0.17492748563141214,212,-0.15835258097437824,sem_alimentacao,3,4
2017-07-01,0.02723715049659301,0.18770719325336507,212,-0.16047004275677207,sem_alimentacao,3,4
2017-08-01,0.018748126258083857,0.2236766028523705,212,-0.20492847659428665,sem_alimentacao,3,4
2017-09-01,0.01868859931467139,0.12970596976930468,212,-0.1110173704546333,sem_alimentacao,3,4
2017-10-01,0.07098521551506251,0.14310514091420634,212,-0.07211992539914383,sem_alimentacao,3,4
2017-11-01,0.08557702397033295,0.1626521306593668,212,-0.07707510668903383,sem_alimentacao,3,4
2017-12-01,0.14183280450209015,0.17674626968537854,212,-0.03491346518328839,sem_alimentacao,3,4
2018-01-01,0.13886697489164174,0.23871701685602573,212,-0.09985004196438399,sem_alimentacao,3,4
2018-02-01,0.06528482273270482,0.21036648519452927,212,-0.14508166246182447,sem_alimentacao,3,4
2018-03-01,0.05245228267998755,0.1976838632313288,212,-0.14523158055134125,sem_alimentacao,3,4
2018-04-01,0.052952922049959786,0.19313871108361036,212,-0.1401857890336506,sem_alimentacao,3,4
2018-05-01,0.05333031486107747,0.21414604374931326,213,-0.16081572888823578,sem_alimentacao,3,4
2018-06-01,0.08607139926573158,0.20609940416791295,213,-0.12002800490218136,sem_alimentacao,3,4
2018-07-01,0.08314934427360589,0.1874857364250572,213,-0.10433639215145131,sem_alimentacao,3,4
2018-08-01,0.029483586736890922,0.1537513663917321,213,-0.12426777965484118,sem_alimentacao,3,4
2018-09-01,0.020671458321473348,0.15101523682681067,213,-0.13034377850533732,sem_alimentacao,3,4
2018-10-01,0.031690220000079344,0.1769151326255212,213,-0.14522491262544185,sem_alimentacao,3,4
2018-11-01,0.03152946966249325,0.24294479663869104,213,-0.21141532697619778,sem_alimentacao,3,4
2018-12-01,0.08022846296490213,0.22305625549253547,213,-0.14282779252763333,sem_alimentacao,3,4
2019-01-01,0.06970369957625883,0.25549178653208837,213,-0.18578808695582955,sem_alimentacao,3,4
2019-02-01,0.013781882566875627,0.24310640017440036,213,-0.22932451760752473,sem_alimentacao,3,4
2019-03-01,0.015154741246233937,0.1494687589826575,213,-0.13431401773642354,sem_alimentacao,3,4
2019-04-01,0.01690523971757929,0.17585289587903113,213,-0.15894765616145184,sem_alimentacao,3,4
2019-05-01,0.025313130127705884,0.18652580256265272,213,-0.16121267243494683,sem_alimentacao,3,4
2019-06-01,0.07184027334270021,0.17714320688040192,213,-0.1053029335377017,sem_alimentacao,3,4
2019-07-01,0.017553492020233576,0.16631814042527734,213,-0.14876464840504378,sem_alimentacao,3,4
2019-08-01,0.023424929280098643,0.13865219626981584,213,-0.11522726698971719,sem_alimentacao,3,4
2019-09-01,0.026279549235680114,0.2018077803810853,213,-0.17552823114540517,sem_alimentacao,3,4
2019-10-01,0.013907181225305347,0.16448130295024102,213,-0.15057412172493567,sem_alimentacao,3,4
2019-11-01,0.01655200554294791,0.18412549530823374,213,-0.16757348976528583,sem_alimentacao,3,4
2019-12-01,0.020366687877823735,0.15620691483720436,213,-0.13584022695938064,sem_alimentacao,3,4
2020-01-01,0.005237367825897198,0.14788868609518518,209,-0.14265131826928798,sem_alimentacao,3,4
2020-02-01,0.0,0.15485861220783761,209,-0.15485861220783761,sem_alimentacao,3,4
2020-03-01,0.0,0.1724359419484758,209,-0.1724359419484758,sem_alimentacao,3,4
2020-04-01,0.0017354183215919107,0.2862806231096558,209,-0.2845452047880639,sem_alimentacao,3,4
2020-05-01,0.0069986167704401215,0.3099458828615733,209,-0.3029472660911332,sem_alimentacao,3,4
2020-06-01,0.007518834630691061,0.24351237704302553,209,-0.23599354241233447,sem_alimentacao,3,4
2020-07-01,0.010027465992994544,0.26037110387252976,209,-0.25034363787953523,sem_alimentacao,3,4
2020-08-01,0.025217472874519246,0.2701791688815234,209,-0.24496169600700413,sem_alimentacao,3,4
2020-09-01,0.11872207881991803,0.2163070337264686,209,-0.09758495490655056,sem_alimentacao,3,4
2020-10-01,0.060560710993512075,0.08577924944257134,209,-0.025218538449059268,sem_alimentacao,3,4
2020-11-01,0.050307874862707866,0.11257009622744532,209,-0.062262221364737455,sem_alimentacao,3,4
2020-12-01,0.10633587882932513,0.07594949533325736,209,0.030386383496067773,sem_alimentacao,3,4
2021-01-01,0.12983445375061958,0.09963452803663088,209,0.030199925713988704,sem_alimentacao,3,4
2021-02-01,0.09891821304445032,0.10252713359484564,209,-0.0036089205503953142,sem_alimentacao,3,4
2021-03-01,0.1075902006940076,0.10441947888552933,209,0.003170721808478272,sem_alimentacao,3,4
2021-04-01,0.04039472085535508,0.1396824312010206,209,-0.09928771034566553,sem_alimentacao,3,4
2021-05-01,0.04866769880080866,0.11904945762321364,209,-0.070381758822405,sem_alimentacao,3,4
2021-06-01,0.10535494110133858,0.08253779567886793,209,0.022817145422470653,sem_alimentacao,3,4
2021-07-01,0.16137119306185918,0.16214237853828745,209,-0.0007711854764282655,sem_alimentacao,3,4
2021-08-01,0.13657611777797143,0.09358781499178377,209,0.04298830278618766,sem_alimentacao,3,4
2021-09-01,0.1497503886146347,0.04965413613717686,209,0.10009625247745782,sem_alimentacao,3,4
2021-10-01,0.23613513376826986,0.03809108380114297,209,0.19804404996712688,sem_alimentacao,3,4
2021-11-01,0.2572190289342649,0.048528004510352454,209,0.20869102442391246,sem_alimentacao,3,4
2021-12-01,0.15024228355561048,0.05952244353967259,209,0.09071984001593789,sem_alimentacao,3,4
2022-01-01,0.1358630396835807,0.020530426096519994,209,0.11533261358706072,sem_alimentacao,3,4
2022-02-01,0.09604978628376262,0.09722573082869355,209,-0.001175944544930932,sem_alimentacao,3,4
2022-03-01,0.1474857609456805,0.09826780292592659,209,0.04921795801975391,sem_alimentacao,3,4
2022-04-01,0.11805924115087685,0.08562797266572512,209,0.032431268485151724,sem_alimentacao,3,4
2022-05-01,0.11849319330900816,0.048906065251267804,209,0.06958712805774037,sem_alimentacao,3,4
2022-06-01,0.14797316690924145,0.005266794177188824,209,0.1427063727320526,sem_alimentacao,3,4
2022-07-01,0.127781052759963,0.01700647430098893,209,0.11077457845897407,sem_alimentacao,3,4
2022-08-01,0.07902263428367774,0.042239847529313174,209,0.03678278675436457,sem_alimentacao,3,4
2022-09-01,0.14788146654314102,0.08988027905881629,209,0.05800118748432473,sem_alimentacao,3,4
2022-10-01,0.10956842223722711,0.1690925971395249,209,-0.05952417490229779,sem_alimentacao,3,4
2022-11-01,0.0990761303395624,0.12975622735738992,209,-0.03068009701782752,sem_alimentacao,3,4
2022-12-01,0.11931672758172343,0.13834116526920362,209,-0.01902443768748019,sem_alimentacao,3,4
2023-01-01,0.08574196652998121,0.03895279488479003,209,0.04678917164519118,sem_alimentacao,3,4
2023-02-01,0.12103752668957146,0.036930174448671534,209,0.08410735224089994,sem_alimentacao,3,4
2023-03-01,0.12115756859488294,0.043113680646500785,209,0.07804388794838216,sem_alimentacao,3,4
2023-04-01,0.13228453910659055,0.019354015878583045,209,0.1129305232280075,sem_alimentacao,3,4
2023-05-01,0.0878647582864382,0.06576333720741834,209,0.022101421079019856,sem_alimentacao,3,4
2023-06-01,0.06418334600333671,0.08634012071366982,209,-0.022156774710333116,sem_alimentacao,3,4
2023-07-01,0.05623656516468179,0.08073380943163644,209,-0.024497244266954647,sem_alimentacao,3,4
2023-08-01,0.039570929276054406,0.062208135154480974,209,-0.022637205878426568,sem_alimentacao,3,4
2023-09-01,0.039785007574173026,0.08777547489114107,209,-0.047990467316968044,sem_alimentacao,3,4
2023-10-01,0.059119846753952855,0.04138149035574072,209,0.017738356398212134,sem_alimentacao,3,4
2023-11-01,0.05724500584274665,0.07120815859895488,209,-0.013963152756208227,sem_alimentacao,3,4
2023-12-01,0.05735838260779302,0.04731867188716433,209,0.010039710720628689,sem_alimentacao,3,4
2024-01-01,0.05812477893719978,0.09898035377654496,209,-0.04085557483934518,sem_alimentacao,3,4
2024-02-01,0.040241272245939076,0.06957547319684454,209,-0.029334200950905463,sem_alimentacao,3,4
2024-03-01,0.010655163514360504,0.09506246766009763,209,-0.08440730414573712,sem_alimentacao,3,4
2024-04-01,0.059025643570782285,0.01912419144043542,209,0.03990145213034686,sem_alimentacao,3,4
2024-05-01,0.08565606133937897,0.01627862546806939,209,0.06937743587130958,sem_alimentacao,3,4
2024-06-01,0.022574047999796124,0.04303671659477953,209,-0.020462668594983403,sem_alimentacao,3,4
2024-07-01,0.05979002343556749,0.15555071033485574,209,-0.09576068689928824,sem_alimentacao,3,4
2024-08-01,0.013779647582464485,0.080348251122899,209,-0.06656860354043452,sem_alimentacao,3,4
2024-09-01,0.012964866202276274,0.05593874107063555,209,-0.04297387486835928,sem_alimentacao,3,4
2024-10-01,0.044240386897170476,0.05568562955179674,209,-0.011445242654626264,sem_alimentacao,3,4
2024-11-01,0.02562457112359265,0.12670724578748063,209,-0.10108267466388798,sem_alimentacao,3,4
2024-12-01,0.053979326090198815,0.04655135270189823,209,0.007427973388300584,sem_alimentacao,3,4
2025-01-01,0.05904287584203301,0.06784407623790824,209,-0.00880120039587523,sem_alimentacao,3,4
2025-02-01,0.040063737473282734,0.08899952644849168,209,-0.04893578897520895,sem_alimentacao,3,4
2025-03-01,0.03460427343547363,0.05895746369061994,209,-0.02435319025514631,sem_alimentacao,3,4
2025-04-01,0.043770405988785746,0.06096551123921226,209,-0.017195105250426515,sem_alimentacao,3,4
2025-05-01,0.02286369547530734,0.14172672470675662,209,-0.11886302923144929,sem_alimentacao,3,4
2025-06-01,0.03800297680805224,0.20874546241715788,209,-0.17074248560910565,sem_alimentacao,3,4
2025-07-01,0.03842109033965006,0.1428825477081169,209,-0.10446145736846683,sem_alimentacao,3,4
2025-08-01,0.022074228890296997,0.12601307156143327,209,-0.10393884267113626,sem_alimentacao,3,4
2025-09-01,0.0073794803988135645,0.09136924969752043,209,-0.08398976929870687,sem_alimentacao,3,4
2025-10-01,0.014164749757361313,0.10746282724380282,209,-0.0932980774864415,sem_alimentacao,3,4
2025-11-01,0.03351933964786993,0.08624461655617502,209,-0.05272527690830509,sem_alimentacao,3,4
2025-12-01,0.023803765938544483,0.06545081038700529,209,-0.041647044448460804,sem_alimentacao,3,4
2026-01-01,0.002793399178651558,0.15130551642251466,209,-0.1485121172438631,sem_alimentacao,3,4
2026-02-01,0.004973390009707589,0.14991927306315786,209,-0.14494588305345027,sem_alimentacao,3,4
2026-03-01,0.021429578995123922,0.15329716623268688,209,-0.13186758723756295,sem_alimentacao,3,4
2026-04-01,0.04233361978420701,0.1261364142716191,209,-0.08380279448741208,sem_alimentacao,3,4
2026-05-01,0.04946451597269076,0.09526858378918882,209,-0.045804067816498054,sem_alimentacao,3,4
2026-06-01,0.006561282300001662,0.09307589182446845,209,-0.08651460952446678,sem_alimentacao,3,4
2026-07-01,0.0840444056354714,0.08864403490764997,209,-0.004599629272178565,sem_alimentacao,3,4
2009-07-01,0.0,0.0,97,0.0,servicos,3,2
2009-08-01,0.04400562677495554,0.5192852698227329,97,-0.47527964304777737,servicos,3,2
2009-09-01,0.0893136827725897,0.19267637811039015,97,-0.10336269533780044,servicos,3,2
2009-10-01,0.2365932455732553,0.24628530067732576,97,-0.009692055104070452,servicos,3,2
2009-11-01,0.052904185980846605,0.4016947457587237,97,-0.3487905597778771,servicos,3,2
2009-12-01,0.10023128029108909,0.650003682807183,97,-0.5497724025160939,servicos,3,2
2010-01-01,0.15143002160082153,0.5073802806926427,97,-0.3559502590918212,servicos,3,2
2010-02-01,0.22783801870199397,0.42422079960203485,97,-0.19638278090004088,servicos,3,2
2010-03-01,0.29880364070866955,0.5039342666214283,97,-0.2051306259127587,servicos,3,2
2010-04-01,0.21379243149400784,0.478973583746933,97,-0.26518115225292516,servicos,3,2
2010-05-01,0.2379929311078538,0.3415173294245591,97,-0.10352439831670529,servicos,3,2
2010-06-01,0.19290088354932192,0.33545629370112934,97,-0.14255541015180742,servicos,3,2
2010-07-01,0.10338757409491792,0.6184416630176359,97,-0.515054088922718,servicos,3,2
2010-08-01,0.05894660238333485,0.5342872150312663,97,-0.4753406126479315,servicos,3,2
2010-09-01,0.08701407477259548,0.2450287294047361,97,-0.15801465463214062,servicos,3,2
2010-10-01,0.3506992442585663,0.2668721109399076,97,0.08382713331865871,servicos,3,2
2010-11-01,0.3132416134679658,0.24768195134603027,97,0.06555966212193554,servicos,3,2
2010-12-01,0.20753706388897109,0.3839019915367088,97,-0.1763649276477377,servicos,3,2
2011-01-01,0.16524279107322026,0.3519001169576756,97,-0.18665732588445533,servicos,3,2
2011-02-01,0.2723030559311031,0.2104280447639411,97,0.061875011167161986,servicos,3,2
2011-03-01,0.2577318979849312,0.2699944582660268,97,-0.012262560281095625,servicos,3,2
2011-04-01,0.08821523572776094,0.3048739803434726,97,-0.21665874461571163,servicos,3,2
2011-05-01,0.27101871421889895,0.4003516686499831,97,-0.12933295443108417,servicos,3,2
2011-06-01,0.14343684883500663,0.3089422712634968,97,-0.1655054224284902,servicos,3,2
2011-07-01,0.13958011741128484,0.48471852872857574,97,-0.3451384113172909,servicos,3,2
2011-08-01,0.05745564920139094,0.356235633877527,97,-0.29877998467613603,servicos,3,2
2011-09-01,0.11943933389942446,0.20486307670534956,97,-0.0854237428059251,servicos,3,2
2011-10-01,0.18543408426645863,0.2623833039284353,97,-0.07694921966197665,servicos,3,2
2011-11-01,0.16235348454389617,0.36960531496937205,97,-0.20725183042547587,servicos,3,2
2011-12-01,0.2034631778181269,0.3475677484901173,97,-0.1441045706719904,servicos,3,2
2012-01-01,0.1403619099044521,0.4073066817681959,89,-0.26694477186374377,servicos,3,2
2012-02-01,0.1681212269081006,0.19281962683688375,89,-0.024698399928783143,servicos,3,2
2012-03-01,0.40346707812203747,0.2312638522944957,89,0.17220322582754177,servicos,3,2
2012-04-01,0.36826660051053384,0.2549045850117188,89,0.11336201549881503,servicos,3,2
2012-05-01,0.17399790845257967,0.19780062746422608,89,-0.023802719011646406,servicos,3,2
2012-06-01,0.12428712855218528,0.429108849830404,89,-0.3048217212782187,servicos,3,2
2012-07-01,0.23136290912859575,0.37212970339998575,89,-0.14076679427139,servicos,3,2
2012-08-01,0.19563218688490625,0.24726121413032218,89,-0.05162902724541593,servicos,3,2
2012-09-01,0.24675715659202813,0.15440369556279965,89,0.09235346102922848,servicos,3,2
2012-10-01,0.27978555374291747,0.11200373626872595,89,0.16778181747419152,servicos,3,2
2012-11-01,0.10607746671352153,0.23999453359884426,89,-0.13391706688532273,servicos,3,2
2012-12-01,0.26754797969914024,0.30919018356882855,89,-0.04164220386968831,servicos,3,2
2013-01-01,0.300897636767202,0.2833170126648388,89,0.017580624102363218,servicos,3,2
2013-02-01,0.24194148762489387,0.16792921047476,89,0.07401227715013386,servicos,3,2
2013-03-01,0.40503872824679643,0.15503629454884107,89,0.2500024336979554,servicos,3,2
2013-04-01,0.3641098407977323,0.2543209956716985,89,0.10978884512603376,servicos,3,2
2013-05-01,0.16087627996314224,0.295546571840162,89,-0.13467029187701973,servicos,3,2
2013-06-01,0.1588990671103752,0.23794031969048413,89,-0.07904125258010894,servicos,3,2
2013-07-01,0.33414078869389774,0.3092791517832565,89,0.02486163691064125,servicos,3,2
2013-08-01,0.15737250732901648,0.2578138590895912,89,-0.10044135176057473,servicos,3,2
2013-09-01,0.11060113859316201,0.2683767006529221,89,-0.15777556205976007,servicos,3,2
2013-10-01,0.18249056555170592,0.33985587511752813,89,-0.1573653095658222,servicos,3,2
2013-11-01,0.3210397861542633,0.35680664781311744,89,-0.03576686165885412,servicos,3,2
2013-12-01,0.1047079337401918,0.12346862992024282,89,-0.018760696180051023,servicos,3,2
2014-01-01,0.22106857159533452,0.1338551782952272,89,0.08721339330010733,servicos,3,2
2014-02-01,0.39401120555040076,0.10056868329933304,89,0.2934425222510677,servicos,3,2
2014-03-01,0.4192226674886971,0.11974028976572133,89,0.29948237772297576,servicos,3,2
2014-04-01,0.2852722192612691,0.2288999790041507,89,0.0563722402571184,servicos,3,2
2014-05-01,0.2959408208964883,0.231833361378257,89,0.06410745951823132,servicos,3,2
2014-06-01,0.36766837905993804,0.27444680871673827,89,0.09322157034319978,servicos,3,2
2014-07-01,0.2571025926474089,0.3996467204200745,89,-0.14254412777266556,servicos,3,2
2014-08-01,0.28838897138706215,0.30999492154102304,89,-0.021605950153960884,servicos,3,2
2014-09-01,0.09504571823426376,0.1559530122611644,89,-0.060907294026900635,servicos,3,2
2014-10-01,0.13193112937893342,0.41216675635873823,89,-0.2802356269798048,servicos,3,2
2014-11-01,0.177665040146645,0.3930498541295536,89,-0.21538481398290862,servicos,3,2
2014-12-01,0.1607643781428959,0.16308478870690435,89,-0.002320410564008446,servicos,3,2
2015-01-01,0.2968827537891196,0.2246713609693919,89,0.07221139281972772,servicos,3,2
2015-02-01,0.2538042610330903,0.19332392520866806,89,0.06048033582442222,servicos,3,2
2015-03-01,0.4443385238061153,0.29963104913488503,89,0.1447074746712303,servicos,3,2
2015-04-01,0.28295954106677,0.09625178244041556,89,0.18670775862635447,servicos,3,2
2015-05-01,0.32280751315590656,0.21486995197519268,89,0.10793756118071388,servicos,3,2
2015-06-01,0.38361813999342753,0.14127177127834373,89,0.2423463687150838,servicos,3,2
2015-07-01,0.4168232759044799,0.16739313674364298,89,0.2494301391608369,servicos,3,2
2015-08-01,0.23718945882970693,0.2962620196252174,89,-0.05907256079551049,servicos,3,2
2015-09-01,0.22454674980066142,0.35169862619766545,89,-0.12715187639700404,servicos,3,2
2015-10-01,0.20127425237530858,0.30793231925718817,89,-0.10665806688187959,servicos,3,2
2015-11-01,0.16326872591185834,0.20638670482436397,89,-0.04311797891250563,servicos,3,2
2015-12-01,0.2670876720645102,0.3446305314698236,89,-0.07754285940531341,servicos,3,2
2016-01-01,0.2688323433633361,0.42454308439977345,89,-0.15571074103643734,servicos,3,2
2016-02-01,0.30145727371980935,0.378321971613453,89,-0.07686469789364364,servicos,3,2
2016-03-01,0.3398786796912448,0.32172360787425003,89,0.018155071816994772,servicos,3,2
2016-04-01,0.32356861486966965,0.3295815734900628,89,-0.0060129586203931384,servicos,3,2
2016-05-01,0.3946314906495173,0.31816312768302113,89,0.07646836296649617,servicos,3,2
2016-06-01,0.3284888868485083,0.19386858345848884,89,0.13462030339001946,servicos,3,2
2016-07-01,0.08940838850650776,0.25255281718978806,89,-0.1631444286832803,servicos,3,2
2016-08-01,0.17038051670577134,0.2745277948906162,89,-0.10414727818484484,servicos,3,2
2016-09-01,0.33035577227700136,0.1337681552294573,89,0.19658761704754407,servicos,3,2
2016-10-01,0.352838336790742,0.24554450924367555,89,0.10729382754706646,servicos,3,2
2016-11-01,0.31893974015799437,0.3032186459489456,89,0.01572109420904877,servicos,3,2
2016-12-01,0.3384951068991907,0.25720938563496326,89,0.08128572126422745,servicos,3,2
2017-01-01,0.26135459202734,0.316154853213006,89,-0.054800261185666,servicos,3,2
2017-02-01,0.1952997984793466,0.4052447291478045,89,-0.20994493066845793,servicos,3,2
2017-03-01,0.2849577225518333,0.3131491229199109,89,-0.0281914003680776,servicos,3,2
2017-04-01,0.22821604726314676,0.4092170837919626,89,-0.18100103652881583,servicos,3,2
2017-05-01,0.0656259395009371,0.5248380060511856,89,-0.4592120665502485,servicos,3,2
2017-06-01,0.04444515499848119,0.5368718924363299,89,-0.49242673743784876,servicos,3,2
2017-07-01,0.05546085938891292,0.464615081283232,89,-0.40915422189431905,servicos,3,2
2017-08-01,0.13883245422433335,0.5632720023654868,89,-0.4244395481411535,servicos,3,2
2017-09-01,0.07062401871356924,0.36185394008352456,89,-0.2912299213699553,servicos,3,2
2017-10-01,0.2847538467393097,0.32806692628721473,89,-0.04331307954790503,servicos,3,2
2017-11-01,0.22920368584048334,0.39585977560034524,89,-0.1666560897598619,servicos,3,2
2017-12-01,0.19515058444278047,0.49040206617339105,89,-0.29525148173061055,servicos,3,2
2018-01-01,0.19491363861669272,0.5825453413149299,89,-0.3876317026982371,servicos,3,2
2018-02-01,0.136066396792008,0.5775434203753249,89,-0.4414770235833169,servicos,3,2
2018-03-01,0.22527693188250436,0.49793348575259383,89,-0.27265655387008947,servicos,3,2
2018-04-01,0.23273686371748503,0.47284615506104205,89,-0.24010929134355702,servicos,3,2
2018-05-01,0.18627386158627007,0.5378936000730449,90,-0.3516197384867748,servicos,3,2
2018-06-01,0.24904499552440146,0.46057060729459526,90,-0.2115256117701938,servicos,3,2
2018-07-01,0.19059549352807473,0.44153619885014295,90,-0.25094070532206825,servicos,3,2
2018-08-01,0.07336198013864033,0.4789343898836582,90,-0.4055724097450179,servicos,3,2
2018-09-01,0.1474115730611804,0.36174469152581123,90,-0.21433311846463082,servicos,3,2
2018-10-01,0.2288096488296975,0.4077744363294986,90,-0.1789647874998011,servicos,3,2
2018-11-01,0.2179825820652694,0.4710849523080358,90,-0.2531023702427664,servicos,3,2
2018-12-01,0.24923483051495904,0.47947751676996453,90,-0.2302426862550055,servicos,3,2
2019-01-01,0.21652918882766967,0.47268702824930725,90,-0.2561578394216376,servicos,3,2
2019-02-01,0.0569731709258817,0.5236876044900883,90,-0.4667144335642066,servicos,3,2
2019-03-01,0.09314898126233366,0.5191977004638413,90,-0.4260487192015076,servicos,3,2
2019-04-01,0.24116994272740028,0.41780935494980675,90,-0.17663941222240648,servicos,3,2
2019-05-01,0.23002861020664345,0.4496708870438456,90,-0.21964227683720217,servicos,3,2
2019-06-01,0.26670547777427844,0.46711713001402927,90,-0.20041165223975083,servicos,3,2
2019-07-01,0.12442915133832297,0.3477388050234682,90,-0.22330965368514524,servicos,3,2
2019-08-01,0.17573515179016244,0.5123104407896198,90,-0.33657528899945743,servicos,3,2
2019-09-01,0.1458108605439155,0.29530197083719334,90,-0.14949111029327783,servicos,3,2
2019-10-01,0.29629559330612765,0.319546993135301,90,-0.023251399829173347,servicos,3,2
2019-11-01,0.2654205725587582,0.40871191656477385,90,-0.14329134400601562,servicos,3,2
2019-12-01,0.12770205801881726,0.42111665055383896,90,-0.29341459253502167,servicos,3,2
2020-01-01,0.07540929157613585,0.5494152977483774,87,-0.47400600617224153,servicos,3,2
2020-02-01,0.009294845132129883,0.6875689765133238,87,-0.678274131381194,servicos,3,2
2020-03-01,0.05929664004050332,0.46789589105927737,87,-0.40859925101877403,servicos,3,2
2020-04-01,0.060822071514611484,0.5093064699767338,87,-0.4484843984621223,servicos,3,2
2020-05-01,0.02475546597393468,0.5979289437118646,87,-0.5731734777379299,servicos,3,2
2020-06-01,0.20983513266540083,0.5094772726029121,87,-0.29964213993751126,servicos,3,2
2020-07-01,0.26157138205330976,0.44294279092294686,87,-0.1813714088696371,servicos,3,2
2020-08-01,0.18742719630753374,0.5177593044832,87,-0.3303321081756662,servicos,3,2
2020-09-01,0.07972138996309272,0.46918834292077477,87,-0.3894669529576821,servicos,3,2
2020-10-01,0.2032683462334811,0.2727262621069161,87,-0.06945791587343497,servicos,3,2
2020-11-01,0.33388169858935834,0.2600594248879488,87,0.07382227370140954,servicos,3,2
2020-12-01,0.4214943219829448,0.25753893315945026,87,0.16395538882349453,servicos,3,2
2021-01-01,0.25595734566126466,0.23382741845033575,87,0.022129927210928907,servicos,3,2
2021-02-01,0.15324074996513182,0.4580229589295321,87,-0.3047822089644003,servicos,3,2
2021-03-01,0.20631648575982298,0.42149156195738635,87,-0.21517507619756338,servicos,3,2
2021-04-01,0.07731479214610978,0.35599137074405734,87,-0.2786765785979476,servicos,3,2
2021-05-01,0.10750802212842307,0.4279503605644818,87,-0.32044233843605874,servicos,3,2
2021-06-01,0.17371140123654655,0.4161201546693927,87,-0.24240875343284612,servicos,3,2
2021-07-01,0.12161833510909344,0.4480648075230462,87,-0.3264464724139528,servicos,3,2
2021-08-01,0.09851868099729472,0.3395715434671346,87,-0.24105286246983987,servicos,3,2
2021-09-01,0.14545968166717183,0.22299188130640638,87,-0.07753219963923455,servicos,3,2
2021-10-01,0.3254834823786324,0.17481025653198193,87,0.15067322584665047,servicos,3,2
2021-11-01,0.29140987802726526,0.17026544544418828,87,0.12114443258307697,servicos,3,2
2021-12-01,0.21052138912290555,0.4558976728175304,87,-0.24537628369462486,servicos,3,2
2022-01-01,0.11251997288529511,0.42618203166610175,87,-0.31366205878080666,servicos,3,2
2022-02-01,0.2516585140077503,0.30696046489819007,87,-0.055301950890439766,servicos,3,2
2022-03-01,0.3702076857912048,0.25015752043243505,87,0.12005016535876972,servicos,3,2
2022-04-01,0.3117458131201092,0.2089204309987567,87,0.10282538212135248,servicos,3,2
2022-05-01,0.20640995488657501,0.1795801427624566,87,0.02682981212411842,servicos,3,2
2022-06-01,0.3031576957783577,0.27591883520717997,87,0.027238860571177748,servicos,3,2
2022-07-01,0.46015904669557317,0.2545875336175195,87,0.20557151307805366,servicos,3,2
2022-08-01,0.34343224360306945,0.14175531834765923,87,0.20167692525541023,servicos,3,2
2022-09-01,0.2538839384299518,0.22119499370333454,87,0.03268894472661729,servicos,3,2
2022-10-01,0.3192322082920079,0.3068702154069094,87,0.012361992885098483,servicos,3,2
2022-11-01,0.24230408231156733,0.2840865887273073,87,-0.04178250641573997,servicos,3,2
2022-12-01,0.30854323784541093,0.2593942826482249,87,0.04914895519718604,servicos,3,2
2023-01-01,0.44816250341818353,0.21327681936534737,87,0.23488568405283616,servicos,3,2
2023-02-01,0.40644316582646023,0.1306120146546247,87,0.27583115117183554,servicos,3,2
2023-03-01,0.42051128244032393,0.13546279470486877,87,0.28504848773545516,servicos,3,2
2023-04-01,0.40892942361737106,0.12735740672004525,87,0.2815720168973258,servicos,3,2
2023-05-01,0.2511969471223212,0.21380155117280208,87,0.03739539594951913,servicos,3,2
2023-06-01,0.05041942838029347,0.4476719450972798,87,-0.39725251671698636,servicos,3,2
2023-07-01,0.10603491943583121,0.35542808956194055,87,-0.24939317012610934,servicos,3,2
2023-08-01,0.35082383356047,0.21257654896501704,87,0.13824728459545294,servicos,3,2
2023-09-01,0.27823318440612477,0.20767028624957323,87,0.07056289815655153,servicos,3,2
2023-10-01,0.13158325298740758,0.27565372366844887,87,-0.14407047068104128,servicos,3,2
2023-11-01,0.23837673329415787,0.3490327465787265,87,-0.11065601328456864,servicos,3,2
2023-12-01,0.25191626409017714,0.3350636802810716,87,-0.08314741619089444,servicos,3,2
2024-01-01,0.1729128025731928,0.2604242481158876,87,-0.0875114455426948,servicos,3,2
2024-02-01,0.31967947704148875,0.14133586377774265,87,0.1783436132637461,servicos,3,2
2024-03-01,0.4031476927022018,0.16036273355635075,87,0.24278495914585105,servicos,3,2
2024-04-01,0.2665772069953194,0.19260414968679412,87,0.07397305730852527,servicos,3,2
2024-05-01,0.28855218268152205,0.33927315630103627,87,-0.05072097361951422,servicos,3,2
2024-06-01,0.13092391905019518,0.30941660995061343,87,-0.17849269090041825,servicos,3,2
2024-07-01,0.20502321850971458,0.2614799402537472,87,-0.05645672174403263,servicos,3,2
2024-08-01,0.3254514300010764,0.19907139386922132,87,0.12638003613185508,servicos,3,2
2024-09-01,0.2897393291400965,0.1907197810005191,87,0.09901954813957739,servicos,3,2
2024-10-01,0.18904417306086346,0.07994855544983429,87,0.10909561761102918,servicos,3,2
2024-11-01,0.23692153503711733,0.19825134892610333,87,0.038670186111014,servicos,3,2
2024-12-01,0.25799750000728433,0.39761539156354436,87,-0.13961789155626003,servicos,3,2
2025-01-01,0.2507992812303097,0.3285600102681384,87,-0.07776072903782871,servicos,3,2
2025-02-01,0.09714239173434483,0.272857375561399,87,-0.17571498382705417,servicos,3,2
2025-03-01,0.1258422576440986,0.3920087935925733,87,-0.2661665359484747,servicos,3,2
2025-04-01,0.19462254455422417,0.26417501693410883,87,-0.06955247237988466,servicos,3,2
2025-05-01,0.1999109139183902,0.3856757732438979,87,-0.1857648593255077,servicos,3,2
2025-06-01,0.13233548612323265,0.4373799965089893,87,-0.30504451038575664,servicos,3,2
2025-07-01,0.16398724129393089,0.3296843822368517,87,-0.16569714094292082,servicos,3,2
2025-08-01,0.31016073896283364,0.1239711979053022,87,0.18618954105753144,servicos,3,2
2025-09-01,0.3217448666352266,0.13609311664752294,87,0.18565174998770367,servicos,3,2
2025-10-01,0.2118208879011715,0.20074388269631363,87,0.011077005204857882,servicos,3,2
2025-11-01,0.3195775989622393,0.25071592169307877,87,0.06886167726916054,servicos,3,2
2025-12-01,0.18242932210014332,0.4276950246811714,87,-0.24526570258102806,servicos,3,2
2026-01-01,0.10373309485979551,0.3579881399932278,87,-0.25425504513343233,servicos,3,2
2026-02-01,0.31595611303378185,0.27220203257434383,87,0.043754080459438016,servicos,3,2
2026-03-01,0.2717290122392691,0.23516922369706375,87,0.036559788542205346,servicos,3,2
2026-04-01,0.2821796470805617,0.16187118902439024,87,0.12030845805617146,servicos,3,2
2026-05-01,0.2551092298186144,0.27172613719704103,87,-0.016616907378426637,servicos,3,2
2026-06-01,0.10014188332047427,0.4236878682536793,87,-0.3235459849332051,servicos,3,2
2026-07-01,0.22776973720320887,0.36160341575163,87,-0.13383367854842115,servicos,3,2
2009-07-01,0.0,0.0,97,0.0,servicos,3,3
2009-08-01,0.0,0.0,97,0.0,servicos,3,3
2009-09-01,0.01911866881778678,0.0840526631887608,97,-0.06493399437097402,servicos,3,3
2009-10-01,0.03805617508076713,0.0764624881570972,97,-0.03840631307633008,servicos,3,3
2009-11-01,0.013741499799995293,0.14960646132850183,97,-0.13586496152850655,servicos,3,3
2009-12-01,0.011655348172591076,0.33091053724791186,97,-0.3192551890753208,servicos,3,3
2010-01-01,0.05969440149199117,0.41915036768611524,97,-0.35945596619412407,servicos,3,3
2010-02-01,0.054039168773947495,0.3516217672732872,97,-0.2975825984993397,servicos,3,3
2010-03-01,0.17706412544808153,0.3642183835135494,97,-0.18715425806546787,servicos,3,3
2010-04-01,0.16692993359768285,0.415033673562784,97,-0.24810373996510113,servicos,3,3
2010-05-01,0.17811716866045676,0.20606766277365363,97,-0.02795049411319686,servicos,3,3
2010-06-01,0.1150061591452229,0.3000227460039407,97,-0.1850165868587178,servicos,3,3
2010-07-01,0.09064192574785541,0.2725194182318315,97,-0.1818774924839761,servicos,3,3
2010-08-01,0.03317653756202628,0.4155723730350399,97,-0.38239583547301365,servicos,3,3
2010-09-01,0.03436692809155924,0.1933948726359009,97,-0.15902794454434166,servicos,3,3
2010-10-01,0.0673240883410375,0.09245579279477585,97,-0.025131704453738357,servicos,3,3
2010-11-01,0.27462024085306547,0.1870501688800863,97,0.08757007197297917,servicos,3,3
2010-12-01,0.15959518243423196,0.2280235551741485,97,-0.06842837273991653,servicos,3,3
2011-01-01,0.06489666759678693,0.27653365946911906,97,-0.21163699187233215,servicos,3,3
2011-02-01,0.06387914450605409,0.09568322186024074,97,-0.03180407735418665,servicos,3,3
2011-03-01,0.14525533244508376,0.1726456473806464,97,-0.027390314935562626,servicos,3,3
2011-04-01,0.03999208779010206,0.0753962747662503,97,-0.035404186976148236,servicos,3,3
2011-05-01,0.07421747805031112,0.21519575629480964,97,-0.14097827824449852,servicos,3,3
2011-06-01,0.1246684978215571,0.28049820041674556,97,-0.15582970259518847,servicos,3,3
2011-07-01,0.0769961836905159,0.2824039503082858,97,-0.20540776661776988,servicos,3,3
2011-08-01,0.031861849472505456,0.2755554900689574,97,-0.24369364059645196,servicos,3,3
2011-09-01,0.028947306349655626,0.10415487310123597,97,-0.07520756675158034,servicos,3,3
2011-10-01,0.04334488842392702,0.09971067944523745,97,-0.05636579102131044,servicos,3,3
2011-11-01,0.09507850178971645,0.22563454256386875,97,-0.13055604077415228,servicos,3,3
2011-12-01,0.0491189512127935,0.22223341202396857,97,-0.17311446081117507,servicos,3,3
2012-01-01,0.013979889504217672,0.2556943520719605,89,-0.24171446256774284,servicos,3,3
2012-02-01,0.07072888469793834,0.14235787127553998,89,-0.07162898657760164,servicos,3,3
2012-03-01,0.0764385137918184,0.1328676129268468,89,-0.05642909913502839,servicos,3,3
2012-04-01,0.32393763914005735,0.08273651361532386,89,0.2412011255247335,servicos,3,3
2012-05-01,0.08944612966294908,0.12757789715042903,89,-0.03813176748747994,servicos,3,3
2012-06-01,0.04607819270655826,0.14655046496908322,89,-0.10047227226252496,servicos,3,3
2012-07-01,0.052146285536619964,0.19297137638211462,89,-0.14082509084549466,servicos,3,3
2012-08-01,0.11103737180151248,0.170034574743603,89,-0.05899720294209053,servicos,3,3
2012-09-01,0.09503384469960605,0.10034929154351901,89,-0.005315446843912969,servicos,3,3
2012-10-01,0.10366524070068013,0.048850416276120634,89,0.0548148244245595,servicos,3,3
2012-11-01,0.02232764567308318,0.07571290981739617,89,-0.053385264144312994,servicos,3,3
2012-12-01,0.0416780826385899,0.11362806111132856,89,-0.07194997847273865,servicos,3,3
2013-01-01,0.0684945815380598,0.2175153414283849,89,-0.1490207598903251,servicos,3,3
2013-02-01,0.14468099000848952,0.06907203030105138,89,0.07560895970743814,servicos,3,3
2013-03-01,0.07744675880106304,0.11687591060865163,89,-0.03942915180758859,servicos,3,3
2013-04-01,0.29170414289564345,0.089491611277612,89,0.20221253161803143,servicos,3,3
2013-05-01,0.08158021102358116,0.10839941339078296,89,-0.026819202367201797,servicos,3,3
2013-06-01,0.07738544640340105,0.14131058193000248,89,-0.06392513552660144,servicos,3,3
2013-07-01,0.07667695416611342,0.16124602884170097,89,-0.08456907467558755,servicos,3,3
2013-08-01,0.10765117103186109,0.15095840984504366,89,-0.043307238813182575,servicos,3,3
2013-09-01,0.05433405165481972,0.055906854073526094,89,-0.0015728024187063733,servicos,3,3
2013-10-01,0.090892698445409,0.06713592045439909,89,0.023756777991009906,servicos,3,3
2013-11-01,0.10724247472203928,0.2259294412376193,89,-0.11868696651558001,servicos,3,3
2013-12-01,0.04814491911266105,0.09540185346636959,89,-0.04725693435370854,servicos,3,3
2014-01-01,0.06502417370044067,0.05325023590029605,89,0.011773937800144615,servicos,3,3
2014-02-01,0.15686477364206253,0.054776584085273396,89,0.10208818955678914,servicos,3,3
2014-03-01,0.2101925349362926,0.04833281956432388,89,0.16185971537196875,servicos,3,3
2014-04-01,0.19729961076925562,0.11429171309979488,89,0.08300789766946073,servicos,3,3
2014-05-01,0.2090943215501508,0.1459447040397634,89,0.06314961751038742,servicos,3,3
2014-06-01,0.25420160605483316,0.19382117706318633,89,0.060380428991646834,servicos,3,3
2014-07-01,0.20610227733412267,0.196826275249194,89,0.00927600208492868,servicos,3,3
2014-08-01,0.21253350818660446,0.14602819508996587,89,0.0665053130966386,servicos,3,3
2014-09-01,0.05786691092577415,0.11462501406096837,89,-0.056758103135194214,servicos,3,3
2014-10-01,0.06849036964949198,0.05111481337067101,89,0.017375556278820974,servicos,3,3
2014-11-01,0.12171468773397362,0.323577440425477,89,-0.20186275269150336,servicos,3,3
2014-12-01,0.07416264849981255,0.1048224465788487,89,-0.030659798079036155,servicos,3,3
2015-01-01,0.09068912839707184,0.015218103445479815,89,0.07547102495159203,servicos,3,3
2015-02-01,0.1328403302186574,0.13526840858203482,89,-0.0024280783633774117,servicos,3,3
2015-03-01,0.18782332003722044,0.11962272008537275,89,0.06820059995184768,servicos,3,3
2015-04-01,0.24626591053956196,0.0491165009626821,89,0.19714940957687985,servicos,3,3
2015-05-01,0.2537463948545788,0.08509457142294023,89,0.16865182343163854,servicos,3,3
2015-06-01,0.2822346368715084,0.08230364771606967,89,0.19993098915543872,servicos,3,3
2015-07-01,0.2749566249807313,0.08550700395868796,89,0.18944962102204335,servicos,3,3
2015-08-01,0.18663319221554922,0.04055659479505103,89,0.1460765974204982,servicos,3,3
2015-09-01,0.1543697632772571,0.18215298746454386,89,-0.027783224187286765,servicos,3,3
2015-10-01,0.06885611948898944,0.18102437842545363,89,-0.11216825893646419,servicos,3,3
2015-11-01,0.14651175780595432,0.10343649273371863,89,0.04307526507223569,servicos,3,3
2015-12-01,0.06349064945691624,0.11804978157870426,89,-0.05455913212178802,servicos,3,3
2016-01-01,0.1789035350707776,0.26329005734427435,89,-0.08438652227349674,servicos,3,3
2016-02-01,0.19669200862780603,0.3131440896865763,89,-0.11645208105877028,servicos,3,3
2016-03-01,0.2336655592469546,0.2739624138443993,89,-0.0402968545974447,servicos,3,3
2016-04-01,0.24593926845644246,0.2243151081373389,89,0.021624160319103553,servicos,3,3
2016-05-01,0.28293228507047813,0.22948732709419564,89,0.05344495797628249,servicos,3,3
2016-06-01,0.275126740426425,0.1468844481462778,89,0.1282422922801472,servicos,3,3
2016-07-01,0.05485321915407321,0.119685111596686,89,-0.0648318924426128,servicos,3,3
2016-08-01,0.07325896894784444,0.12122989605589125,89,-0.04797092710804682,servicos,3,3
2016-09-01,0.061441183098775554,0.08576355661230849,89,-0.024322373513532933,servicos,3,3
2016-10-01,0.19086852714391953,0.09791316033243311,89,0.09295536681148642,servicos,3,3
2016-11-01,0.2925409675523928,0.1287882744662793,89,0.16375269308611348,servicos,3,3
2016-12-01,0.2783254359826095,0.15234885122042563,89,0.12597658476218387,servicos,3,3
2017-01-01,0.16823085694237347,0.22337871596708542,89,-0.05514785902471195,servicos,3,3
2017-02-01,0.16630483811823193,0.16856018198515693,89,-0.002255343866924997,servicos,3,3
2017-03-01,0.16604998648666042,0.27425644457600284,89,-0.10820645808934243,servicos,3,3
2017-04-01,0.16710577407522695,0.2765959495149495,89,-0.10949017543972253,servicos,3,3
2017-05-01,0.05797240505843296,0.3548419079784818,89,-0.2968695029200489,servicos,3,3
2017-06-01,0.015405522070696573,0.3750115909127244,89,-0.35960606884202784,servicos,3,3
2017-07-01,0.018136082631592335,0.36241318340244744,89,-0.3442771007708551,servicos,3,3
2017-08-01,0.03957103296102352,0.4123609402174086,89,-0.37278990725638506,servicos,3,3
2017-09-01,0.04980962248679435,0.28759717516638167,89,-0.23778755267958732,servicos,3,3
2017-10-01,0.0437982824451689,0.2823500310783555,89,-0.2385517486331866,servicos,3,3
2017-11-01,0.17218675432807026,0.26865449053155305,89,-0.09646773620348278,servicos,3,3
2017-12-01,0.1478176995418375,0.3515762821570444,89,-0.2037585826152069,servicos,3,3
2018-01-01,0.13988129281529213,0.46611316582148166,89,-0.3262318730061895,servicos,3,3
2018-02-01,0.1327586316465108,0.4444829273562663,89,-0.3117242957097555,servicos,3,3
2018-03-01,0.1251798515651434,0.3971027691607138,89,-0.2719229175955704,servicos,3,3
2018-04-01,0.15104000505393497,0.42261320024637933,89,-0.2715731951924444,servicos,3,3
2018-05-01,0.17101315122491836,0.3980032303463649,90,-0.22699007912144656,servicos,3,3
2018-06-01,0.1641977332038982,0.35455250318334824,90,-0.19035476997945006,servicos,3,3
2018-07-01,0.11939794859387634,0.38231792338106363,90,-0.2629199747871873,servicos,3,3
2018-08-01,0.05086881485805795,0.2584241705027227,90,-0.20755535564466476,servicos,3,3
2018-09-01,0.03377990035596229,0.26881344845215144,90,-0.23503354809618915,servicos,3,3
2018-10-01,0.06126306744952026,0.28781007844447626,90,-0.226547010994956,servicos,3,3
2018-11-01,0.17153475611701277,0.33536223562063355,90,-0.16382747950362078,servicos,3,3
2018-12-01,0.14535032009590124,0.3982260820771801,90,-0.2528757619812788,servicos,3,3
2019-01-01,0.1458390394598554,0.3947991974266696,90,-0.24896015796681417,servicos,3,3
2019-02-01,0.02028500915532203,0.38873975001990285,90,-0.3684547408645808,servicos,3,3
2019-03-01,0.03048915905759627,0.39390978254662207,90,-0.3634206234890258,servicos,3,3
2019-04-01,0.04635062566169623,0.40233682411316757,90,-0.35598619845147134,servicos,3,3
2019-05-01,0.18253184398835204,0.30612283910104054,90,-0.1235909951126885,servicos,3,3
2019-06-01,0.17946319784439294,0.3857442348008385,90,-0.2062810369564456,servicos,3,3
2019-07-01,0.08965178231637701,0.3130660915894964,90,-0.2234143092731194,servicos,3,3
2019-08-01,0.047886805504872454,0.26760572318881515,90,-0.2197189176839427,servicos,3,3
2019-09-01,0.10198416223556137,0.26238911661315495,90,-0.16040495437759358,servicos,3,3
2019-10-01,0.052266616051374525,0.2502831292904369,90,-0.19801651323906236,servicos,3,3
2019-11-01,0.2383534117513246,0.2580937666859394,90,-0.019740354934614818,servicos,3,3
2019-12-01,0.05423388243322654,0.3528424923701022,90,-0.29860860993687566,servicos,3,3
2020-01-01,0.03938056159094369,0.31302951881426533,87,-0.2736489572233216,servicos,3,3
2020-02-01,0.0,0.4493719324515431,87,-0.4493719324515431,servicos,3,3
2020-03-01,1.1006336898469294e-05,0.3752803176428829,87,-0.3752693113059844,servicos,3,3
2020-04-01,0.03610107310419176,0.4211755193637278,87,-0.3850744462595361,servicos,3,3
2020-05-01,0.007139679593148106,0.4451535305715588,87,-0.4380138509784107,servicos,3,3
2020-06-01,0.0,0.41262797327540446,87,-0.41262797327540446,servicos,3,3
2020-07-01,0.1281081628353067,0.4097480086140611,87,-0.28163984577875434,servicos,3,3
2020-08-01,0.1102532266596501,0.38289054984089393,87,-0.27263732318124384,servicos,3,3
2020-09-01,0.04882015209439886,0.4133285189401353,87,-0.3645083668457364,servicos,3,3
2020-10-01,0.04080986062282006,0.15446826841571365,87,-0.11365840779289359,servicos,3,3
2020-11-01,0.1301975793590841,0.2089719270562298,87,-0.0787743476971457,servicos,3,3
2020-12-01,0.297108628948713,0.12315778479708464,87,0.17395084415162834,servicos,3,3
2021-01-01,0.17781940225853926,0.20653080512057023,87,-0.02871140286203097,servicos,3,3
2021-02-01,0.14778707912661568,0.15756156015973904,87,-0.009774481033123367,servicos,3,3
2021-03-01,0.11851750476858465,0.29456880304961325,87,-0.1760512982810286,servicos,3,3
2021-04-01,0.020458479626488016,0.2964794594329922,87,-0.2760209798065042,servicos,3,3
2021-05-01,0.04645933729743407,0.1757622459659333,87,-0.12930290866849922,servicos,3,3
2021-06-01,0.025132332429458802,0.357567566787087,87,-0.33243523435762823,servicos,3,3
2021-07-01,0.029473757353963032,0.3406245657108445,87,-0.31115080835688147,servicos,3,3
2021-08-01,0.023414491482050152,0.1742692110843021,87,-0.15085471960225194,servicos,3,3
2021-09-01,0.05915258376908658,0.15892217648080087,87,-0.09976959271171429,servicos,3,3
2021-10-01,0.11114308942124532,0.05454049146376923,87,0.05660259795747609,servicos,3,3
2021-11-01,0.12785158737990365,0.15531414184002704,87,-0.027462554460123384,servicos,3,3
2021-12-01,0.14484876484496018,0.1425810679010668,87,0.002267696943893366,servicos,3,3
2022-01-01,0.05315813683242144,0.27484808502396746,87,-0.22168994819154603,servicos,3,3
2022-02-01,0.10625985049929364,0.2469121237147084,87,-0.14065227321541474,servicos,3,3
2022-03-01,0.24136953841237493,0.2433411817197915,87,-0.0019716433074165596,servicos,3,3
2022-04-01,0.23077509080714756,0.20647351356622215,87,0.02430157724092541,servicos,3,3
2022-05-01,0.18163575109118288,0.11902980173917294,87,0.06260594935200994,servicos,3,3
2022-06-01,0.12208253054654539,0.06927237031436724,87,0.05281016023217815,servicos,3,3
2022-07-01,0.23288022100660458,0.17641498502838812,87,0.056465235978216455,servicos,3,3
2022-08-01,0.25900451016368553,0.06011442619691068,87,0.19889008396677485,servicos,3,3
2022-09-01,0.19356427075064608,0.07382019588299543,87,0.11974407486765065,servicos,3,3
2022-10-01,0.20521858426525874,0.17119415128965013,87,0.034024432975608615,servicos,3,3
2022-11-01,0.15189264328485885,0.20373835662009313,87,-0.05184571333523427,servicos,3,3
2022-12-01,0.14935761767073064,0.11605806778549499,87,0.033299549885235646,servicos,3,3
2023-01-01,0.2637648765292656,0.12725748730813588,87,0.13650738922112973,servicos,3,3
2023-02-01,0.2886064449471828,0.07880126595056142,87,0.20980517899662138,servicos,3,3
2023-03-01,0.3233388025381815,0.02469669436554283,87,0.29864210817263864,servicos,3,3
2023-04-01,0.2665011105808603,0.08722036634439201,87,0.17928074423646828,servicos,3,3
2023-05-01,0.21171977598096664,0.12193843598909351,87,0.08978133999187313,servicos,3,3
2023-06-01,0.016480791969978377,0.15446524715319773,87,-0.13798445518321936,servicos,3,3
2023-07-01,0.014127643626163517,0.2095751751681409,87,-0.1954475315419774,servicos,3,3
2023-08-01,0.06728705203867368,0.14917324193274803,87,-0.08188618989407435,servicos,3,3
2023-09-01,0.16839669305722949,0.13181662984828102,87,0.036580063208948466,servicos,3,3
2023-10-01,0.05477839132848336,0.11215706898062931,87,-0.05737867765214595,servicos,3,3
2023-11-01,0.0905303595077927,0.10935796123969817,87,-0.018827601731905466,servicos,3,3
2023-12-01,0.09641340945688771,0.22790513833992096,87,-0.13149172888303323,servicos,3,3
2024-01-01,0.11188458197356374,0.1516798534970535,87,-0.03979527152348977,servicos,3,3
2024-02-01,0.13179397965100956,0.10433104304684251,87,0.027462936604167043,servicos,3,3
2024-03-01,0.15389658829974473,0.09494947140209575,87,0.05894711689764898,servicos,3,3
2024-04-01,0.19944461262603916,0.06372109540553758,87,0.13572351722050158,servicos,3,3
2024-05-01,0.22272592540930727,0.12704363038260133,87,0.09568229502670594,servicos,3,3
2024-06-01,0.08808148497170015,0.17356857407116558,87,-0.08548708909946542,servicos,3,3
2024-07-01,0.0639424390187201,0.18279563643126567,87,-0.11885319741254557,servicos,3,3
2024-08-01,0.07237134935896503,0.10530021149644646,87,-0.03292886213748143,servicos,3,3
2024-09-01,0.22518494030582215,0.07203029802140698,87,0.15315464228441517,servicos,3,3
2024-10-01,0.11825845066939021,0.0357493067497694,87,0.0825091439196208,servicos,3,3
2024-11-01,0.08518919926814204,0.02126816534396159,87,0.06392103392418046,servicos,3,3
2024-12-01,0.13270940352737898,0.15172158589281498,87,-0.019012182365436003,servicos,3,3
2025-01-01,0.18322209516697394,0.2970875825534993,87,-0.11386548738652538,servicos,3,3
2025-02-01,0.05020885206990436,0.2096170851464873,87,-0.15940823307658294,servicos,3,3
2025-03-01,0.04518670348157457,0.1357642057630687,87,-0.09057750228149412,servicos,3,3
2025-04-01,0.06585908485740313,0.2328089598953589,87,-0.16694987503795577,servicos,3,3
2025-05-01,0.07782513508477736,0.25449506241848335,87,-0.176669927333706,servicos,3,3
2025-06-01,0.07228428463373479,0.25242916157560946,87,-0.18014487694187467,servicos,3,3
2025-07-01,0.06249726911257082,0.21225476630885975,87,-0.14975749719628895,servicos,3,3
2025-08-01,0.08386646301549203,0.0694072296166994,87,0.014459233398792626,servicos,3,3
2025-09-01,0.16553781344844648,0.0819370947629119,87,0.08360071868553458,servicos,3,3
2025-10-01,0.16270548163793452,0.09487985888278333,87,0.0678256227551512,servicos,3,3
2025-11-01,0.10075892042772883,0.07592099814975142,87,0.024837922277977403,servicos,3,3
2025-12-01,0.09658516813595634,0.20665305945194773,87,-0.11006789131599139,servicos,3,3
2026-01-01,0.05808451340111307,0.24891254330291637,87,-0.1908280299018033,servicos,3,3
2026-02-01,0.029780854050993465,0.18638094302667538,87,-0.15660008897568192,servicos,3,3
2026-03-01,0.10693271275067517,0.15588116991323336,87,-0.04894845716255819,servicos,3,3
2026-04-01,0.19620461474501108,0.14001582132298596,87,0.056188793422025124,servicos,3,3
2026-05-01,0.11758591417533364,0.14192946693076625,87,-0.02434355275543261,servicos,3,3
2026-06-01,0.08758622084673424,0.23287069545944478,87,-0.14528447461271055,servicos,3,3
2026-07-01,0.06603285754316632,0.1930951204786212,87,-0.1270622629354549,servicos,3,3
2009-07-01,0.0,0.0,97,0.0,servicos,3,4
2009-08-01,0.0,0.0,97,0.0,servicos,3,4
2009-09-01,0.0,0.0,97,0.0,servicos,3,4
2009-10-01,0.0173391866206093,0.014688141797061193,97,0.0026510448235481064,servicos,3,4
2009-11-01,0.004641285677310054,0.05695428127720652,97,-0.05231299559989647,servicos,3,4
2009-12-01,0.0067586877421445726,0.08306939881855546,97,-0.0763107110764109,servicos,3,4
2010-01-01,0.003337503983758071,0.15804601093025178,97,-0.1547085069464937,servicos,3,4
2010-02-01,0.03368194766047412,0.31113532592281135,97,-0.27745337826233724,servicos,3,4
2010-03-01,0.041092212600864444,0.3069436044195961,97,-0.2658513918187317,servicos,3,4
2010-04-01,0.13284892218026353,0.29266326732468634,97,-0.1598143451444228,servicos,3,4
2010-05-01,0.14701936261761786,0.16778866613078633,97,-0.02076930351316847,servicos,3,4
2010-06-01,0.06192230319537045,0.17225223841356962,97,-0.11032993521819917,servicos,3,4
2010-07-01,0.04540765796874863,0.24829475156712408,97,-0.20288709359837545,servicos,3,4
2010-08-01,0.023762922446248787,0.07307876273170903,97,-0.049315840285460245,servicos,3,4
2010-09-01,0.021413803000041,0.14011222332206805,97,-0.11869842032202704,servicos,3,4
2010-10-01,0.02982757355638712,0.06930809303690659,97,-0.03948051948051947,servicos,3,4
2010-11-01,0.03962050610974553,0.06801181276415144,97,-0.02839130665440591,servicos,3,4
2010-12-01,0.14041961352942917,0.1751901281330453,97,-0.03477051460361613,servicos,3,4
2011-01-01,0.058463995440431744,0.1551678075482228,97,-0.09670381210779105,servicos,3,4
2011-02-01,0.05483523224719034,0.054903724174076705,97,-6.849192688636319e-05,servicos,3,4
2011-03-01,0.022187570008607375,0.07107568593696573,97,-0.04888811592835835,servicos,3,4
2011-04-01,0.01725334128490746,0.031837787887823765,97,-0.014584446602916305,servicos,3,4
2011-05-01,0.03803823360507729,0.06295993700750109,97,-0.0249217034024238,servicos,3,4
2011-06-01,0.04746104849403296,0.11993275241523013,97,-0.07247170392119717,servicos,3,4
2011-07-01,0.06128231540484463,0.2670649244854771,97,-0.20578260908063245,servicos,3,4
2011-08-01,0.03173807980196853,0.15017386691813522,97,-0.1184357871161667,servicos,3,4
2011-09-01,0.022257406359090477,0.08205667987545995,97,-0.059799273516369475,servicos,3,4
2011-10-01,0.011430969415950754,0.032327656267085135,97,-0.020896686851134383,servicos,3,4
2011-11-01,0.042651208095617336,0.06921421233231585,97,-0.026563004236698516,servicos,3,4
2011-12-01,0.031361723176811046,0.18158876096312598,97,-0.15022703778631494,servicos,3,4
2012-01-01,0.0003522958494939451,0.15305443793995824,89,-0.1527021420904643,servicos,3,4
2012-02-01,0.0,0.048288982159519156,89,-0.048288982159519156,servicos,3,4
2012-03-01,0.02205252593934084,0.10741534981334135,89,-0.0853628238740005,servicos,3,4
2012-04-01,0.028872581982464274,0.06721158428704799,89,-0.038339002304583716,servicos,3,4
2012-05-01,0.06743941332744409,0.0149363766863913,89,0.05250303664105279,servicos,3,4
2012-06-01,0.026353116834639794,0.10296509080286284,89,-0.07661197396822304,servicos,3,4
2012-07-01,0.026557328203234812,0.11340950752349677,89,-0.08685217932026196,servicos,3,4
2012-08-01,0.046902517352118506,0.11107621982803273,89,-0.06417370247591422,servicos,3,4
2012-09-01,0.020475153037606303,0.0819103236854628,89,-0.0614351706478565,servicos,3,4
2012-10-01,0.022002471386084344,0.04850014108306387,89,-0.026497669696979528,servicos,3,4
2012-11-01,0.02054455767703981,0.04494813426522458,89,-0.024403576588184768,servicos,3,4
2012-12-01,0.010783200908059024,0.013545866113481285,89,-0.0027626652054222618,servicos,3,4
2013-01-01,0.025864995430212822,0.0767822169996083,89,-0.050917221569395474,servicos,3,4
2013-02-01,0.03248546986220858,0.042561875530594914,89,-0.010076405668386336,servicos,3,4
2013-03-01,0.03769635886336571,0.036657981069074835,89,0.0010383777942908762,servicos,3,4
2013-04-01,0.058511622772126126,0.06120341718267511,89,-0.002691794410548981,servicos,3,4
2013-05-01,0.03389550049965608,0.05177929477113156,89,-0.017883794271475476,servicos,3,4
2013-06-01,0.02765941589897962,0.05299875895544876,89,-0.025339343056469142,servicos,3,4
2013-07-01,0.043194543847092995,0.13300668093746862,89,-0.08981213709037562,servicos,3,4
2013-08-01,0.05445378692696756,0.0921458715891885,89,-0.03769208466222093,servicos,3,4
2013-09-01,0.03391335113055225,0.05370364414139139,89,-0.019790293010839143,servicos,3,4
2013-10-01,0.04731391919217938,0.009350729640267385,89,0.037963189551912,servicos,3,4
2013-11-01,0.04808300727023851,0.050375133976420156,89,-0.0022921267061816464,servicos,3,4
2013-12-01,0.029842745971778228,0.07348961865090897,89,-0.04364687267913074,servicos,3,4
2014-01-01,0.020353899083312525,0.03651509599763937,89,-0.016161196914326846,servicos,3,4
2014-02-01,0.03415979386442771,0.018075658479653166,89,0.016084135384774545,servicos,3,4
2014-03-01,0.06894780106863954,0.005699624948623099,89,0.06324817612001644,servicos,3,4
2014-04-01,0.013844340003553144,0.0429542775005249,89,-0.029109937496971754,servicos,3,4
2014-05-01,0.15112546435921664,0.0888398462275263,89,0.06228561813169034,servicos,3,4
2014-06-01,0.17241679932063944,0.12473563381691491,89,0.04768116550372453,servicos,3,4
2014-07-01,0.16837085990437642,0.12267295577248537,89,0.04569790413189105,servicos,3,4
2014-08-01,0.17778463476880157,0.10961757275374617,89,0.0681670620150554,servicos,3,4
2014-09-01,0.035308296774815597,0.044233396005078016,89,-0.008925099230262419,servicos,3,4
2014-10-01,0.04350978502905057,0.04586218786353485,89,-0.0023524028344842837,servicos,3,4
2014-11-01,0.06818152479797589,0.01963442026179227,89,0.04854710453618362,servicos,3,4
2014-12-01,0.037688896932404306,0.06715940380314644,89,-0.02947050687074214,servicos,3,4
2015-01-01,0.0417784293438247,0.013252593921191502,89,0.028525835422633195,servicos,3,4
2015-02-01,0.07778324593337613,0.014662985982328803,89,0.06312025995104732,servicos,3,4
2015-03-01,0.12025065233376063,0.1042139784876268,89,0.01603667384613383,servicos,3,4
2015-04-01,0.08264280879753448,0.046244882671064996,89,0.036397926126469485,servicos,3,4
2015-05-01,0.2165813695282269,0.03835414846300907,89,0.17822722106521782,servicos,3,4
2015-06-01,0.23023003614853763,0.02014130791981597,89,0.21008872822872166,servicos,3,4
2015-07-01,0.21988920921354285,0.06120059429516003,89,0.15868861491838282,servicos,3,4
2015-08-01,0.10325883627055234,0.0401759049588133,89,0.06308293131173903,servicos,3,4
2015-09-01,0.11792674797066782,0.033547704011607386,89,0.08437904395906043,servicos,3,4
2015-10-01,0.033729054394730125,0.045400970422415324,89,-0.011671916027685199,servicos,3,4
2015-11-01,0.05430243370319138,0.03582705494642699,89,0.018475378756764388,servicos,3,4
2015-12-01,0.046402977392406064,0.07155771997202097,89,-0.025154742579614905,servicos,3,4
2016-01-01,0.0441693362176631,0.08382666194042954,89,-0.03965732572276644,servicos,3,4
2016-02-01,0.15078688786515057,0.21423388277900568,89,-0.06344699491385511,servicos,3,4
2016-03-01,0.17136576254937935,0.24037288639857193,89,-0.06900712384919258,servicos,3,4
2016-04-01,0.19268919486550223,0.21515014205532057,89,-0.022460947189818337,servicos,3,4
2016-05-01,0.21621079294067339,0.20547377423970792,89,0.010737018700965467,servicos,3,4
2016-06-01,0.20867409510942633,0.08201564826170504,89,0.1266584468477213,servicos,3,4
2016-07-01,0.01904006866480372,0.10618474632351738,89,-0.08714467765871366,servicos,3,4
2016-08-01,0.04620794064830714,0.08918155483608813,89,-0.042973614187780985,servicos,3,4
2016-09-01,0.03031886576153165,0.055931334284846444,89,-0.025612468523314794,servicos,3,4
2016-10-01,0.01415906689107206,0.07522146985531071,89,-0.06106240296423865,servicos,3,4
2016-11-01,0.16349807403538552,0.05946987007899719,89,0.10402820395638833,servicos,3,4
2016-12-01,0.2676045788351001,0.07603927507205314,89,0.19156530376304692,servicos,3,4
2017-01-01,0.1227994945212733,0.14589363506125194,89,-0.023094140539978644,servicos,3,4
2017-02-01,0.11656720437958573,0.1221390395155716,89,-0.0055718351359858725,servicos,3,4
2017-03-01,0.15695100449157667,0.12995971737815473,89,0.02699128711342194,servicos,3,4
2017-04-01,0.16176909475413728,0.2414117329927443,89,-0.07964263823860701,servicos,3,4
2017-05-01,0.04233271286292721,0.2506636474704637,89,-0.2083309346075365,servicos,3,4
2017-06-01,0.009007338246814496,0.27947689011814736,89,-0.27046955187133287,servicos,3,4
2017-07-01,0.01264405831022464,0.19990078103136844,89,-0.1872567227211438,servicos,3,4
2017-08-01,0.012037275493366143,0.3452497909532848,89,-0.33321251545991865,servicos,3,4
2017-09-01,0.033269980104119655,0.2207807067169255,89,-0.18751072661280585,servicos,3,4
2017-10-01,0.03163966866667513,0.23617013179759744,89,-0.20453046313092232,servicos,3,4
2017-11-01,0.043721759658831294,0.23354444839315633,89,-0.18982268873432503,servicos,3,4
2017-12-01,0.1339744647367152,0.2423057885852804,89,-0.1083313238485652,servicos,3,4
2018-01-01,0.13988129281529213,0.337355905491796,89,-0.19747461267650387,servicos,3,4
2018-02-01,0.12620029614189393,0.37200442306347986,89,-0.24580412692158593,servicos,3,4
2018-03-01,0.1251798515651434,0.3510892285118884,89,-0.22590937694674498,servicos,3,4
2018-04-01,0.1262378192270638,0.331869798000537,89,-0.2056319787734732,servicos,3,4
2018-05-01,0.12683045089464223,0.3699911527550825,90,-0.24316070186044025,servicos,3,4
2018-06-01,0.1640243825565123,0.2629351101249386,90,-0.09891072756842628,servicos,3,4
2018-07-01,0.035896423728058166,0.3044956482430617,90,-0.2685992245150035,servicos,3,4
2018-08-01,0.00535931324228881,0.2175147460865848,90,-0.212155432844296,servicos,3,4
2018-09-01,0.013981284195083845,0.1981258791887489,90,-0.18414459499366506,servicos,3,4
2018-10-01,0.026422900058873135,0.2213279870160867,90,-0.19490508695721356,servicos,3,4
2018-11-01,0.025064599483204133,0.24098318818387723,90,-0.2159185887006731,servicos,3,4
2018-12-01,0.14120884025811717,0.3002078710434361,90,-0.15899903078531893,servicos,3,4
2019-01-01,0.14018599318449632,0.3361126150514347,90,-0.19592662186693838,servicos,3,4
2019-02-01,0.004426399172040443,0.31951596210492794,90,-0.3150895629328875,servicos,3,4
2019-03-01,0.007709537618101866,0.2714201412463435,90,-0.2637106036282416,servicos,3,4
2019-04-01,0.009856882278658621,0.3147601311274666,90,-0.304903248848808,servicos,3,4
2019-05-01,0.02947042443783174,0.2903776674716606,90,-0.26090724303382884,servicos,3,4
2019-06-01,0.14104338254709028,0.25586699878794816,90,-0.11482361624085788,servicos,3,4
2019-07-01,0.013145376125840415,0.2623557021438539,90,-0.2492103260180135,servicos,3,4
2019-08-01,0.013127540545600513,0.23803147182671774,90,-0.22490393128111724,servicos,3,4
2019-09-01,0.02247807713295854,0.1890347593243569,90,-0.16655668219139835,servicos,3,4
2019-10-01,0.033203631647211414,0.23316567017810255,90,-0.19996203853089115,servicos,3,4
2019-11-01,0.014574625050156553,0.2145973732184551,90,-0.20002274816829854,servicos,3,4
2019-12-01,0.04653763766989555,0.21349812648885688,90,-0.16696048881896133,servicos,3,4
2020-01-01,0.011126641664014171,0.2348219598942692,87,-0.22369531823025504,servicos,3,4
2020-02-01,0.0,0.25722208357596427,87,-0.25722208357596427,servicos,3,4
2020-03-01,0.0,0.30590737617183095,87,-0.30590737617183095,servicos,3,4
2020-04-01,0.0,0.33374860430451736,87,-0.33374860430451736,servicos,3,4
2020-05-01,0.007139679593148106,0.3669081342918811,87,-0.35976845469873303,servicos,3,4
2020-06-01,0.0,0.3291026686292427,87,-0.3291026686292427,servicos,3,4
2020-07-01,0.0,0.38635760393379104,87,-0.38635760393379104,servicos,3,4
2020-08-01,0.023034060479483403,0.37127759002990257,87,-0.34824352955041915,servicos,3,4
2020-09-01,0.030606310346443368,0.3588799369351242,87,-0.32827362658868087,servicos,3,4
2020-10-01,0.02103581006906327,0.10953128691132943,87,-0.08849547684226616,servicos,3,4
2020-11-01,0.01617957283465668,0.11099080648861581,87,-0.09481123365395913,servicos,3,4
2020-12-01,0.1286509099223454,0.1026051414070417,87,0.0260457685153037,servicos,3,4
2021-01-01,0.16543928218646184,0.10338211558004948,87,0.06205716660641236,servicos,3,4
2021-02-01,0.11663341141912144,0.15438499614315032,87,-0.03775158472402888,servicos,3,4
2021-03-01,0.11304895746907191,0.098322655695358,87,0.01472630177371391,servicos,3,4
2021-04-01,0.0,0.2197378388264673,87,-0.2197378388264673,servicos,3,4
2021-05-01,0.01734102384211071,0.11650488228461017,87,-0.09916385844249946,servicos,3,4
2021-06-01,0.01757790503253082,0.12100078836340954,87,-0.10342288333087872,servicos,3,4
2021-07-01,0.02529879093899106,0.30398793255199885,87,-0.2786891416130078,servicos,3,4
2021-08-01,0.019480880310009503,0.14029099948819185,87,-0.12081011917818235,servicos,3,4
2021-09-01,0.008489463942583562,0.04219719685845695,87,-0.03370773291587339,servicos,3,4
2021-10-01,0.05391444186639923,0.022199540699157944,87,0.03171490116724129,servicos,3,4
2021-11-01,0.07238524126918627,0.03645127818694513,87,0.035933963082241144,servicos,3,4
2021-12-01,0.06610442276393305,0.13691333532624944,87,-0.07080891256231639,servicos,3,4
2022-01-01,0.037524814796881814,0.045553309446569504,87,-0.00802849464968769,servicos,3,4
2022-02-01,0.04966617962470543,0.2257061352161589,87,-0.17603995559145347,servicos,3,4
2022-03-01,0.09798524583739068,0.23147514493387158,87,-0.1334898990964809,servicos,3,4
2022-04-01,0.11802796128812072,0.20497123424587405,87,-0.08694327295775332,servicos,3,4
2022-05-01,0.13114964401017726,0.116601557130945,87,0.014548086879232258,servicos,3,4
2022-06-01,0.10599224446991684,0.01163024656732434,87,0.0943619979025925,servicos,3,4
2022-07-01,0.11281765125596882,0.04081669990303518,87,0.07200095135293363,servicos,3,4
2022-08-01,0.041133777420258685,0.05177499194075628,87,-0.010641214520497592,servicos,3,4
2022-09-01,0.1587296850473593,0.0077260980369921635,87,0.15100358701036712,servicos,3,4
2022-10-01,0.16920756151301528,0.05582643916402876,87,0.11338112234898651,servicos,3,4
2022-11-01,0.14357000285143998,0.1543044862655641,87,-0.010734483414124113,servicos,3,4
2022-12-01,0.14187855844039707,0.10454884192327184,87,0.03732971651712523,servicos,3,4
2023-01-01,0.14477939340617532,0.013996718543794364,87,0.13078267486238096,servicos,3,4
2023-02-01,0.2247151314344075,0.055940526450172494,87,0.168774604984235,servicos,3,4
2023-03-01,0.22271131419699722,0.0220973518462977,87,0.2006139623506995,servicos,3,4
2023-04-01,0.25533049354566933,0.021911141747824502,87,0.23341935179784484,servicos,3,4
2023-05-01,0.1519018650585665,0.08179874799036554,87,0.07010311706820097,servicos,3,4
2023-06-01,0.016480791969978377,0.08013297302689683,87,-0.06365218105691844,servicos,3,4
2023-07-01,0.014083723490538137,0.11248239534563681,87,-0.09839867185509868,servicos,3,4
2023-08-01,0.011139446332376044,0.07122636267393503,87,-0.060086916341558994,servicos,3,4
2023-09-01,0.011197263863800183,0.11285394530645834,87,-0.10165668144265816,servicos,3,4
2023-10-01,0.037441201390714926,0.058994361176848684,87,-0.021553159786133758,servicos,3,4
2023-11-01,0.046273801275248425,0.07554429017894992,87,-0.0292704889037015,servicos,3,4
2023-12-01,0.03926804274630361,0.02894158981115503,87,0.010326452935148583,servicos,3,4
2024-01-01,0.0797196722466133,0.06530709271476534,87,0.014412579531847963,servicos,3,4
2024-02-01,0.09211813426584897,0.05237199875820784,87,0.03974613550764113,servicos,3,4
2024-03-01,0.022018113365892322,0.08517886074621474,87,-0.06316074738032242,servicos,3,4
2024-04-01,0.13390715599748504,0.015642828866171438,87,0.1182643271313136,servicos,3,4
2024-05-01,0.18517775879204226,0.03039655002063246,87,0.1547812087714098,servicos,3,4
2024-06-01,0.04806612800958647,0.04195242831963423,87,0.006113699689952241,servicos,3,4
2024-07-01,0.02067580683594772,0.09655006073427448,87,-0.07587425389832676,servicos,3,4
2024-08-01,0.017699372492661628,0.08973616763784362,87,-0.07203679514518199,servicos,3,4
2024-09-01,0.017999599815567174,0.02459974306999458,87,-0.0066001432544274055,servicos,3,4
2024-10-01,0.09502983958495188,0.01967579458260953,87,0.07535404500234236,servicos,3,4
2024-11-01,0.05706860585719447,0.012166555955668986,87,0.044902049901525486,servicos,3,4
2024-12-01,0.06539025235940454,0.012129918036369355,87,0.05326033432303519,servicos,3,4
2025-01-01,0.07488448344262677,0.1364991482112436,87,-0.06161466476861682,servicos,3,4
2025-02-01,0.023386777744164942,0.18258848579340514,87,-0.1592017080492402,servicos,3,4
2025-03-01,0.019916787423063357,0.12804065578741433,87,-0.10812386836435098,servicos,3,4
2025-04-01,0.0379586807745311,0.13323931983276108,87,-0.09528063905822998,servicos,3,4
2025-05-01,0.01854213247624371,0.231714062791131,87,-0.2131719303148873,servicos,3,4
2025-06-01,0.03500029091755397,0.21840344446383894,87,-0.18340315354628497,servicos,3,4
2025-07-01,0.046210984721595134,0.0970127732708021,87,-0.050801788549206965,servicos,3,4
2025-08-01,0.023751545566950322,0.06460978980289475,87,-0.04085824423594443,servicos,3,4
2025-09-01,0.0,0.052712285645674144,87,-0.052712285645674144,servicos,3,4
2025-10-01,0.030469017459774046,0.0801066502648849,87,-0.04963763280511085,servicos,3,4
2025-11-01,0.07427054166823509,0.011822480375493327,87,0.06244806129274176,servicos,3,4
2025-12-01,0.04846774076808384,0.05956196349213243,87,-0.011094222724048586,servicos,3,4
2026-01-01,0.006352541450694727,0.1369746853393762,87,-0.13062214388868149,servicos,3,4
2026-02-01,0.00950999820893108,0.13562436084838891,87,-0.12611436263945783,servicos,3,4
2026-03-01,0.015523185657645235,0.15310291329081194,87,-0.1375797276331667,servicos,3,4
2026-04-01,0.08119976441241684,0.12644932557280117,87,-0.045249561160384325,servicos,3,4
2026-05-01,0.10296707802294894,0.13480339787603873,87,-0.031836319853089795,servicos,3,4
2026-06-01,0.010272814751241841,0.13559537535506952,87,-0.12532256060382768,servicos,3,4
2026-07-01,0.05915166642111618,0.08409381761665813,87,-0.024942151195541946,servicos,3,4
2009-07-01,0.0,0.0,226,0.0,bens,3,2
2009-08-01,0.21637879459834333,0.32204267630241895,226,-0.10566388170407562,bens,3,2
2009-09-01,0.13914933324588363,0.22710781054822005,226,-0.08795847730233641,bens,3,2
2009-10-01,0.11290255110882698,0.4611985251495467,226,-0.3482959740407197,bens,3,2
2009-11-01,0.09490318139646246,0.395753149971568,226,-0.30084996857510554,bens,3,2
2009-12-01,0.22622011170847017,0.33994280095989193,226,-0.11372268925142176,bens,3,2
2010-01-01,0.28666581005286107,0.21683784001840725,226,0.06982797003445382,bens,3,2
2010-02-01,0.30095795159509386,0.16612850279029515,226,0.13482944880479872,bens,3,2
2010-03-01,0.19912089226444996,0.28462159495260597,226,-0.08550070268815602,bens,3,2
2010-04-01,0.2118207013608228,0.1929335730945217,226,0.018887128266301095,bens,3,2
2010-05-01,0.3316853429087768,0.19818632610163295,226,0.13349901680714388,bens,3,2
2010-06-01,0.24921443436326443,0.23694310323482076,226,0.012271331128443669,bens,3,2
2010-07-01,0.0783556813711135,0.35000192272992153,226,-0.27164624135880805,bens,3,2
2010-08-01,0.1281133176179251,0.4777751982284449,226,-0.3496618806105198,bens,3,2
2010-09-01,0.2105537828407837,0.27049771866519545,226,-0.059943935824411765,bens,3,2
2010-10-01,0.3482428399625852,0.15066292518521818,226,0.19757991477736703,bens,3,2
2010-11-01,0.38909767233476883,0.1307200523481506,226,0.25837761998661823,bens,3,2
2010-12-01,0.38568611123285274,0.19763042176155207,226,0.18805568947130066,bens,3,2
2011-01-01,0.1516860625608392,0.22888898574728678,226,-0.07720292318644759,bens,3,2
2011-02-01,0.1292158663009623,0.24524080702896192,226,-0.11602494072799963,bens,3,2
2011-03-01,0.2912544148948612,0.1914339344607396,226,0.09982048043412159,bens,3,2
2011-04-01,0.3669804001932169,0.20325541226927413,226,0.1637249879239428,bens,3,2
2011-05-01,0.23297793729547134,0.20168431917613802,226,0.031293618119333316,bens,3,2
2011-06-01,0.2685836369755769,0.3380979557194492,226,-0.06951431874387226,bens,3,2
2011-07-01,0.1972358351923088,0.2025785600112417,226,-0.005342724818932887,bens,3,2
2011-08-01,0.22340300507113098,0.18864254696525423,226,0.034760458105876746,bens,3,2
2011-09-01,0.21800691109288975,0.18554527351528638,226,0.03246163757760337,bens,3,2
2011-10-01,0.2779729492359037,0.2774752620176825,226,0.0004976872182211878,bens,3,2
2011-11-01,0.12672579210932747,0.2990622221182197,226,-0.17233643000889223,bens,3,2
2011-12-01,0.13188129895951467,0.2009311600434969,226,-0.06904986108398223,bens,3,2
2012-01-01,0.3040992001206927,0.21005463085729537,220,0.09404456926339733,bens,3,2
2012-02-01,0.1510531885591685,0.2442788593960656,220,-0.09322567083689712,bens,3,2
2012-03-01,0.11828398165607468,0.452411714039621,220,-0.3341277323835463,bens,3,2
2012-04-01,0.15077550353774274,0.5198965217543471,220,-0.36912101821660437,bens,3,2
2012-05-01,0.19756665682730162,0.38037718864985404,220,-0.1828105318225524,bens,3,2
2012-06-01,0.2035206917850525,0.19304077755894042,220,0.01047991422611208,bens,3,2
2012-07-01,0.35672104139595323,0.17672173751624282,220,0.17999930387971042,bens,3,2
2012-08-01,0.2203127307047587,0.1389541094760125,220,0.08135862122874621,bens,3,2
2012-09-01,0.3100659475191721,0.1526812113092488,220,0.1573847362099233,bens,3,2
2012-10-01,0.487471657120852,0.10767563963663639,220,0.3797960174842156,bens,3,2
2012-11-01,0.434900640677598,0.17065970932325927,220,0.2642409313543387,bens,3,2
2012-12-01,0.19522001021511665,0.1899954631185781,220,0.005224547096538551,bens,3,2
2013-01-01,0.25189032416139123,0.26633769992991413,220,-0.014447375768522897,bens,3,2
2013-02-01,0.39663317793427894,0.09470178968698191,220,0.30193138824729704,bens,3,2
2013-03-01,0.4289373934363859,0.1359786943227134,220,0.29295869911367256,bens,3,2
2013-04-01,0.31699494176428794,0.2186359895858201,220,0.09835895217846785,bens,3,2
2013-05-01,0.3572032545820057,0.2971933989998824,220,0.060009855582123295,bens,3,2
2013-06-01,0.19956575994807027,0.23406434139326143,220,-0.03449858144519116,bens,3,2
2013-07-01,0.23360195401236383,0.3932645955704199,220,-0.15966264155805604,bens,3,2
2013-08-01,0.21605364888858922,0.21395219472726046,220,0.0021014541613287585,bens,3,2
2013-09-01,0.29896753544438726,0.18885860776190597,220,0.11010892768248129,bens,3,2
2013-10-01,0.2686941791557159,0.12125398871061237,220,0.14744019044510354,bens,3,2
2013-11-01,0.20596738137791548,0.15929171312196405,220,0.04667566825595143,bens,3,2
2013-12-01,0.1504762758087729,0.15825180738409503,220,-0.0077755315753221255,bens,3,2
2014-01-01,0.23342622593046486,0.24243848663409828,228,-0.009012260703633423,bens,3,2
2014-02-01,0.22732623984563974,0.16588414591518574,228,0.061442093930453995,bens,3,2
2014-03-01,0.5006586101364304,0.10608387610282166,228,0.39457473403360876,bens,3,2
2014-04-01,0.3106798823414607,0.13137328705059037,228,0.17930659529087034,bens,3,2
2014-05-01,0.2377754231985383,0.1621461526267927,228,0.07562927057174562,bens,3,2
2014-06-01,0.40197264714371345,0.17492950866987855,228,0.2270431384738349,bens,3,2
2014-07-01,0.20149546764693593,0.16887366500967735,228,0.032621802637258585,bens,3,2
2014-08-01,0.1409439166411278,0.24176858997576128,228,-0.10082467333463349,bens,3,2
2014-09-01,0.2538896746817539,0.19883603267159014,228,0.055053642010163745,bens,3,2
2014-10-01,0.1621443529247522,0.17812648331704595,228,-0.015982130392293736,bens,3,2
2014-11-01,0.12364740589405876,0.44118640330679076,228,-0.317538997412732,bens,3,2
2014-12-01,0.1585747071306472,0.2521674144676484,228,-0.0935927073370012,bens,3,2
2015-01-01,0.2082330659536542,0.2196384803921569,228,-0.011405414438502681,bens,3,2
2015-02-01,0.25882882354092074,0.3665551446850971,228,-0.10772632114417635,bens,3,2
2015-03-01,0.27980701606324027,0.11195881508988101,228,0.16784820097335926,bens,3,2
2015-04-01,0.41693693388544056,0.10830447189926583,228,0.3086324619861747,bens,3,2
2015-05-01,0.3308656998952101,0.17224419430078086,228,0.15862150559442922,bens,3,2
2015-06-01,0.2746625945970223,0.23876905975612492,228,0.035893534840897384,bens,3,2
2015-07-01,0.3166140410564111,0.13544791751603372,228,0.1811661235403774,bens,3,2
2015-08-01,0.15441677219642605,0.1690924440692275,228,-0.014675671872801443,bens,3,2
2015-09-01,0.1466087961331962,0.29699138987923285,228,-0.15038259374603666,bens,3,2
2015-10-01,0.37678632980917565,0.23398730851166025,228,0.1427990212975154,bens,3,2
2015-11-01,0.21646017198461193,0.19073319755600815,228,0.025726974428603777,bens,3,2
2015-12-01,0.23137558612726533,0.36755143134742385,228,-0.13617584522015852,bens,3,2
2016-01-01,0.35268214234593787,0.18538258382659606,228,0.1672995585193418,bens,3,2
2016-02-01,0.3000825094046736,0.1144755058945278,228,0.1856070035101458,bens,3,2
2016-03-01,0.2933241973375098,0.35603814744378565,228,-0.06271395010627584,bens,3,2
2016-04-01,0.22092121825098016,0.3336630609653425,228,-0.11274184271436233,bens,3,2
2016-05-01,0.17898450903708796,0.3653694244036021,228,-0.18638491536651414,bens,3,2
2016-06-01,0.20689951466133008,0.24310727619955708,228,-0.036207761538226996,bens,3,2
2016-07-01,0.2751334162864648,0.2300235033872529,228,0.04510991289921193,bens,3,2
2016-08-01,0.1396443903500197,0.33869657525382,228,-0.19905218490380033,bens,3,2
2016-09-01,0.14585803548285695,0.436504216139902,228,-0.29064618065704506,bens,3,2
2016-10-01,0.06565611885501967,0.2903394356929984,228,-0.22468331683797876,bens,3,2
2016-11-01,0.04015353065070391,0.3163812215940583,228,-0.27622769094335436,bens,3,2
2016-12-01,0.06244110444284456,0.5085101474091515,228,-0.4460690429663069,bens,3,2
2017-01-01,0.11777800685944818,0.39442105644417574,228,-0.2766430495847276,bens,3,2
2017-02-01,0.10338859079513794,0.33384235710576715,228,-0.2304537663106292,bens,3,2
2017-03-01,0.06003422819357758,0.44695613564256553,228,-0.38692190744898797,bens,3,2
2017-04-01,0.10575317042994123,0.4897112167140005,228,-0.3839580462840593,bens,3,2
2017-05-01,0.06552677009999551,0.5484535446840948,228,-0.48292677458409927,bens,3,2
2017-06-01,0.08451211618023698,0.5779572767442516,228,-0.4934451605640146,bens,3,2
2017-07-01,0.09566243879350662,0.4770838381049512,228,-0.3814213993114446,bens,3,2
2017-08-01,0.0874153740558907,0.3563039415056399,228,-0.2688885674497492,bens,3,2
2017-09-01,0.05438424321842106,0.4027146343626703,228,-0.34833039114424924,bens,3,2
2017-10-01,0.03188094410565894,0.5088973082590574,228,-0.4770163641533985,bens,3,2
2017-11-01,0.032827583820629044,0.6443750504596151,228,-0.6115474666389861,bens,3,2
2017-12-01,0.02188891982182628,0.35308208054936896,228,-0.3311931607275427,bens,3,2
2018-01-01,0.10405948739340007,0.3302627919911012,228,-0.22620330459770113,bens,3,2
2018-02-01,0.08397947399953114,0.557078894281836,228,-0.47309942028230484,bens,3,2
2018-03-01,0.02975899263815115,0.3306512673562576,228,-0.3008922747181065,bens,3,2
2018-04-01,0.10819166278528179,0.33607650209594786,228,-0.22788483931066605,bens,3,2
2018-05-01,0.07615853516398984,0.29510594652556,237,-0.21894741136157014,bens,3,2
2018-06-01,0.14949732988400816,0.2861442708439666,237,-0.13664694095995844,bens,3,2
2018-07-01,0.18096488215468615,0.17580460205014173,237,0.005160280104544418,bens,3,2
2018-08-01,0.19339156566631005,0.2555440572033279,237,-0.06215249153701785,bens,3,2
2018-09-01,0.17258929276561144,0.44550881739552656,237,-0.2729195246299151,bens,3,2
2018-10-01,0.13340184693083554,0.4873783271915787,237,-0.35397648026074313,bens,3,2
2018-11-01,0.11017448766795429,0.3978019657360071,237,-0.28762747806805283,bens,3,2
2018-12-01,0.10962875167495263,0.32915775061524405,237,-0.21952899894029143,bens,3,2
2019-01-01,0.09302798863824678,0.2625443000805324,237,-0.16951631144228563,bens,3,2
2019-02-01,0.11956433413818722,0.3601614738112927,237,-0.24059713967310548,bens,3,2
2019-03-01,0.1496688780125722,0.3464776971074668,237,-0.1968088190948946,bens,3,2
2019-04-01,0.1916638008513639,0.22860247433048295,237,-0.036938673479119055,bens,3,2
2019-05-01,0.06566413574388297,0.3328578207828885,237,-0.26719368503900554,bens,3,2
2019-06-01,0.07061228525234667,0.5340194014399869,237,-0.4634071161876403,bens,3,2
2019-07-01,0.11450926265644018,0.37968446983594534,237,-0.26517520717950516,bens,3,2
2019-08-01,0.25810113579324595,0.1996451375675581,237,0.05845599822568784,bens,3,2
2019-09-01,0.13179135960305782,0.31370954293722003,237,-0.1819181833341622,bens,3,2
2019-10-01,0.07928899950983702,0.6236487497908737,237,-0.5443597502810367,bens,3,2
2019-11-01,0.10688225611956588,0.509214189940528,237,-0.40233193382096216,bens,3,2
2019-12-01,0.1708775913100361,0.3013825209226193,237,-0.1305049296125832,bens,3,2
2020-01-01,0.2675393275477097,0.29279783797845205,230,-0.025258510430742342,bens,3,2
2020-02-01,0.08104230289669132,0.31867579826162384,230,-0.23763349536493253,bens,3,2
2020-03-01,0.1433610545167161,0.3383712415078197,230,-0.19501018699110362,bens,3,2
2020-04-01,0.29969338526447775,0.35946704522116973,230,-0.05977365995669198,bens,3,2
2020-05-01,0.13938681172654177,0.35977999410190903,230,-0.22039318237536726,bens,3,2
2020-06-01,0.18065927541200297,0.3092805366376035,230,-0.12862126122560055,bens,3,2
2020-07-01,0.370103897112557,0.2433162348505442,230,0.12678766226201277,bens,3,2
2020-08-01,0.26277762627103335,0.1392709023230116,230,0.12350672394802176,bens,3,2
2020-09-01,0.4450257341382684,0.10402455782144711,230,0.3410011763168213,bens,3,2
2020-10-01,0.4715459078908771,0.08862395060693683,230,0.38292195728394024,bens,3,2
2020-11-01,0.4083369103169438,0.14345896622865925,230,0.2648779440882846,bens,3,2
2020-12-01,0.29402555045855844,0.1231170326112651,230,0.17090851784729333,bens,3,2
2021-01-01,0.24501099171604104,0.26445761095137316,230,-0.019446619235332113,bens,3,2
2021-02-01,0.21583396498336183,0.31148900589049056,230,-0.09565504090712873,bens,3,2
2021-03-01,0.21446875683358846,0.35192980537940083,230,-0.13746104854581237,bens,3,2
2021-04-01,0.23421334223320178,0.24958625933712036,230,-0.015372917103918582,bens,3,2
2021-05-01,0.35773078601794667,0.11459138820440384,230,0.24313939781354282,bens,3,2
2021-06-01,0.45649194103871055,0.12300592368094779,230,0.33348601735776273,bens,3,2
2021-07-01,0.3322414149060629,0.21104191039845846,230,0.12119950450760444,bens,3,2
2021-08-01,0.36455006542807916,0.09768291377649492,230,0.26686715165158426,bens,3,2
2021-09-01,0.4457417913013581,0.139339865910263,230,0.3064019253910951,bens,3,2
2021-10-01,0.3867916398070937,0.20955637752551803,230,0.17723526228157566,bens,3,2
2021-11-01,0.3970490436268784,0.23119385550513247,230,0.1658551881217459,bens,3,2
2021-12-01,0.2615731584608445,0.18556608028867838,230,0.07600707817216612,bens,3,2
2022-01-01,0.3550673526401682,0.21930061129090256,230,0.13576674134926564,bens,3,2
2022-02-01,0.44900265523507243,0.33031399099349756,230,0.11868866424157487,bens,3,2
2022-03-01,0.43205275327567016,0.1667106277297251,230,0.26534212554594505,bens,3,2
2022-04-01,0.5655425219941349,0.12912091659278457,230,0.43642160540135033,bens,3,2
2022-05-01,0.5295237901943672,0.10509562758350077,230,0.42442816261086647,bens,3,2
2022-06-01,0.5112982342502818,0.2082801989082984,230,0.30301803534198335,bens,3,2
2022-07-01,0.4371259500615983,0.20735073345765198,230,0.22977521660394634,bens,3,2
2022-08-01,0.4240318925446214,0.15672009660397332,230,0.26731179594064813,bens,3,2
2022-09-01,0.25727188946137675,0.2708432407258607,230,-0.013571351264483944,bens,3,2
2022-10-01,0.1158729431177522,0.37129957634609967,230,-0.25542663322834747,bens,3,2
2022-11-01,0.1341845306973673,0.402180948084806,230,-0.2679964173874387,bens,3,2
2022-12-01,0.2224454462302365,0.3556056448451587,230,-0.13316019861492223,bens,3,2
2023-01-01,0.3532462280089497,0.34046744639630533,230,0.012778781612644396,bens,3,2
2023-02-01,0.23353217206294094,0.23533020499533358,230,-0.0017980329323926403,bens,3,2
2023-03-01,0.2339918401699033,0.385533890253244,230,-0.15154205008334073,bens,3,2
2023-04-01,0.2554444043667746,0.38607370835001703,230,-0.1306293039832424,bens,3,2
2023-05-01,0.23350597978515109,0.2258923374080542,230,0.007613642377096885,bens,3,2
2023-06-01,0.13651543887173276,0.43034882681786135,230,-0.29383338794612857,bens,3,2
2023-07-01,0.07088785947375767,0.5426350664282913,230,-0.47174720695453365,bens,3,2
2023-08-01,0.10600135582352922,0.5152730515045968,230,-0.4092716956810676,bens,3,2
2023-09-01,0.1159189112789242,0.5696031713981882,230,-0.453684260119264,bens,3,2
2023-10-01,0.11248724009644961,0.34045287907511473,230,-0.22796563897866512,bens,3,2
2023-11-01,0.11943190247636597,0.3133173684335317,230,-0.19388546595716571,bens,3,2
2023-12-01,0.16412085847833666,0.4417352336919916,230,-0.27761437521365495,bens,3,2
2024-01-01,0.2107363100252738,0.28647346251053074,230,-0.07573715248525695,bens,3,2
2024-02-01,0.22077574019604557,0.19990485825890614,230,0.02087088193713943,bens,3,2
2024-03-01,0.16392853665333695,0.29745392521262054,230,-0.1335253885592836,bens,3,2
2024-04-01,0.1850375100937166,0.35376089367505104,230,-0.16872338358133443,bens,3,2
2024-05-01,0.15128484743063964,0.22047794584975214,230,-0.0691930984191125,bens,3,2
2024-06-01,0.1326816997333922,0.26388819198437147,230,-0.13120649225097927,bens,3,2
2024-07-01,0.1374454283395184,0.2869926547463566,230,-0.1495472264068382,bens,3,2
2024-08-01,0.2269382409332721,0.1905903162215441,230,0.036347924711728014,bens,3,2
2024-09-01,0.22441550364539145,0.21194647341754183,230,0.01246903022784962,bens,3,2
2024-10-01,0.2714516707372352,0.31018747166951943,230,-0.03873580093228424,bens,3,2
2024-11-01,0.4088162500084298,0.28866761530317026,230,0.12014863470525955,bens,3,2
2024-12-01,0.39439747574896833,0.16902366150383194,230,0.2253738142451364,bens,3,2
2025-01-01,0.2788843560069936,0.17542918990924986,230,0.10345516609774372,bens,3,2
2025-02-01,0.28659142720814335,0.3123575177605768,230,-0.02576609055243345,bens,3,2
2025-03-01,0.24048165099331337,0.16188787960728152,230,0.07859377138603185,bens,3,2
2025-04-01,0.32435299320655336,0.14846490717618072,230,0.17588808603037265,bens,3,2
2025-05-01,0.3167219349303156,0.16443329876996365,230,0.15228863616035193,bens,3,2
2025-06-01,0.11507732514368911,0.28407165054275185,230,-0.16899432539906273,bens,3,2
2025-07-01,0.11737854039012031,0.3370813786866769,230,-0.21970283829655662,bens,3,2
2025-08-01,0.18103335906871348,0.27453300311832596,230,-0.09349964404961247,bens,3,2
2025-09-01,0.20300610992511495,0.41145627689404335,230,-0.2084501669689284,bens,3,2
2025-10-01,0.09339775099319912,0.4681065248131439,230,-0.3747087738199448,bens,3,2
2025-11-01,0.12635443506963742,0.5034574512874922,230,-0.3771030162178548,bens,3,2
2025-12-01,0.14290006042214487,0.40417014065870266,230,-0.2612700802365578,bens,3,2
2026-01-01,0.05194169678684364,0.21795196295808825,230,-0.1660102661712446,bens,3,2
2026-02-01,0.3124621766632971,0.2582366126518427,230,0.0542255640114544,bens,3,2
2026-03-01,0.3822645341629674,0.12357562315956078,230,0.25868891100340663,bens,3,2
2026-04-01,0.36397381020860475,0.14863552540308256,230,0.2153382848055222,bens,3,2
2026-05-01,0.3506994856178481,0.248880789325644,230,0.10181869629220408,bens,3,2
2026-06-01,0.10229067003690953,0.3446799666104587,230,-0.24238929657354916,bens,3,2
2026-07-01,0.07462290188221293,0.3318967690750969,230,-0.257273867192884,bens,3,2
2009-07-01,0.0,0.0,226,0.0,bens,3,3
2009-08-01,0.0,0.0,226,0.0,bens,3,3
2009-09-01,0.04201162086986593,0.12675632246274196,226,-0.08474470159287603,bens,3,3
2009-10-01,0.03350085754068089,0.19353527868578155,226,-0.16003442114510066,bens,3,3
2009-11-01,0.047840660820638675,0.18975249154520699,226,-0.1419118307245683,bens,3,3
2009-12-01,0.01949369585292017,0.2723558892000203,226,-0.25286219334710014,bens,3,3
2010-01-01,0.16973802558486303,0.07448655464947064,226,0.0952514709353924,bens,3,3
2010-02-01,0.09767226715210839,0.11538392670625802,226,-0.017711659554149634,bens,3,3
2010-03-01,0.09390305893610024,0.08863439284753162,226,0.005268666088568616,bens,3,3
2010-04-01,0.06944172438145767,0.054640625278188255,226,0.014801099103269412,bens,3,3
2010-05-01,0.07557465927282055,0.07140014327787948,226,0.004174515994941064,bens,3,3
2010-06-01,0.19815708954563946,0.09376971283375486,226,0.1043873767118846,bens,3,3
2010-07-01,0.02207885559115071,0.1255986345659511,226,-0.1035197789748004,bens,3,3
2010-08-01,0.03144867490535038,0.23624008857775555,226,-0.20479141367240516,bens,3,3
2010-09-01,0.04583544568037456,0.20788775236334356,226,-0.162052306682969,bens,3,3
2010-10-01,0.08786542544504329,0.10433388267783172,226,-0.016468457232788433,bens,3,3
2010-11-01,0.23776258816802107,0.049430094881022915,226,0.18833249328699814,bens,3,3
2010-12-01,0.3104498108135747,0.05711823055908607,226,0.25333158025448865,bens,3,3
2011-01-01,0.07886210754187915,0.10842813349024394,226,-0.029566025948364785,bens,3,3
2011-02-01,0.06188984705499512,0.14456847659337083,226,-0.08267862953837571,bens,3,3
2011-03-01,0.06326456622927047,0.0737316679531261,226,-0.010467101723855635,bens,3,3
2011-04-01,0.23737576298725063,0.06382891520412197,226,0.17354684778312868,bens,3,3
2011-05-01,0.11539521681504158,0.08908066199842828,226,0.02631455481661331,bens,3,3
2011-06-01,0.14019052636200008,0.0711561818634122,226,0.06903434449858788,bens,3,3
2011-07-01,0.11524476998471835,0.09821538353445398,226,0.01702938645026436,bens,3,3
2011-08-01,0.13100617585013427,0.09269357558805727,226,0.038312600262077,bens,3,3
2011-09-01,0.09958123462574674,0.12550076139158955,226,-0.025919526765842818,bens,3,3
2011-10-01,0.04824345687686632,0.08673809942034076,226,-0.03849464254347444,bens,3,3
2011-11-01,0.061757031871577675,0.12857736228763983,226,-0.06682033041606215,bens,3,3
2011-12-01,0.04808272572759634,0.12354050721109697,226,-0.07545778148350063,bens,3,3
2012-01-01,0.0469221909207751,0.08812598461748244,220,-0.04120379369670735,bens,3,3
2012-02-01,0.06315072266276221,0.08896072831649296,220,-0.025810005653730747,bens,3,3
2012-03-01,0.05387073119631259,0.1325424261470773,220,-0.07867169495076473,bens,3,3
2012-04-01,0.07294224700618887,0.37096426092383794,220,-0.29802201391764904,bens,3,3
2012-05-01,0.04874577321335154,0.3318856802167388,220,-0.28313990700338726,bens,3,3
2012-06-01,0.10731933292155652,0.10604029974244525,220,0.0012790331791112663,bens,3,3
2012-07-01,0.11253944681640989,0.10337386300352702,220,0.009165583812882863,bens,3,3
2012-08-01,0.1356391987469927,0.05778367095240715,220,0.07785552779458556,bens,3,3
2012-09-01,0.14527799593458374,0.04880231913517509,220,0.09647567679940865,bens,3,3
2012-10-01,0.2365082147650235,0.04471349623962916,220,0.19179471852539434,bens,3,3
2012-11-01,0.3117402312383195,0.05524629795794732,220,0.2564939332803722,bens,3,3
2012-12-01,0.1108425759214292,0.06787631148687015,220,0.042966264434559046,bens,3,3
2013-01-01,0.13197226195021053,0.06059578687058046,220,0.07137647507963008,bens,3,3
2013-02-01,0.18745943801278145,0.018273795184991004,220,0.16918564282779044,bens,3,3
2013-03-01,0.18159144391055,0.06367184747840546,220,0.11791959643214453,bens,3,3
2013-04-01,0.24463211937548626,0.07535114154353424,220,0.169280977831952,bens,3,3
2013-05-01,0.24643155130222477,0.19660766383505338,220,0.049823887467171396,bens,3,3
2013-06-01,0.11851787602894188,0.14886711470988176,220,-0.030349238680939875,bens,3,3
2013-07-01,0.11413997966437821,0.1473996453870911,220,-0.0332596657227129,bens,3,3
2013-08-01,0.13969332254511946,0.11402355426696334,220,0.02566976827815612,bens,3,3
2013-09-01,0.18120301386275617,0.0861268376097222,220,0.09507617625303397,bens,3,3
2013-10-01,0.16721068833748856,0.0431568639589395,220,0.12405382437854906,bens,3,3
2013-11-01,0.1393182696779037,0.10110820395883173,220,0.03821006571907197,bens,3,3
2013-12-01,0.10109591035598887,0.04465680702009823,220,0.056439103335890646,bens,3,3
2014-01-01,0.08495475682844528,0.07292068874824427,228,0.012034068080201007,bens,3,3
2014-02-01,0.16299268746242362,0.08015827519190168,228,0.08283441227052195,bens,3,3
2014-03-01,0.1887856910642019,0.02685167539208323,228,0.16193401567211868,bens,3,3
2014-04-01,0.2085483668604408,0.048532753404987944,228,0.16001561345545284,bens,3,3
2014-05-01,0.15128357013540683,0.05284454493121198,228,0.09843902520419484,bens,3,3
2014-06-01,0.1482510379432073,0.08251370973113385,228,0.06573732821207344,bens,3,3
2014-07-01,0.11851232994973333,0.08117855103944747,228,0.03733377891028586,bens,3,3
2014-08-01,0.0925695818126097,0.1027972027972028,228,-0.010227620984593094,bens,3,3
2014-09-01,0.048126862375678564,0.11301999765193911,228,-0.06489313527626055,bens,3,3
2014-10-01,0.05215691749267067,0.08795755968169762,228,-0.03580064218902695,bens,3,3
2014-11-01,0.06976971361427657,0.14209878507255233,228,-0.07232907145827576,bens,3,3
2014-12-01,0.058638007623944874,0.13618808333356572,228,-0.07755007570962084,bens,3,3
2015-01-01,0.09390040106951872,0.1525790998217469,228,-0.05867869875222817,bens,3,3
2015-02-01,0.17361932153268655,0.12458878016194444,228,0.049030541370742114,bens,3,3
2015-03-01,0.1556727712605846,0.06310799786198555,228,0.09256477339859905,bens,3,3
2015-04-01,0.1871152396839779,0.05434135243692118,228,0.13277388724705672,bens,3,3
2015-05-01,0.16161308859818138,0.04409627150728459,228,0.11751681709089679,bens,3,3
2015-06-01,0.1731995688396847,0.06238070108463767,228,0.11081886775504704,bens,3,3
2015-07-01,0.20917344520141598,0.0573614465622777,228,0.15181199863913827,bens,3,3
2015-08-01,0.10415365132967495,0.07971858730828758,228,0.02443506402138737,bens,3,3
2015-09-01,0.07917365387596353,0.08875611234023366,228,-0.009582458464270124,bens,3,3
2015-10-01,0.10225802259152733,0.17130966440450024,228,-0.06905164181297291,bens,3,3
2015-11-01,0.0948093460058837,0.13202930527268614,228,-0.03721995926680244,bens,3,3
2015-12-01,0.10786149795119479,0.09197797710407368,228,0.015883520847121108,bens,3,3
2016-01-01,0.16211012598898122,0.14016519740331912,228,0.021944928585662105,bens,3,3
2016-02-01,0.20620918231781502,0.08448403652789237,228,0.12172514578992265,bens,3,3
2016-03-01,0.16783756572323527,0.09912182570757355,228,0.06871574001566172,bens,3,3
2016-04-01,0.13976098451484192,0.22558093655614309,228,-0.08581995204130116,bens,3,3
2016-05-01,0.10457855101707084,0.27489322072889844,228,-0.1703146697118276,bens,3,3
2016-06-01,0.11873750966658259,0.11457152439582127,228,0.004165985270761313,bens,3,3
2016-07-01,0.15759159408267662,0.17946356974975805,228,-0.021871975667081434,bens,3,3
2016-08-01,0.07343777106492891,0.16514617886223637,228,-0.09170840779730746,bens,3,3
2016-09-01,0.049259073386754317,0.24489734016445427,228,-0.19563826677769997,bens,3,3
2016-10-01,0.014367545988864255,0.16854842722784047,228,-0.15418088123897622,bens,3,3
2016-11-01,0.012163285666777518,0.18537578982374459,228,-0.17321250415696707,bens,3,3
2016-12-01,0.015321878987177101,0.19782513822213946,228,-0.18250325923496236,bens,3,3
2017-01-01,0.03617787758308932,0.20119190573970316,228,-0.16501402815661384,bens,3,3
2017-02-01,0.04865690308820163,0.23231584413264025,228,-0.18365894104443864,bens,3,3
2017-03-01,0.021267567240977163,0.1701742602860218,228,-0.14890669304504464,bens,3,3
2017-04-01,0.04421730450186992,0.3451143041925597,228,-0.3008969996906897,bens,3,3
2017-05-01,0.012322877897852113,0.40484171113402984,228,-0.3925188332361777,bens,3,3
2017-06-01,0.02940812248459092,0.4187779685345192,228,-0.3893698460499283,bens,3,3
2017-07-01,0.024682627780000337,0.3745752875085225,228,-0.3498926597285221,bens,3,3
2017-08-01,0.011171900924893854,0.23487936105462293,228,-0.22370746012972909,bens,3,3
2017-09-01,0.0054561632900636025,0.2633435666198396,228,-0.257887403329776,bens,3,3
2017-10-01,0.008212237066229294,0.25670206440530935,228,-0.24848982733908007,bens,3,3
2017-11-01,0.005371786443375662,0.4353165403734589,228,-0.42994475393008325,bens,3,3
2017-12-01,0.012179844097995544,0.29115337323682255,228,-0.278973529138827,bens,3,3
2018-01-01,0.007948646644419726,0.27581861790878753,228,-0.2678699712643678,bens,3,3
2018-02-01,0.03442417506721889,0.2529282545085134,228,-0.21850407944129452,bens,3,3
2018-03-01,0.0038061457459696206,0.23826996552045476,228,-0.23446381977448513,bens,3,3
2018-04-01,0.020083255705635773,0.17254017233348862,228,-0.15245691662785285,bens,3,3
2018-05-01,0.026192335485675653,0.22375812956012958,237,-0.19756579407445393,bens,3,3
2018-06-01,0.05204320017266069,0.15759663311643804,237,-0.10555343294377735,bens,3,3
2018-07-01,0.0753988812116908,0.1183430058267799,237,-0.04294412461508909,bens,3,3
2018-08-01,0.07388665742900742,0.07944386952683306,237,-0.005557212097825642,bens,3,3
2018-09-01,0.10531442226973713,0.15409455336798478,237,-0.04878013109824765,bens,3,3
2018-10-01,0.048049564693964444,0.37326207919193105,237,-0.3252125144979666,bens,3,3
2018-11-01,0.056599235644876976,0.23713193778395678,237,-0.1805327021390798,bens,3,3
2018-12-01,0.06831763232490724,0.2016628375084295,237,-0.13334520518352228,bens,3,3
2019-01-01,0.04005977421858874,0.17877026755940356,237,-0.1387104933408148,bens,3,3
2019-02-01,0.06346930720653789,0.1697245310178306,237,-0.10625522381129272,bens,3,3
2019-03-01,0.04795759782886039,0.12215559833917099,237,-0.0741980005103106,bens,3,3
2019-04-01,0.049581976285498784,0.1321897044501536,237,-0.08260772816465481,bens,3,3
2019-05-01,0.03210143753327624,0.11770816454084587,237,-0.08560672700756963,bens,3,3
2019-06-01,0.031166761657729747,0.1960615542088795,237,-0.16489479255114975,bens,3,3
2019-07-01,0.032668262371076985,0.272414114413171,237,-0.239745852042094,bens,3,3
2019-08-01,0.043275123443099445,0.10277002813218626,237,-0.05949490468908682,bens,3,3
2019-09-01,0.010728088165166334,0.16472457162249532,237,-0.153996483457329,bens,3,3
2019-10-01,0.043694948386131034,0.22007437562921375,237,-0.17637942724308273,bens,3,3
2019-11-01,0.04666508231303893,0.42728550345770505,237,-0.3806204211446661,bens,3,3
2019-12-01,0.06865376548479168,0.21760404107961598,237,-0.1489502755948243,bens,3,3
2020-01-01,0.01183981385803785,0.21675855739979333,230,-0.2049187435417555,bens,3,3
2020-02-01,0.03615894757765771,0.18289813693778348,230,-0.14673918936012575,bens,3,3
2020-03-01,0.04766496762639483,0.07189985571450323,230,-0.024234888088108406,bens,3,3
2020-04-01,0.08624485222322706,0.24702482822729122,230,-0.16077997600406416,bens,3,3
2020-05-01,0.08355036649884347,0.24333178182748438,230,-0.15978141532864093,bens,3,3
2020-06-01,0.0661466635094205,0.13746744089882557,230,-0.07132077738940507,bens,3,3
2020-07-01,0.13366118173698463,0.16344643279519594,230,-0.02978525105821131,bens,3,3
2020-08-01,0.16699899769434282,0.11145072233299923,230,0.05554827536134359,bens,3,3
2020-09-01,0.22439744672132594,0.03399661588133683,230,0.1904008308399891,bens,3,3
2020-10-01,0.20731187752308317,0.043557669474360586,230,0.1637542080487226,bens,3,3
2020-11-01,0.34192270946123704,0.011215574417413218,230,0.3307071350438238,bens,3,3
2020-12-01,0.13683438794352726,0.03959327561812034,230,0.09724111232540691,bens,3,3
2021-01-01,0.1291518087612353,0.04597033091390221,230,0.0831814778473331,bens,3,3
2021-02-01,0.08310248365924208,0.1882135804189624,230,-0.10511109675972033,bens,3,3
2021-03-01,0.10899573584080473,0.25386781106494644,230,-0.1448720752241417,bens,3,3
2021-04-01,0.14510340936068897,0.17843318733420266,230,-0.03332977797351369,bens,3,3
2021-05-01,0.16750007732676225,0.051760816295670045,230,0.11573926103109221,bens,3,3
2021-06-01,0.22922923267667722,0.03123019699683152,230,0.1979990356798457,bens,3,3
2021-07-01,0.24003853829743307,0.06523639116371895,230,0.17480214713371411,bens,3,3
2021-08-01,0.2734479389291892,0.04425976501134202,230,0.2291881739178472,bens,3,3
2021-09-01,0.1998968540484786,0.05667182396424274,230,0.14322503008423587,bens,3,3
2021-10-01,0.3508819707055421,0.07817600805270107,230,0.272705962652841,bens,3,3
2021-11-01,0.27687096629693564,0.14321304154563402,230,0.13365792475130162,bens,3,3
2021-12-01,0.206498733562333,0.09305714583116477,230,0.11344158773116823,bens,3,3
2022-01-01,0.21820457500069151,0.06036843415484192,230,0.1578361408458496,bens,3,3
2022-02-01,0.28862027390484435,0.19441267093290465,230,0.0942076029719397,bens,3,3
2022-03-01,0.35121349661728185,0.1196197653506894,230,0.23159373126659244,bens,3,3
2022-04-01,0.31472072563595443,0.08725704153311056,230,0.22746368410284387,bens,3,3
2022-05-01,0.44618200023002036,0.037665834534174936,230,0.4085161656958454,bens,3,3
2022-06-01,0.4042230903656323,0.06605874137198145,230,0.3381643489936509,bens,3,3
2022-07-01,0.4101505961236813,0.12700699460762202,230,0.28314360151605933,bens,3,3
2022-08-01,0.31080012571749954,0.09376209617388714,230,0.2170380295436124,bens,3,3
2022-09-01,0.17799525757034113,0.1055731747713237,230,0.07242208279901742,bens,3,3
2022-10-01,0.06761765071798531,0.12839594287547718,230,-0.060778292157491864,bens,3,3
2022-11-01,0.06676865344761083,0.30204431194879744,230,-0.2352756585011866,bens,3,3
2022-12-01,0.07827649287860969,0.23259832745328626,230,-0.15432183457467658,bens,3,3
2023-01-01,0.1351556741312842,0.2604255680002088,230,-0.12526989386892456,bens,3,3
2023-02-01,0.18855524301181936,0.15007211711035548,230,0.03848312590146388,bens,3,3
2023-03-01,0.04754531138529718,0.19104259746920338,230,-0.1434972860839062,bens,3,3
2023-04-01,0.17603767153886118,0.2093245662511458,230,-0.033286894712284604,bens,3,3
2023-05-01,0.1528384135047891,0.20403701645763878,230,-0.05119860295284967,bens,3,3
2023-06-01,0.057743928877591215,0.20365276853773415,230,-0.14590883966014292,bens,3,3
2023-07-01,0.04163149744455447,0.28848620591108776,230,-0.2468547084665333,bens,3,3
2023-08-01,0.008144959575754136,0.4261293241920995,230,-0.41798436461634536,bens,3,3
2023-09-01,0.03692336685108159,0.41592294956184633,230,-0.3789995827107647,bens,3,3
2023-10-01,0.07490444909434359,0.24970410589109063,230,-0.17479965679674703,bens,3,3
2023-11-01,0.04721726376972608,0.19160589504489706,230,-0.144388631275171,bens,3,3
2023-12-01,0.07874348881209532,0.18646959076401323,230,-0.10772610195191791,bens,3,3
2024-01-01,0.05862173546756529,0.2351743892165122,230,-0.1765526537489469,bens,3,3
2024-02-01,0.08681683874814909,0.06604980871149942,230,0.020767030036649675,bens,3,3
2024-03-01,0.05569937313442858,0.12605806648737036,230,-0.07035869335294179,bens,3,3
2024-04-01,0.09485915705320436,0.15945559267288317,230,-0.06459643561967882,bens,3,3
2024-05-01,0.07099609963003352,0.14106226542586286,230,-0.07006616579582935,bens,3,3
2024-06-01,0.05876075881193948,0.12512167952873643,230,-0.06636092071679695,bens,3,3
2024-07-01,0.046884029167237294,0.10905981421418479,230,-0.06217578504694749,bens,3,3
2024-08-01,0.0909643271853312,0.10746064108449677,230,-0.01649631389916556,bens,3,3
2024-09-01,0.08226382696812268,0.15368105106252092,230,-0.07141722409439824,bens,3,3
2024-10-01,0.15999025769743383,0.14925004566704328,230,0.01074021203039055,bens,3,3
2024-11-01,0.21717594060006878,0.20980827202039343,230,0.007367668579675357,bens,3,3
2024-12-01,0.30126212551583686,0.10863055362023688,230,0.19263157189559998,bens,3,3
2025-01-01,0.1641128965115311,0.08963117142619266,230,0.07448172508533844,bens,3,3
2025-02-01,0.21796137737249496,0.08407777542148234,230,0.13388360195101262,bens,3,3
2025-03-01,0.09783577530520475,0.07882411459741681,230,0.01901166070778794,bens,3,3
2025-04-01,0.0876896628548437,0.06743235649134942,230,0.02025730636349428,bens,3,3
2025-05-01,0.21678189630326541,0.057874319637184,230,0.1589075766660814,bens,3,3
2025-06-01,0.07052623549428062,0.09815633508999433,230,-0.027630099595713706,bens,3,3
2025-07-01,0.06800009309160546,0.1738352744041306,230,-0.10583518131252515,bens,3,3
2025-08-01,0.06448885190124298,0.16448918612695898,230,-0.100000334225716,bens,3,3
2025-09-01,0.05969724752223464,0.15288866284322322,230,-0.09319141532098858,bens,3,3
2025-10-01,0.052110968958319306,0.3481314389603394,230,-0.2960204700020201,bens,3,3
2025-11-01,0.02332137624412671,0.3477525724582765,230,-0.3244311962141498,bens,3,3
2025-12-01,0.08771675178650393,0.3164533888721987,230,-0.22873663708569478,bens,3,3
2026-01-01,0.007849807467104042,0.09848707279127139,230,-0.09063726532416735,bens,3,3
2026-02-01,0.022577362458288678,0.0857858632849082,230,-0.06320850082661952,bens,3,3
2026-03-01,0.25117601306945353,0.062283690014842394,230,0.18889232305461112,bens,3,3
2026-04-01,0.2651597949481449,0.07459691745478539,230,0.1905628774933595,bens,3,3
2026-05-01,0.24537409764165719,0.04836943889564476,230,0.19700465874601242,bens,3,3
2026-06-01,0.0362658692511155,0.18665289962688192,230,-0.15038703037576642,bens,3,3
2026-07-01,0.025908582070736784,0.19292430471746636,230,-0.16701572264672956,bens,3,3
2009-07-01,0.0,0.0,226,0.0,bens,3,4
2009-08-01,0.0,0.0,226,0.0,bens,3,4
2009-09-01,0.0,0.0,226,0.0,bens,3,4
2009-10-01,0.009564417141252187,0.11975391271610322,226,-0.11018949557485104,bens,3,4
2009-11-01,0.013689282614551225,0.09689342471493133,226,-0.0832041421003801,bens,3,4
2009-12-01,0.007507000457233706,0.10670579551193739,226,-0.09919879505470368,bens,3,4
2010-01-01,0.006651705806945146,0.05139981652527559,226,-0.044748110718330444,bens,3,4
2010-02-01,0.011059715300367066,0.04576979318988928,226,-0.03471007788952221,bens,3,4
2010-03-01,0.037086983823221606,0.05941153604640732,226,-0.022324552223185717,bens,3,4
2010-04-01,0.02871199577450579,0.031652631141654945,226,-0.0029406353671491553,bens,3,4
2010-05-01,0.029551799670401918,0.01590797196942226,226,0.013643827700979657,bens,3,4
2010-06-01,0.018367202560973454,0.011708317857837675,226,0.006658884703135779,bens,3,4
2010-07-01,0.008924424881900012,0.039454417989652754,226,-0.030529993107752743,bens,3,4
2010-08-01,0.012750910779341382,0.0810563849798795,226,-0.06830547420053812,bens,3,4
2010-09-01,0.026129484388512807,0.13746458712313242,226,-0.1113351027346196,bens,3,4
2010-10-01,0.01053256722046531,0.0768250857422832,226,-0.06629251852181789,bens,3,4
2010-11-01,0.0755717473258525,0.037651761002396346,226,0.03791998632345616,bens,3,4
2010-12-01,0.1894523089509284,0.02490540678733693,226,0.16454690216359147,bens,3,4
2011-01-01,0.06095976986444668,0.020810995365325664,226,0.040148774499121014,bens,3,4
2011-02-01,0.017284761284923993,0.05875772860397006,226,-0.04147296731904607,bens,3,4
2011-03-01,0.059036792739690785,0.017288260472949266,226,0.04174853226674152,bens,3,4
2011-04-01,0.04753428868363658,0.029134768798395716,226,0.018399519885240863,bens,3,4
2011-05-01,0.04758553549855144,0.024220885088614422,226,0.02336465040993702,bens,3,4
2011-06-01,0.06354976074454541,0.0296676763685851,226,0.03388208437596031,bens,3,4
2011-07-01,0.0405432306944664,0.047914727184369385,226,-0.0073714964899029845,bens,3,4
2011-08-01,0.060195441270662065,0.039837465257170385,226,0.02035797601349168,bens,3,4
2011-09-01,0.03246749443598454,0.0610196790441607,226,-0.028552184608176163,bens,3,4
2011-10-01,0.026222261256513845,0.06241583230868318,226,-0.03619357105216933,bens,3,4
2011-11-01,0.019346422052698087,0.038239458042776245,226,-0.018893035990078157,bens,3,4
2011-12-01,0.018078032027940633,0.06591586907784837,226,-0.04783783704990774,bens,3,4
2012-01-01,0.019569045802301864,0.05050525564514023,220,-0.030936209842838368,bens,3,4
2012-02-01,0.024415418738493212,0.03239732680013337,220,-0.007981908061640161,bens,3,4
2012-03-01,0.010234071280582908,0.030251181413972112,220,-0.020017110133389204,bens,3,4
2012-04-01,0.04081091013025193,0.09228462933905751,220,-0.05147371920880558,bens,3,4
2012-05-01,0.022690939698330914,0.21923176965364463,220,-0.19654082995531372,bens,3,4
2012-06-01,0.02374514899716806,0.08057617676879508,220,-0.05683102777162702,bens,3,4
2012-07-01,0.04420363838871357,0.08498758585483572,220,-0.04078394746612215,bens,3,4
2012-08-01,0.07734019669435366,0.045658914504254376,220,0.03168128219009928,bens,3,4
2012-09-01,0.07914279774554189,0.033559895592719206,220,0.04558290215282269,bens,3,4
2012-10-01,0.11879150848777628,0.017538817889996578,220,0.10125269059777971,bens,3,4
2012-11-01,0.111409890781901,0.020443387761400464,220,0.09096650302050054,bens,3,4
2012-12-01,0.07711557063410764,0.016749367261977795,220,0.06036620337212984,bens,3,4
2013-01-01,0.06312001777787907,0.00944449825924934,220,0.05367551951862973,bens,3,4
2013-02-01,0.11004520270366014,0.012316673987898711,220,0.09772852871576143,bens,3,4
2013-03-01,0.12555413079318556,0.01392196372962081,220,0.11163216706356474,bens,3,4
2013-04-01,0.08547603867963477,0.04024120004606056,220,0.045234838633574206,bens,3,4
2013-05-01,0.1905263216839606,0.059575873982943124,220,0.1309504477010175,bens,3,4
2013-06-01,0.04285602368175129,0.10336983710402176,220,-0.06051381342227047,bens,3,4
2013-07-01,0.06883299860787823,0.08055819321081542,220,-0.011725194602937195,bens,3,4
2013-08-01,0.09910266783538985,0.06746004989548918,220,0.03164261793990067,bens,3,4
2013-09-01,0.11332078963429211,0.05774601540681241,220,0.0555747742274797,bens,3,4
2013-10-01,0.07199657829128422,0.024419069272718065,220,0.04757750901856616,bens,3,4
2013-11-01,0.09462313781956108,0.03696347633160958,220,0.0576596614879515,bens,3,4
2013-12-01,0.07209656555022316,0.03643887933786183,220,0.03565768621236133,bens,3,4
2014-01-01,0.04531032282975472,0.019776050497758827,228,0.025534272331995896,bens,3,4
2014-02-01,0.05545224479523496,0.054121167209630734,228,0.0013310775856042248,bens,3,4
2014-03-01,0.13457226774884254,0.024620808717195613,228,0.10995145903164692,bens,3,4
2014-04-01,0.11274030083782917,0.01525100023698995,228,0.09748930060083921,bens,3,4
2014-05-01,0.10033010459337621,0.005564779202576317,228,0.09476532539079989,bens,3,4
2014-06-01,0.08636020514642215,0.009213827401700672,228,0.07714637774472148,bens,3,4
2014-07-01,0.0655165211579431,0.05446899759109959,228,0.011047523566843506,bens,3,4
2014-08-01,0.04167386398462095,0.0607388627308946,228,-0.019064998746273647,bens,3,4
2014-09-01,0.03823146289784258,0.024696569035785567,228,0.013534893862057012,bens,3,4
2014-10-01,0.03735585648471311,0.060382521289962306,228,-0.023026664805249196,bens,3,4
2014-11-01,0.02470324566765189,0.0676848277806153,228,-0.04298158211296341,bens,3,4
2014-12-01,0.03141321836997047,0.06058163951066209,228,-0.029168421140691618,bens,3,4
2015-01-01,0.029066399286987524,0.10576537433155081,228,-0.07669897504456329,bens,3,4
2015-02-01,0.06758679289054355,0.09672785002948764,228,-0.02914105713894409,bens,3,4
2015-03-01,0.1023715081441472,0.036897628491855856,228,0.06547387965229134,bens,3,4
2015-04-01,0.11446063695561971,0.03001024616192323,228,0.08445039079369648,bens,3,4
2015-05-01,0.12424083651646779,0.02992991470326426,228,0.09431092181320352,bens,3,4
2015-06-01,0.12440490893983965,0.016833778715950688,228,0.10757113022388895,bens,3,4
2015-07-01,0.14157179529715427,0.04198145966478939,228,0.09959033563236488,bens,3,4
2015-08-01,0.055660616293794846,0.03236527367384268,228,0.023295342619952163,bens,3,4
2015-09-01,0.05355748770486028,0.05312627707396813,228,0.00043121063089215234,bens,3,4
2015-10-01,0.05833225028112268,0.07188547146675407,228,-0.01355322118563139,bens,3,4
2015-11-01,0.06488176057931659,0.10763464584747681,228,-0.04275288526816022,bens,3,4
2015-12-01,0.042812284382612614,0.05799738090879649,228,-0.015185096526183876,bens,3,4
2016-01-01,0.07161360759582489,0.035587887769049205,228,0.03602571982677568,bens,3,4
2016-02-01,0.0856475589802397,0.08275273749423134,228,0.0028948214860083504,bens,3,4
2016-03-01,0.11253495916769213,0.07375265689674461,228,0.03878230227094752,bens,3,4
2016-04-01,0.06815359009483374,0.019444668276404377,228,0.04870892181842936,bens,3,4
2016-05-01,0.07387379396936176,0.21257736473470792,228,-0.13870357076534617,bens,3,4
2016-06-01,0.07930893982188542,0.06641461947618903,228,0.012894320345696389,bens,3,4
2016-07-01,0.0715221899626711,0.09101617586063875,228,-0.01949398589796765,bens,3,4
2016-08-01,0.06468383675110354,0.14621190634198997,228,-0.08152806959088643,bens,3,4
2016-09-01,0.015747792661876057,0.09670374516757019,228,-0.08095595250569412,bens,3,4
2016-10-01,0.008202522406957907,0.046411845691947874,228,-0.038209323284989966,bens,3,4
2016-11-01,0.007781842367808446,0.13721316927169935,228,-0.12943132690389092,bens,3,4
2016-12-01,0.010952141366015562,0.11015519239910271,228,-0.09920305103308714,bens,3,4
2017-01-01,0.0025158739666946207,0.11305551918110113,228,-0.11053964521440651,bens,3,4
2017-02-01,0.015209295313817343,0.1089999497490243,228,-0.09379065443520695,bens,3,4
2017-03-01,0.017569348624549314,0.1140124828929287,228,-0.09644313426837939,bens,3,4
2017-04-01,0.015338975901920534,0.09866153024210556,228,-0.08332255434018503,bens,3,4
2017-05-01,0.0026904623111071247,0.28149242186449036,228,-0.2788019595533832,bens,3,4
2017-06-01,0.004747966564408544,0.336967718330472,228,-0.33221975176606344,bens,3,4
2017-07-01,0.009747961661773904,0.28196119973179024,228,-0.27221323807001635,bens,3,4
2017-08-01,0.0048641305118540135,0.15589892818955078,228,-0.15103479767769676,bens,3,4
2017-09-01,0.003916878628262754,0.15360229805472184,228,-0.14968541942645908,bens,3,4
2017-10-01,0.0010311973091207821,0.20527145766489818,228,-0.20424026035577741,bens,3,4
2017-11-01,0.002649850639539578,0.202253670576566,228,-0.19960381993702644,bens,3,4
2017-12-01,0.0031493596881959907,0.17499246009651076,228,-0.17184310040831477,bens,3,4
2018-01-01,0.0005938311086392289,0.22859021598071932,228,-0.2279963848720801,bens,3,4
2018-02-01,0.0,0.21412218932428015,228,-0.21412218932428015,bens,3,4
2018-03-01,0.0,0.13258899450191036,228,-0.13258899450191036,bens,3,4
2018-04-01,0.0,0.1319108057755007,228,-0.1319108057755007,bens,3,4
2018-05-01,0.004000676006433716,0.13943506841651318,237,-0.13543439241007946,bens,3,4
2018-06-01,0.016598175979747366,0.12101414826070597,237,-0.10441597228095861,bens,3,4
2018-07-01,0.02221277933326736,0.028458668281012612,237,-0.006245888947745252,bens,3,4
2018-08-01,0.01846362525505879,0.03914896602529248,237,-0.020685340770233686,bens,3,4
2018-09-01,0.02675492349677227,0.04655128538877563,237,-0.01979636189200336,bens,3,4
2018-10-01,0.017808641522176386,0.10994376991176427,237,-0.09213512838958789,bens,3,4
2018-11-01,0.02549121402236751,0.15458393094406364,237,-0.12909271692169613,bens,3,4
2018-12-01,0.029087979167822225,0.07483060718675102,237,-0.045742628018928796,bens,3,4
2019-01-01,0.02324100697462794,0.1515927677847198,237,-0.12835176081009186,bens,3,4
2019-02-01,0.023771243499257057,0.12892946693907875,237,-0.1051582234398217,bens,3,4
2019-03-01,0.026130221985108212,0.034962074644522285,237,-0.008831852659414073,bens,3,4
2019-04-01,0.01896928905624608,0.0646094447639387,237,-0.04564015570769263,bens,3,4
2019-05-01,0.012445311234056344,0.04386964976041113,237,-0.03142433852635478,bens,3,4
2019-06-01,0.023350354180963786,0.07128982354925383,237,-0.047939469368290036,bens,3,4
2019-07-01,0.022325302397633234,0.12241207610461764,237,-0.1000867737069844,bens,3,4
2019-08-01,0.021285909393348665,0.05811164158894324,237,-0.036825732195594575,bens,3,4
2019-09-01,0.005298218616612007,0.08466617712023826,237,-0.07936795850362625,bens,3,4
2019-10-01,0.00017610646222663144,0.11540843491251913,237,-0.1152323284502925,bens,3,4
2019-11-01,0.0234073578556067,0.12495268944028307,237,-0.10154533158467637,bens,3,4
2019-12-01,0.011111795575815712,0.18873625325976315,237,-0.17762445768394744,bens,3,4
2020-01-01,0.0011272572242013454,0.12885778493955444,230,-0.1277305277153531,bens,3,4
2020-02-01,0.001792587506098773,0.1407253474041815,230,-0.1389327598980827,bens,3,4
2020-03-01,0.011115058620514642,0.027718766540265807,230,-0.016603707919751166,bens,3,4
2020-04-01,0.027858344712787385,0.045808457666629436,230,-0.01795011295384205,bens,3,4
2020-05-01,0.018426204578481917,0.19153872665190957,230,-0.17311252207342764,bens,3,4
2020-06-01,0.032295800980395625,0.049111671090345546,230,-0.01681587010994992,bens,3,4
2020-07-01,0.03852630612756433,0.05703220704579875,230,-0.018505900918234418,bens,3,4
2020-08-01,0.09155690298177079,0.10130724741366182,230,-0.009750344431891031,bens,3,4
2020-09-01,0.1450684771819264,0.018471353329541803,230,0.12659712385238459,bens,3,4
2020-10-01,0.15938552012180643,0.01255081087876629,230,0.14683470924304015,bens,3,4
2020-11-01,0.14605516401046786,0.007483972805693635,230,0.13857119120477424,bens,3,4
2020-12-01,0.10784088690033677,0.008376357089755492,230,0.09946452981058128,bens,3,4
2021-01-01,0.06102026373280728,0.03123493553691883,230,0.029785328195888448,bens,3,4
2021-02-01,0.038582203444560384,0.036403435722953195,230,0.002178767721607189,bens,3,4
2021-03-01,0.06901582659085939,0.17117797397769519,230,-0.1021621473868358,bens,3,4
2021-04-01,0.06938800788601746,0.16064491933347325,230,-0.09125691144745579,bens,3,4
2021-05-01,0.10431208393905964,0.029978726548511376,230,0.07433335739054826,bens,3,4
2021-06-01,0.15091954814712769,0.019675575148092022,230,0.13124397299903567,bens,3,4
2021-07-01,0.16907301630995802,0.01290688872066616,230,0.15616612758929185,bens,3,4
2021-08-01,0.2019189934779081,0.030369677279020544,230,0.17154931619888755,bens,3,4
2021-09-01,0.13528279181708783,0.035509712910434935,230,0.09977307890665289,bens,3,4
2021-10-01,0.14666878096032596,0.02932203565112776,230,0.1173467453091982,bens,3,4
2021-11-01,0.25534869457050213,0.05764426572390433,230,0.1977044288465978,bens,3,4
2021-12-01,0.11031539502446132,0.06459179070816419,230,0.04572360431629713,bens,3,4
2022-01-01,0.19824772494675408,0.021267253063369566,230,0.1769804718833845,bens,3,4
2022-02-01,0.18432071667302136,0.049594157795845736,230,0.1347265588771756,bens,3,4
2022-03-01,0.2514447203905113,0.03931489252376467,230,0.21212982786674664,bens,3,4
2022-04-01,0.2921571301916388,0.08027006751687922,230,0.2118870626747596,bens,3,4
2022-05-01,0.21624282032026954,0.025650653190179482,230,0.19059216713009006,bens,3,4
2022-06-01,0.3270550371434933,0.025882368817008415,230,0.3011726683264849,bens,3,4
2022-07-01,0.3205873046861851,0.018328026228095567,230,0.30225927845808953,bens,3,4
2022-08-01,0.2913139132880089,0.06979306237903826,230,0.2215208509089706,bens,3,4
2022-09-01,0.1365695113592013,0.06335702361703732,230,0.07321248774216399,bens,3,4
2022-10-01,0.031132341097047517,0.06350224922897608,230,-0.03236990813192857,bens,3,4
2022-11-01,0.038310418995691715,0.10859957767012507,230,-0.07028915867443336,bens,3,4
2022-12-01,0.02675094734091206,0.2118188945511564,230,-0.18506794721024433,bens,3,4
2023-01-01,0.038261329019380175,0.19303527048094923,230,-0.15477394146156906,bens,3,4
2023-02-01,0.09718841166143465,0.10731091285250909,230,-0.01012250119107444,bens,3,4
2023-03-01,0.03695594283516288,0.12457384448981336,230,-0.08761790165465047,bens,3,4
2023-04-01,0.0192229417818532,0.08810652865240856,230,-0.06888358687055536,bens,3,4
2023-05-01,0.13890101603429117,0.09899388791871726,230,0.03990712811557391,bens,3,4
2023-06-01,0.017790531796231385,0.18695118278075115,230,-0.16916065098451977,bens,3,4
2023-07-01,0.031153838485208987,0.14749805600047852,230,-0.11634421751526954,bens,3,4
2023-08-01,0.0038604236447608775,0.21691506734034843,230,-0.21305464369558755,bens,3,4
2023-09-01,0.002147020420250643,0.3799216573113112,230,-0.37777463689106056,bens,3,4
2023-10-01,0.029887848502216235,0.17844873486192175,230,-0.14856088635970552,bens,3,4
2023-11-01,0.025837395124495736,0.12849599127462902,230,-0.10265859615013329,bens,3,4
2023-12-01,0.04235868310695779,0.10453439294913235,230,-0.062175709842174555,bens,3,4
2024-01-01,0.05426453243470935,0.05448357203032856,230,-0.00021903959561921094,bens,3,4
2024-02-01,0.026385082847016097,0.03352406349036187,230,-0.007138980643345772,bens,3,4
2024-03-01,0.028398655613418346,0.03325375800370008,230,-0.0048551023902817375,bens,3,4
2024-04-01,0.015111257048848562,0.09204799415653388,230,-0.07693673710768531,bens,3,4
2024-05-01,0.03970616766907736,0.03846514086156028,230,0.0012410268075170733,bens,3,4
2024-06-01,0.022305404745417992,0.08270528298226071,230,-0.060399878236842716,bens,3,4
2024-07-01,0.020268758121031343,0.06255323555249735,230,-0.04228447743146601,bens,3,4
2024-08-01,0.027554616402473604,0.036722610785558045,230,-0.009167994383084441,bens,3,4
2024-09-01,0.053475881603363834,0.08258831243894772,230,-0.02911243083558389,bens,3,4
2024-10-01,0.0537923942385105,0.098353280246805,230,-0.04456088600829449,bens,3,4
2024-11-01,0.12998455655739363,0.10666765576633869,230,0.023316900791054945,bens,3,4
2024-12-01,0.13454968111903104,0.07590840881076157,230,0.058641272308269474,bens,3,4
2025-01-01,0.10259928398967613,0.04224460910831738,230,0.060354674881358754,bens,3,4
2025-02-01,0.1275149772028417,0.04258562188527197,230,0.08492935531756972,bens,3,4
2025-03-01,0.07414380760666726,0.03898141564264087,230,0.035162391964026395,bens,3,4
2025-04-01,0.036760427092650906,0.02532495818522201,230,0.011435468907428897,bens,3,4
2025-05-01,0.032196938325918224,0.04673343028745018,230,-0.014536491961531957,bens,3,4
2025-06-01,0.04772833552777768,0.040624305599315465,230,0.007104029928462215,bens,3,4
2025-07-01,0.049667696215493766,0.0732863664019097,230,-0.02361867018641594,bens,3,4
2025-08-01,0.037877800393717895,0.10613337611422498,230,-0.06825557572050708,bens,3,4
2025-09-01,0.03985504821687892,0.09583815725193906,230,-0.05598310903506014,bens,3,4
2025-10-01,0.015756514712813953,0.1269847148340179,230,-0.11122820012120396,bens,3,4
2025-11-01,0.010121423398844708,0.2836928880580677,230,-0.273571464659223,bens,3,4
2025-12-01,0.014875999581433185,0.25303714105364067,230,-0.2381611414722075,bens,3,4
2026-01-01,0.00022611225292174154,0.042745340231444454,230,-0.042519227978522714,bens,3,4
2026-02-01,0.0008316908003502568,0.03774388656548889,230,-0.036912195765138635,bens,3,4
2026-03-01,0.010854982729165463,0.012773964344302663,230,-0.0019189816151372,bens,3,4
2026-04-01,0.20734261593381495,0.044630923579271495,230,0.16271169235454347,bens,3,4
2026-05-01,0.18864384341493157,0.03382391085390132,230,0.15481993256103024,bens,3,4
2026-06-01,0.02149870766383839,0.026067979228755235,230,-0.004569271564916846,bens,3,4
2026-07-01,0.015769710457224112,0.08471807146290875,230,-0.06894836100568463,bens,3,4
2009-07-01,0.0,0.0,384,0.0,cheio,12,2
2009-08-01,0.1881812472750109,0.3114917540329839,384,-0.123310506757973,cheio,12,2
2009-09-01,0.18216208918955404,0.26254268728656355,384,-0.08038059809700951,cheio,12,2
2009-10-01,0.25242976700836905,0.3514964604752233,384,-0.09906669346685426,cheio,12,2
2009-11-01,0.12934822391065653,0.42379145725125644,384,-0.2944432333405999,cheio,12,2
2009-12-01,0.14121128242256487,0.4463418926837854,384,-0.3051306102612205,cheio,12,2
2010-01-01,0.2057107657354056,0.28334829991020055,384,-0.07763753417479496,cheio,12,2
2010-02-01,0.28309769858619155,0.2717876307257844,384,0.01131006786040717,cheio,12,2
2010-03-01,0.15830736677053292,0.2310180759276963,384,-0.07271070915716338,cheio,12,2
2010-04-01,0.21070083948740767,0.29049264261036084,384,-0.07979180312295317,cheio,12,2
2010-05-01,0.32013707917752493,0.30277218336689976,384,0.01736489581062517,cheio,12,2
2010-06-01,0.27630865785194714,0.3393190359142155,384,-0.06301037806226839,cheio,12,2
2010-07-01,0.11138206102866618,0.415972947188076,384,-0.30459088615940977,cheio,12,2
2010-08-01,0.07586084827830344,0.3828882342235316,384,-0.30702738594522816,cheio,12,2
2010-09-01,0.17291027089729102,0.2611633883661163,384,-0.08825311746882528,cheio,12,2
2010-10-01,0.32524404853570876,0.24861550830695014,384,0.07662854022875862,cheio,12,2
2010-11-01,0.3413653172693654,0.25606748786502426,384,0.08529782940434116,cheio,12,2
2010-12-01,0.277106602385831,0.3528675872786346,384,-0.07576098489280358,cheio,12,2
2011-01-01,0.21316178683821313,0.25822174177825824,384,-0.04505995494004511,cheio,12,2
2011-02-01,0.24531494377932533,0.12992055904670857,384,0.11539438473261676,cheio,12,2
2011-03-01,0.32361191250721255,0.2275370478334305,384,0.09607486467378204,cheio,12,2
2011-04-01,0.26530946938106126,0.226242547514905,384,0.03906692186615626,cheio,12,2
2011-05-01,0.22632741570809006,0.2464612747710766,384,-0.020133859062986537,cheio,12,2
2011-06-01,0.23457964205749438,0.305796140572984,384,-0.07121649851548961,cheio,12,2
2011-07-01,0.1026460264602646,0.2755137551375514,384,-0.17286772867728678,cheio,12,2
2011-08-01,0.11218767312603876,0.29201675210051264,384,-0.17982907897447387,cheio,12,2
2011-09-01,0.18479310875865257,0.22434034604207626,384,-0.039547237283423686,cheio,12,2
2011-10-01,0.21973875791006328,0.2702641621132969,384,-0.05052540420323362,cheio,12,2
2011-11-01,0.2003406027248218,0.3332466659733278,384,-0.132906063248506,cheio,12,2
2011-12-01,0.182694,0.279219,384,-0.096525,cheio,12,2
2012-01-01,0.22298178385427084,0.33539968319746555,365,-0.11241789934319471,cheio,12,2
2012-02-01,0.15462076303389571,0.22645118839049289,365,-0.07183042535659717,cheio,12,2
2012-03-01,0.2176895238266668,0.32228425598979193,365,-0.10459473216312515,cheio,12,2
2012-04-01,0.24753499013996055,0.28488413953655817,365,-0.037349149396597614,cheio,12,2
2012-05-01,0.2887334225331549,0.263257473485053,365,0.02547594904810191,cheio,12,2
2012-06-01,0.26835138989166063,0.3399509602942382,365,-0.07159957040257758,cheio,12,2
2012-07-01,0.2673361386891095,0.2726641813134505,365,-0.005328042624341001,cheio,12,2
2012-08-01,0.3232196767803232,0.25964074035925966,365,0.06357893642106355,cheio,12,2
2012-09-01,0.3173617305530778,0.22225811096755613,365,0.09510361958552169,cheio,12,2
2012-10-01,0.2836748653005388,0.24221703113187548,365,0.04145783416866333,cheio,12,2
2012-11-01,0.2989137934827609,0.2800446802680816,365,0.018869113214679323,cheio,12,2
2012-12-01,0.22055820558205583,0.19361093610936111,365,0.026947269472694713,cheio,12,2
2013-01-01,0.24509224509224511,0.24750824750824751,365,-0.0024160024160023996,cheio,12,2
2013-02-01,0.3304553390893218,0.18081363837272324,365,0.14964170071659855,cheio,12,2
2013-03-01,0.32192267807732194,0.17666582333417666,365,0.14525685474314529,cheio,12,2
2013-04-01,0.23374540247241485,0.24835449012694077,365,-0.014609087654525926,cheio,12,2
2013-05-01,0.3030109698903011,0.3003879961200388,365,0.0026229737702622713,cheio,12,2
2013-06-01,0.2095875328872698,0.22827440207918545,365,-0.018686869191915645,cheio,12,2
2013-07-01,0.17758664482671033,0.3016733966532067,365,-0.12408675182649637,cheio,12,2
2013-08-01,0.19696339392678786,0.3339696679393359,365,-0.13700627401254806,cheio,12,2
2013-09-01,0.2013947986052014,0.3455176544823455,365,-0.1441228558771441,cheio,12,2
2013-10-01,0.20524517901928394,0.26021395914416345,365,-0.05496878012487952,cheio,12,2
2013-11-01,0.179117,0.231709,365,-0.052592,cheio,12,2
2013-12-01,0.20647623885743316,0.2774636647819887,365,-0.07098742592455554,cheio,12,2
2014-01-01,0.19692118152708918,0.22531435188611135,373,-0.02839317035902217,cheio,12,2
2014-02-01,0.2904908714726144,0.1608244824734474,373,0.12966638899916696,cheio,12,2
2014-03-01,0.3739451302743486,0.1279923600381998,373,0.2459527702361488,cheio,12,2
2014-04-01,0.22814228142281426,0.26709867098670986,373,-0.038956389563895605,cheio,12,2
2014-05-01,0.2266773600641604,0.18924313545881277,373,0.03743422460534762,cheio,12,2
2014-06-01,0.358475,0.205427,373,0.153048,cheio,12,2
2014-07-01,0.2014102014102014,0.2671952671952672,373,-0.0657850657850658,cheio,12,2
2014-08-01,0.16508933964264144,0.21971012115951535,373,-0.05462078151687391,cheio,12,2
2014-09-01,0.2445567989888091,0.23685986826118566,373,0.007696930727623452,cheio,12,2
2014-10-01,0.22683581468651748,0.349718797750382,373,-0.12288298306386453,cheio,12,2
2014-11-01,0.20776986992882937,0.3385640470764237,373,-0.1307941771475943,cheio,12,2
2014-12-01,0.2365457096371289,0.24093272279816838,373,-0.0043870131610394825,cheio,12,2
2015-01-01,0.2464244928489857,0.14937829875659753,373,0.09704619409238818,cheio,12,2
2015-02-01,0.38075818834007175,0.18127599403593442,373,0.19948219430413733,cheio,12,2
2015-03-01,0.4027241945516109,0.13407173185653629,373,0.2686524626950746,cheio,12,2
2015-04-01,0.36361590915227254,0.1357645927062219,373,0.22785131644605064,cheio,12,2
2015-05-01,0.29523677142062854,0.2500355002130013,373,0.045201271207627236,cheio,12,2
2015-06-01,0.303229,0.230553,373,0.07267600000000002,cheio,12,2
2015-07-01,0.3880814927334346,0.20880587925291327,373,0.17927561348052135,cheio,12,2
2015-08-01,0.23379653240693518,0.25202149595700807,373,-0.018224963550072887,cheio,12,2
2015-09-01,0.1726763814110513,0.23952591620732966,373,-0.06684953479627836,cheio,12,2
2015-10-01,0.2726378179134537,0.19488558465675396,373,0.07775223325669975,cheio,12,2
2015-11-01,0.2228943373660242,0.2574685448112689,373,-0.0345742074452447,cheio,12,2
2015-12-01,0.21117915528337886,0.3215297138811445,373,-0.11035055859776563,cheio,12,2
2016-01-01,0.2720661838014486,0.1925964222107334,373,0.0794697615907152,cheio,12,2
2016-02-01,0.295808,0.23787,373,0.05793800000000002,cheio,12,2
2016-03-01,0.21836003475968715,0.34319291126379864,373,-0.12483287650411148,cheio,12,2
2016-04-01,0.20570261710785132,0.3499570498711496,373,-0.1442544327632983,cheio,12,2
2016-05-01,0.24506450987098027,0.3393673212653575,373,-0.09430281139437724,cheio,12,2
2016-06-01,0.19448836141852993,0.2593938157567103,373,-0.06490545433818035,cheio,12,2
2016-07-01,0.2722375444750889,0.35974071948143893,373,-0.08750317500635002,cheio,12,2
2016-08-01,0.2574754850490299,0.27066645866708267,373,-0.01319097361805277,cheio,12,2
2016-09-01,0.21641394772552955,0.2918876269886429,373,-0.07547367926311335,cheio,12,2
2016-10-01,0.22451644903289808,0.3810467620935242,373,-0.15653031306062615,cheio,12,2
2016-11-01,0.20545120545120546,0.3023003023003023,373,-0.09684909684909684,cheio,12,2
2016-12-01,0.24225400000000002,0.352761,373,-0.11050699999999997,cheio,12,2
2017-01-01,0.17952464095071807,0.338998322003356,373,-0.15947368105263793,cheio,12,2
2017-02-01,0.130751,0.372763,373,-0.242012,cheio,12,2
2017-03-01,0.13735527471054942,0.36117872235744475,373,-0.22382344764689532,cheio,12,2
2017-04-01,0.13244392710748973,0.4368240577684044,373,-0.3043801306609146,cheio,12,2
2017-05-01,0.07800439002195012,0.4775403877019385,373,-0.3995359976799884,cheio,12,2
2017-06-01,0.08305916611833225,0.39164878329756664,373,-0.3085896171792344,cheio,12,2
2017-07-01,0.16126951619145144,0.33581999254002237,373,-0.17455047634857093,cheio,12,2
2017-08-01,0.19554282674303952,0.3782487305076169,373,-0.1827059037645774,cheio,12,2
2017-09-01,0.1339535981392056,0.3718378844863466,373,-0.23788428634714098,cheio,12,2
2017-10-01,0.24487204102367183,0.3949198406412749,373,-0.15004779961760306,cheio,12,2
2017-11-01,0.20833720833720834,0.37933337933337935,373,-0.170996170996171,cheio,12,2
2017-12-01,0.2070916212748638,0.322781968345905,373,-0.1156903470710412,cheio,12,2
2018-01-01,0.20585579414420585,0.38274161725838274,373,-0.1768858231141769,cheio,12,2
2018-02-01,0.11844859224296121,0.4602993014965075,373,-0.34185070925354627,cheio,12,2
2018-03-01,0.1836048163951836,0.3252766747233253,373,-0.14167185832814166,cheio,12,2
2018-04-01,0.1399692799385599,0.31280662561325123,373,-0.17283734567469133,cheio,12,2
2018-05-01,0.10141410141410141,0.3287083287083287,383,-0.22729422729422732,cheio,12,2
2018-06-01,0.27720416838749484,0.2615192154423537,383,0.015684952945141162,cheio,12,2
2018-07-01,0.2347137652862347,0.2144917855082145,383,0.020221979778020205,cheio,12,2
2018-08-01,0.23655929032212905,0.3055100834697496,383,-0.06895079314762056,cheio,12,2
2018-09-01,0.207411,0.272176,383,-0.06476499999999996,cheio,12,2
2018-10-01,0.11787382511677581,0.3317423221962554,383,-0.21386849707947958,cheio,12,2
2018-11-01,0.16694066940669408,0.40348103481034814,383,-0.23654036540365406,cheio,12,2
2018-12-01,0.2489299957199829,0.3423633694534778,383,-0.09343337373349489,cheio,12,2
2019-01-01,0.19927240582075345,0.3139174886600907,383,-0.11464508283933728,cheio,12,2
2019-02-01,0.1730446921787687,0.4142076568306273,383,-0.24116296465185863,cheio,12,2
2019-03-01,0.1336138016828101,0.29340676044056263,383,-0.15979295875775254,cheio,12,2
2019-04-01,0.21543015430154303,0.2907709077090771,383,-0.07534075340753407,cheio,12,2
2019-05-01,0.16034748104244312,0.38899816699450096,383,-0.22865068595205784,cheio,12,2
2019-06-01,0.10055939664362012,0.3820387077677534,383,-0.28147931112413327,cheio,12,2
2019-07-01,0.22482855034289934,0.3600932798134404,383,-0.13526472947054108,cheio,12,2
2019-08-01,0.250822,0.256867,383,-0.006045000000000023,cheio,12,2
2019-09-01,0.24773502717967386,0.26188785734571185,383,-0.014152830166037994,cheio,12,2
2019-10-01,0.16921784608923046,0.2911124555622778,383,-0.12189460947304737,cheio,12,2
2019-11-01,0.158015,0.336136,383,-0.178121,cheio,12,2
2019-12-01,0.15927443346990122,0.19924179317613858,383,-0.039967359706237354,cheio,12,2
2020-01-01,0.1906831440988646,0.2854237125422753,377,-0.09474056844341067,cheio,12,2
2020-02-01,0.16268151195546413,0.4823445529663411,377,-0.31966304101087695,cheio,12,2
2020-03-01,0.14328814630517045,0.3702219617756942,377,-0.22693381547052377,cheio,12,2
2020-04-01,0.14465598740808816,0.378857347998564,377,-0.23420136059047586,cheio,12,2
2020-05-01,0.04967990064019872,0.42706314587370825,377,-0.3773832452335095,cheio,12,2
2020-06-01,0.23974419872099362,0.40674303371516857,377,-0.16699883499417495,cheio,12,2
2020-07-01,0.3234742938971756,0.2496429985719943,377,0.07383129532518129,cheio,12,2
2020-08-01,0.3325436674563325,0.2827307172692827,377,0.04981295018704979,cheio,12,2
2020-09-01,0.29053325680045916,0.26285042289746263,377,0.02768283390299653,cheio,12,2
2020-10-01,0.2918240427682994,0.18164627152390067,377,0.1101777712443987,cheio,12,2
2020-11-01,0.4464509819411625,0.16380052579526785,377,0.2826504561458947,cheio,12,2
2020-12-01,0.46809187236748945,0.1159684638738555,377,0.35212340849363394,cheio,12,2
2021-01-01,0.3705203705203705,0.17208717208717209,377,0.19843319843319843,cheio,12,2
2021-02-01,0.3477847389236946,0.2428192140960705,377,0.10496552482762411,cheio,12,2
2021-03-01,0.307929,0.192121,377,0.11580800000000002,cheio,12,2
2021-04-01,0.263303,0.187671,377,0.075632,cheio,12,2
2021-05-01,0.3574054296217185,0.17382269529078115,377,0.18358273433093736,cheio,12,2
2021-06-01,0.412228,0.149997,377,0.262231,cheio,12,2
2021-07-01,0.42479297355081486,0.228245597719184,377,0.19654737583163084,cheio,12,2
2021-08-01,0.43924687849375704,0.1685753371506743,377,0.27067154134308274,cheio,12,2
2021-09-01,0.47121558635324096,0.11789464631606106,377,0.3533209400371799,cheio,12,2
2021-10-01,0.5115594884405116,0.11573488426511573,377,0.39582460417539583,cheio,12,2
2021-11-01,0.44946946008025845,0.15971796535865818,377,0.2897514947216003,cheio,12,2
2021-12-01,0.32802931211724845,0.20408581634326536,377,0.12394349577398309,cheio,12,2
2022-01-01,0.2632010528042112,0.16985867943471775,377,0.09334237336949344,cheio,12,2
2022-02-01,0.29315558631117267,0.1975953951907904,377,0.09556019112038228,cheio,12,2
2022-03-01,0.2944396499568496,0.20605185446669022,377,0.0883877954901594,cheio,12,2
2022-04-01,0.379560518242073,0.2425299701198805,377,0.13703054812219248,cheio,12,2
2022-05-01,0.31233012330123305,0.20373103731037312,377,0.10859908599085993,cheio,12,2
2022-06-01,0.35867415204491226,0.20628523771142626,377,0.152388914333486,cheio,12,2
2022-07-01,0.35945635945635945,0.2076832076832077,377,0.15177315177315176,cheio,12,2
2022-08-01,0.31401314013140136,0.2994019940199402,377,0.014611146111461137,cheio,12,2
2022-09-01,0.22530645061290125,0.3025686051372103,377,-0.07726215452430904,cheio,12,2
2022-10-01,0.2868470079290555,0.4092758649310545,377,-0.12242885700199901,cheio,12,2
2022-11-01,0.16888266223467555,0.3140283719432561,377,-0.14514570970858057,cheio,12,2
2022-12-01,0.19577082537504775,0.35643686137883174,377,-0.16066603600378399,cheio,12,2
2023-01-01,0.23947576052423947,0.23816376183623816,377,0.0013119986880013035,cheio,12,2
2023-02-01,0.35561251071242506,0.21450149848951058,377,0.14111101222291447,cheio,12,2
2023-03-01,0.20757337727986816,0.24656826029521914,377,-0.03899488301535098,cheio,12,2
2023-04-01,0.20358640717281434,0.2788845577691156,377,-0.07529815059630124,cheio,12,2
2023-05-01,0.17094868379473518,0.2821171284685139,377,-0.1111684446737787,cheio,12,2
2023-06-01,0.119399,0.37623,377,-0.25683100000000003,cheio,12,2
2023-07-01,0.140686,0.245087,377,-0.104401,cheio,12,2
2023-08-01,0.248654,0.33111,377,-0.08245600000000003,cheio,12,2
2023-09-01,0.2765482765482766,0.29467129467129466,377,-0.018123018123018086,cheio,12,2
2023-10-01,0.1585007925039625,0.1819559097795489,377,-0.023455117275586385,cheio,12,2
2023-11-01,0.20746037761886715,0.43587969236092294,377,-0.2284193147420558,cheio,12,2
2023-12-01,0.1586000483997096,0.2835172988962066,377,-0.12491725049649699,cheio,12,2
2024-01-01,0.2182035635928728,0.20505358989282021,377,0.01314997370005258,cheio,12,2
2024-02-01,0.2807192807192807,0.1828821828821829,377,0.09783709783709782,cheio,12,2
2024-03-01,0.24072944437666627,0.2198913193479161,377,0.020838125028750182,cheio,12,2
2024-04-01,0.2645254709490581,0.26644446711106573,377,-0.0019189961620076357,cheio,12,2
2024-05-01,0.22913768741306223,0.22342667028001084,377,0.005711017133051388,cheio,12,2
2024-06-01,0.22319011595057975,0.25308226541132706,377,-0.029892149460747308,cheio,12,2
2024-07-01,0.3289226710773289,0.20446479553520447,377,0.12445787554212445,cheio,12,2
2024-08-01,0.2924416319746878,0.1729765567890111,377,0.1194650751856767,cheio,12,2
2024-09-01,0.23253723253723255,0.21506621506621507,377,0.01747101747101748,cheio,12,2
2024-10-01,0.2693897306102694,0.28297971702028296,377,-0.013589986410013577,cheio,12,2
2024-11-01,0.2733671798984603,0.29671910984267047,377,-0.023351929944210148,cheio,12,2
2024-12-01,0.265279326396632,0.25011325056625283,377,0.015166075830379155,cheio,12,2
2025-01-01,0.2794384411231177,0.21691856616286764,377,0.06251987496025008,cheio,12,2
2025-02-01,0.23000523000523002,0.20184220184220186,377,0.028163028163028153,cheio,12,2
2025-03-01,0.18133418133418133,0.21276121276121276,377,-0.03142703142703143,cheio,12,2
2025-04-01,0.26766487365411556,0.21209148464039246,377,0.05557338901372311,cheio,12,2
2025-05-01,0.22630190520762083,0.2728640914563658,377,-0.046562186248744974,cheio,12,2
2025-06-01,0.13802138021380214,0.3776837768377684,377,-0.23966239662396624,cheio,12,2
2025-07-01,0.1498434495303486,0.35146705440116316,377,-0.20162360487081457,cheio,12,2
2025-08-01,0.1226338395075926,0.27236108541628123,377,-0.14972724590868863,cheio,12,2
2025-09-01,0.2300852300852301,0.2634372634372634,377,-0.03335203335203332,cheio,12,2
2025-10-01,0.19333419333419333,0.2976882976882977,377,-0.10435410435410436,cheio,12,2
2025-11-01,0.1607359644157865,0.40896545379272276,377,-0.24822948937693626,cheio,12,2
2025-12-01,0.1719183123267507,0.3958874164503342,377,-0.2239691041235835,cheio,12,2
2026-01-01,0.21439071365571805,0.26782639304164174,377,-0.053435679385923696,cheio,12,2
2026-02-01,0.27194790363532545,0.20028840201881412,377,0.07165950161651133,cheio,12,2
2026-03-01,0.3135985087880703,0.18297146377171017,377,0.1306270450163601,cheio,12,2
2026-04-01,0.33291533542332286,0.15382423087884559,377,0.17909110454447727,cheio,12,2
2026-05-01,0.25224500898003593,0.22357089428357713,377,0.028674114696458808,cheio,12,2
2026-06-01,0.140984,0.268896,377,-0.12791200000000003,cheio,12,2
2026-07-01,0.19152238304476607,0.31834863669727337,377,-0.1268262536525073,cheio,12,2
2009-07-01,0.0,0.0,384,0.0,cheio,12,3
2009-08-01,0.0,0.0,384,0.0,cheio,12,3
2009-09-01,0.05322573387133064,0.1422682886585567,384,-0.08904255478722606,cheio,12,3
2009-10-01,0.10150971056797398,0.1709981969873789,384,-0.06948848641940492,cheio,12,3
2009-11-01,0.07550154699071805,0.2589334463993216,384,-0.18343189940860355,cheio,12,3
2009-12-01,0.05838411676823354,0.2548825097650196,384,-0.19649839299678604,cheio,12,3
2010-01-01,0.08923046461721229,0.18730787615274308,384,-0.09807741153553079,cheio,12,3
2010-02-01,0.07048142288853734,0.15993295959775758,384,-0.08945153670922024,cheio,12,3
2010-03-01,0.1219065123739505,0.1401504393982424,384,-0.018243927024291895,cheio,12,3
2010-04-01,0.10867136992945105,0.10819437708434372,384,0.00047699284510732687,cheio,12,3
2010-05-01,0.1222362665824005,0.15543506738959564,384,-0.033198800807195145,cheio,12,3
2010-06-01,0.14534287205723234,0.23817042902257415,384,-0.09282755696534181,cheio,12,3
2010-07-01,0.08511046398369639,0.2336202116872543,384,-0.1485097477035579,cheio,12,3
2010-08-01,0.03702192595614809,0.19504460991078018,384,-0.1580226839546321,cheio,12,3
2010-09-01,0.041404585954140455,0.16222537774622253,384,-0.12082079179208208,cheio,12,3
2010-10-01,0.07488155071069573,0.1523560858634848,384,-0.07747453515278908,cheio,12,3
2010-11-01,0.22841254317491363,0.18597762804474388,384,0.042434915130169754,cheio,12,3
2010-12-01,0.19328951276366593,0.20271563530325895,384,-0.009426122539593018,cheio,12,3
2011-01-01,0.14774585225414774,0.1670958329041671,384,-0.01934998065001936,cheio,12,3
2011-02-01,0.08233398800785609,0.08630403564842777,384,-0.003970047640571683,cheio,12,3
2011-03-01,0.15140836267526409,0.07756069804628242,384,0.07384766462898167,cheio,12,3
2011-04-01,0.16216067567864864,0.10748578502842995,384,0.05467489065021869,cheio,12,3
2011-05-01,0.0896773722583942,0.10473526685313203,384,-0.01505789459473783,cheio,12,3
2011-06-01,0.09501966513765596,0.13283792986550905,384,-0.03781826472785309,cheio,12,3
2011-07-01,0.05244652446524466,0.13779837798377984,384,-0.08535185351853518,cheio,12,3
2011-08-01,0.045349272095632574,0.10944365666193998,384,-0.0640943845663074,cheio,12,3
2011-09-01,0.056277337664025984,0.1473628841773051,384,-0.0910855465132791,cheio,12,3
2011-10-01,0.07590060720485764,0.10662785302282418,384,-0.030727245817966542,cheio,12,3
2011-11-01,0.09117872942983543,0.1629343034744278,384,-0.07175557404459237,cheio,12,3
2011-12-01,0.092787,0.175088,384,-0.082301,cheio,12,3
2012-01-01,0.040639325114600916,0.16976635813086505,365,-0.12912703301626413,cheio,12,3
2012-02-01,0.07597239222086223,0.12371201030391757,365,-0.04773961808305534,cheio,12,3
2012-03-01,0.044299310095170664,0.14113098791691542,365,-0.09683167782174476,cheio,12,3
2012-04-01,0.16599466397865592,0.12434049736198945,365,0.041654166616666474,cheio,12,3
2012-05-01,0.16271167457665084,0.18231463537072926,365,-0.019602960794078417,cheio,12,3
2012-06-01,0.19681881908708548,0.15629906220562675,365,0.04051975688145873,cheio,12,3
2012-07-01,0.10961487691901536,0.1639783118264946,365,-0.05436343490747925,cheio,12,3
2012-08-01,0.13765186234813764,0.11007488992511007,365,0.027576972423027576,cheio,12,3
2012-09-01,0.1570493718025128,0.13598445606217577,365,0.02106491574033703,cheio,12,3
2012-10-01,0.1890992436030256,0.1416924332302671,365,0.04740681037275851,cheio,12,3
2012-11-01,0.1601859611157667,0.14386286317717906,365,0.016323097938587633,cheio,12,3
2012-12-01,0.08402684026840268,0.10894808948089481,365,-0.024921249212492128,cheio,12,3
2013-01-01,0.11368711368711369,0.0965030965030965,365,0.017184017184017186,cheio,12,3
2013-02-01,0.1488717022565955,0.09059181881636237,365,0.05827988344023312,cheio,12,3
2013-03-01,0.1061908938091062,0.12391287608712391,365,-0.017721982278017717,cheio,12,3
2013-04-01,0.16018796112776676,0.0957055742334454,365,0.06448238689432136,cheio,12,3
2013-05-01,0.185310146898531,0.1879691203087969,365,-0.0026589734102658857,cheio,12,3
2013-06-01,0.12223414436098948,0.15760789674472278,365,-0.0353737523837333,cheio,12,3
2013-07-01,0.09522480955038089,0.16621866756266485,365,-0.07099385801228396,cheio,12,3
2013-08-01,0.09215318430636862,0.19743639487278977,365,-0.10528321056642115,cheio,12,3
2013-09-01,0.09047290952709047,0.2116097883902116,365,-0.12113687886312113,cheio,12,3
2013-10-01,0.11338554645781417,0.1263934944260223,365,-0.01300794796820813,cheio,12,3
2013-11-01,0.082752,0.146736,365,-0.063984,cheio,12,3
2013-12-01,0.0920055520333122,0.13370880225281354,365,-0.04170325021950133,cheio,12,3
2014-01-01,0.08158348950093701,0.13210679264075587,373,-0.050523303139818856,cheio,12,3
2014-02-01,0.16707150121450362,0.0614231842695528,373,0.10564831694495082,cheio,12,3
2014-03-01,0.1184044079779601,0.07064264678676606,373,0.047761761191194047,cheio,12,3
2014-04-01,0.13702737027370274,0.0945389453894539,373,0.04248842488424884,cheio,12,3
2014-05-01,0.12868377210263263,0.06507539045234272,373,0.06360838165028991,cheio,12,3
2014-06-01,0.137904,0.132581,373,0.005322999999999994,cheio,12,3
2014-07-01,0.13184713184713184,0.13486913486913488,373,-0.0030220030220030336,cheio,12,3
2014-08-01,0.07882368470526119,0.10380358478566086,373,-0.024979900080399672,cheio,12,3
2014-09-01,0.06468741781323968,0.10700103699066708,373,-0.0423136191774274,cheio,12,3
2014-10-01,0.13337106696853576,0.1506452051616413,373,-0.017274138193105526,cheio,12,3
2014-11-01,0.15687641188770698,0.2157479417314756,373,-0.058871529843768616,cheio,12,3
2014-12-01,0.14981444944334832,0.16864750594251782,373,-0.018833056499169498,cheio,12,3
2015-01-01,0.1243962487924976,0.09262018524037048,373,0.031776063552127115,cheio,12,3
2015-02-01,0.18853107384181228,0.07167078837867218,373,0.1168602854631401,cheio,12,3
2015-03-01,0.21719856560286882,0.055719888560222884,373,0.16147867704264593,cheio,12,3
2015-04-01,0.25940322179033465,0.04330287009138973,373,0.21610035169894493,cheio,12,3
2015-05-01,0.21857031142186856,0.07814746888481332,373,0.14042284253705523,cheio,12,3
2015-06-01,0.191679,0.08486099999999999,373,0.106818,cheio,12,3
2015-07-01,0.22050298452686076,0.15673641062769564,373,0.06376657389916512,cheio,12,3
2015-08-01,0.16321467357065286,0.12883574232851533,373,0.034378931242137534,cheio,12,3
2015-09-01,0.10822886583092664,0.101890815126521,373,0.006338050704405643,cheio,12,3
2015-10-01,0.08393825181475544,0.10899132697398092,373,-0.025053075159225488,cheio,12,3
2015-11-01,0.11990471942831657,0.1139356836141017,373,0.005969035814214874,cheio,12,3
2015-12-01,0.12848448606205576,0.12551649793400826,373,0.002967988128047494,cheio,12,3
2016-01-01,0.1309106072681782,0.12335062994811016,373,0.007559977320068023,cheio,12,3
2016-02-01,0.113525,0.135417,373,-0.02189200000000001,cheio,12,3
2016-03-01,0.16122054901505886,0.18219636023275793,373,-0.020975811217699064,cheio,12,3
2016-04-01,0.12823638470915413,0.24875374626123878,373,-0.12051736155208465,cheio,12,3
2016-05-01,0.13133473733052536,0.25203349593300817,373,-0.1206987586024828,cheio,12,3
2016-06-01,0.08221257548802842,0.15993311953183673,373,-0.0777205440438083,cheio,12,3
2016-07-01,0.10726321452642905,0.17844335688671376,373,-0.0711801423602847,cheio,12,3
2016-08-01,0.18155363689272622,0.2291235417529165,373,-0.047569904860190276,cheio,12,3
2016-09-01,0.12048408435675921,0.17769159922439304,373,-0.05720751486763383,cheio,12,3
2016-10-01,0.1389202778405557,0.1858703717407435,373,-0.04695009390018781,cheio,12,3
2016-11-01,0.15556515556515557,0.21173421173421175,373,-0.05616905616905618,cheio,12,3
2016-12-01,0.11764200000000001,0.198368,373,-0.08072599999999998,cheio,12,3
2017-01-01,0.10776078447843103,0.23275853448293102,373,-0.12499775000449999,cheio,12,3
2017-02-01,0.06921,0.16156500000000001,373,-0.09235500000000002,cheio,12,3
2017-03-01,0.09106618213236427,0.2250394500789002,373,-0.1339732679465359,cheio,12,3
2017-04-01,0.0766105362737539,0.2937290561033927,373,-0.2171185198296388,cheio,12,3
2017-05-01,0.04395321976609883,0.29563747818739095,373,-0.2516842584212921,cheio,12,3
2017-06-01,0.024420048840097682,0.2535675071350143,373,-0.22914745829491662,cheio,12,3
2017-07-01,0.04262487212538363,0.22443332670001992,373,-0.1818084545746363,cheio,12,3
2017-08-01,0.043744737531574804,0.25788845266928395,373,-0.21414371513770913,cheio,12,3
2017-09-01,0.08623074130777608,0.21171236486290543,373,-0.12548162355512935,cheio,12,3
2017-10-01,0.08951828385372917,0.29435164518683854,373,-0.20483336133310936,cheio,12,3
2017-11-01,0.14063414063414065,0.2835922835922836,373,-0.14295814295814296,cheio,12,3
2017-12-01,0.12959638878916635,0.23439670319010955,373,-0.1048003144009432,cheio,12,3
2018-01-01,0.11525488474511525,0.25248274751725247,373,-0.13722786277213722,cheio,12,3
2018-02-01,0.07121835609178045,0.22723413617068083,373,-0.15601578007890038,cheio,12,3
2018-03-01,0.062029937970062024,0.2434167565832434,373,-0.1813868186131814,cheio,12,3
2018-04-01,0.07785715571431144,0.2212234424468849,373,-0.14336628673257346,cheio,12,3
2018-05-01,0.03457403457403457,0.1506031506031506,383,-0.11602911602911603,cheio,12,3
2018-06-01,0.05562483312550062,0.20382738851783447,383,-0.14820255539233385,cheio,12,3
2018-07-01,0.12884187115812884,0.1252168747831252,383,0.0036249963750036307,cheio,12,3
2018-08-01,0.10554268337194989,0.11893964318107046,383,-0.013396959809120576,cheio,12,3
2018-09-01,0.093304,0.139323,383,-0.046019000000000004,cheio,12,3
2018-10-01,0.04204229429606007,0.17489722428056995,383,-0.13285492998450987,cheio,12,3
2018-11-01,0.06162261622616227,0.21403514035140353,383,-0.15241252412524126,cheio,12,3
2018-12-01,0.0891683566734267,0.24833399333597334,383,-0.15916563666254663,cheio,12,3
2019-01-01,0.13493692050463596,0.22358621131030953,383,-0.08864929080567358,cheio,12,3
2019-02-01,0.08571334285337141,0.208374833499334,383,-0.12266149064596259,cheio,12,3
2019-03-01,0.05589733538401231,0.12064772388634333,383,-0.06475038850233103,cheio,12,3
2019-04-01,0.035464354643546435,0.1762037620376204,383,-0.14073940739407395,cheio,12,3
2019-05-01,0.12676138028414086,0.2301546904640714,383,-0.10339331017993053,cheio,12,3
2019-06-01,0.05880764715411707,0.24116355301868186,383,-0.1823559058645648,cheio,12,3
2019-07-01,0.06621686756626487,0.1703776592446815,383,-0.10416079167841664,cheio,12,3
2019-08-01,0.122799,0.16021,383,-0.037410999999999986,cheio,12,3
2019-09-01,0.1173735915169018,0.11463162442050696,383,0.0027419670963948345,cheio,12,3
2019-10-01,0.055089275446377234,0.1599117995589978,383,-0.10482252411262058,cheio,12,3
2019-11-01,0.0832,0.143087,383,-0.059886999999999996,cheio,12,3
2019-12-01,0.06511558604027436,0.11453003077027694,383,-0.04941444473000259,cheio,12,3
2020-01-01,0.0422832536995222,0.11593569561417369,377,-0.07365244191465149,cheio,12,3
2020-02-01,0.06275281174156477,0.19422541732374804,377,-0.13147260558218327,cheio,12,3
2020-03-01,0.09237073896591173,0.2301358410867287,377,-0.13776510212081694,cheio,12,3
2020-04-01,0.043522695341132615,0.2857469997710016,377,-0.24222430442986898,cheio,12,3
2020-05-01,0.03313493373013254,0.2876274247451505,377,-0.254492491015018,cheio,12,3
2020-06-01,0.019351096755483778,0.2649043245216226,377,-0.24555322776613883,cheio,12,3
2020-07-01,0.1328695314781259,0.2076438305753223,377,-0.07477429909719638,cheio,12,3
2020-08-01,0.2202037797962202,0.18607081392918606,377,0.034132965867034126,cheio,12,3
2020-09-01,0.19382983702097786,0.13354419873480758,377,0.060285638286170284,cheio,12,3
2020-10-01,0.15002505017535123,0.07480152361066528,377,0.07522352656468595,cheio,12,3
2020-11-01,0.23786985917126746,0.06541441127029857,377,0.1724554479009689,cheio,12,3
2020-12-01,0.28805315221260885,0.05467221868887476,377,0.2333809335237341,cheio,12,3
2021-01-01,0.28122128122128126,0.07296907296907297,377,0.2082522082522083,cheio,12,3
2021-02-01,0.29291746458732293,0.10483952419762099,377,0.18807794038970194,cheio,12,3
2021-03-01,0.266921,0.123573,377,0.14334800000000003,cheio,12,3
2021-04-01,0.153755,0.089757,377,0.063998,cheio,12,3
2021-05-01,0.16767867071468284,0.07414529658118632,377,0.09353337413349652,cheio,12,3
2021-06-01,0.243342,0.094901,377,0.148441,cheio,12,3
2021-07-01,0.29236804657632603,0.09759968319778238,377,0.19476836337854364,cheio,12,3
2021-08-01,0.3413956827913656,0.10636121272242545,377,0.23503447006894018,cheio,12,3
2021-09-01,0.3230130309609071,0.07291278126165622,377,0.2501002496992509,cheio,12,3
2021-10-01,0.3768976231023769,0.08537891462108538,377,0.2915187084812915,cheio,12,3
2021-11-01,0.3406745271839835,0.08619436230711616,377,0.2544801648768673,cheio,12,3
2021-12-01,0.24655898623594494,0.0702182808731235,377,0.17634070536282143,cheio,12,3
2022-01-01,0.1441575766303065,0.11252645010580042,377,0.03163112652450609,cheio,12,3
2022-02-01,0.16489932979865962,0.11278222556445112,377,0.0521171042342085,cheio,12,3
2022-03-01,0.19612076508688578,0.10965098685888174,377,0.08646977822800404,cheio,12,3
2022-04-01,0.18800275201100805,0.11824747298989197,377,0.06975527902111608,cheio,12,3
2022-05-01,0.21401214012140124,0.16718167181671817,377,0.04683046830468307,cheio,12,3
2022-06-01,0.21630929785578715,0.028876173257039544,377,0.1874331245987476,cheio,12,3
2022-07-01,0.24285924285924287,0.13552413552413553,377,0.10733510733510734,cheio,12,3
2022-08-01,0.23369533695336955,0.13266132661326613,377,0.10103401034010343,cheio,12,3
2022-09-01,0.16046432092864188,0.19923939847879696,377,-0.03877507755015508,cheio,12,3
2022-10-01,0.1471860303022121,0.1980243861707032,377,-0.050838355868491086,cheio,12,3
2022-11-01,0.14213371573256856,0.2281715436569127,377,-0.08603782792434414,cheio,12,3
2022-12-01,0.07676953938276371,0.22567064597612413,377,-0.14890110659336042,cheio,12,3
2023-01-01,0.10537789462210537,0.144028855971144,377,-0.03865096134903864,cheio,12,3
2023-02-01,0.1577218959467284,0.1201671588298882,377,0.037554737116840195,cheio,12,3
2023-03-01,0.13167160498518504,0.09505071484785546,377,0.03662089013732958,cheio,12,3
2023-04-01,0.06986013972027945,0.12651925303850609,377,-0.05665911331822664,cheio,12,3
2023-05-01,0.1002874011496046,0.16006964027856113,377,-0.05978223912895653,cheio,12,3
2023-06-01,0.08633,0.201505,377,-0.11517499999999999,cheio,12,3
2023-07-01,0.06739,0.130204,377,-0.06281399999999998,cheio,12,3
2023-08-01,0.08301700000000001,0.171164,377,-0.088147,cheio,12,3
2023-09-01,0.18294718294718296,0.1977901977901978,377,-0.01484301484301484,cheio,12,3
2023-10-01,0.06979534897674489,0.11048655243276216,377,-0.040691203456017275,cheio,12,3
2023-11-01,0.07935376193871418,0.11164066507800477,377,-0.032286903139290585,cheio,12,3
2023-12-01,0.08756747459515242,0.16133803197180815,377,-0.07377055737665573,cheio,12,3
2024-01-01,0.07521284957430084,0.13186773626452747,377,-0.05665488669022663,cheio,12,3
2024-02-01,0.12324712324712325,0.09477409477409478,377,0.028473028473028475,cheio,12,3
2024-03-01,0.14770688624131745,0.0760084560507363,377,0.07169843019058114,cheio,12,3
2024-04-01,0.13969272061455876,0.12626974746050507,377,0.013422973154053691,cheio,12,3
2024-05-01,0.13684141052423157,0.1461224383673151,377,-0.009281027843083517,cheio,12,3
2024-06-01,0.15624678123390617,0.08315041575207877,377,0.07309636548182741,cheio,12,3
2024-07-01,0.16606383393616606,0.0816989183010817,377,0.08436491563508436,cheio,12,3
2024-08-01,0.15791042119379076,0.07670069030621275,377,0.081209730887578,cheio,12,3
2024-09-01,0.15549915549915552,0.06358306358306359,377,0.09191609191609193,cheio,12,3
2024-10-01,0.13814486185513813,0.16166183833816167,377,-0.023516976483023533,cheio,12,3
2024-11-01,0.14921855234434298,0.1779084662746012,377,-0.028689913930258215,cheio,12,3
2024-12-01,0.16517482587412938,0.11644958224791126,377,0.04872524362621812,cheio,12,3
2025-01-01,0.1769336461327077,0.16368767262465472,377,0.013245973508052983,cheio,12,3
2025-02-01,0.13472413472413472,0.11085711085711086,377,0.023867023867023857,cheio,12,3
2025-03-01,0.0788910788910789,0.0631960631960632,377,0.01569501569501569,cheio,12,3
2025-04-01,0.10459773218412528,0.09385965701759912,377,0.010738075166526168,cheio,12,3
2025-05-01,0.12614250457001827,0.1535316141264565,377,-0.027389109556438224,cheio,12,3
2025-06-01,0.08410684106841068,0.19089990899908998,377,-0.1067930679306793,cheio,12,3
2025-07-01,0.049602148806446415,0.23861571584714752,377,-0.1890135670407011,cheio,12,3
2025-08-01,0.055452831792476884,0.14694420416306242,377,-0.09149137237058554,cheio,12,3
2025-09-01,0.042874042874042874,0.11622711622711623,377,-0.07335307335307337,cheio,12,3
2025-10-01,0.09725509725509726,0.19453519453519455,377,-0.09728009728009729,cheio,12,3
2025-11-01,0.06681240087440525,0.18271409628457772,377,-0.11590169541017246,cheio,12,3
2025-12-01,0.05338478646085416,0.21458614165543338,377,-0.16120135519457923,cheio,12,3
2026-01-01,0.07980252118487288,0.18513488919066484,377,-0.10533236800579196,cheio,12,3
2026-02-01,0.08705760940326582,0.11556780897466282,377,-0.028510199571397,cheio,12,3
2026-03-01,0.17304438435507483,0.09573176585412684,377,0.07731261850094799,cheio,12,3
2026-04-01,0.19479802600986995,0.11091844540777296,377,0.08387958060209699,cheio,12,3
2026-05-01,0.15753463013852056,0.11511046044184177,377,0.042424169696678796,cheio,12,3
2026-06-01,0.086492,0.144544,377,-0.058052000000000006,cheio,12,3
2026-07-01,0.07646515293030585,0.1384462768925538,377,-0.06198112396224793,cheio,12,3
2009-07-01,0.0,0.0,384,0.0,cheio,12,4
2009-08-01,0.0,0.0,384,0.0,cheio,12,4
2009-09-01,0.0,0.0,384,0.0,cheio,12,4
2009-10-01,0.027566192963350743,0.07901555310887176,384,-0.05144936014552102,cheio,12,4
2009-11-01,0.019906880558716648,0.13472319166085003,384,-0.11481631110213339,cheio,12,4
2009-12-01,0.0388260776521553,0.15440730881461764,384,-0.11558123116246234,cheio,12,4
2010-01-01,0.043480739115565305,0.06231862608824347,384,-0.018837886972678165,cheio,12,4
2010-02-01,0.05272831636989822,0.0928805572833437,384,-0.04015224091344548,cheio,12,4
2010-03-01,0.06513873944504221,0.08967564129743481,384,-0.0245369018523926,cheio,12,4
2010-04-01,0.09008764868526971,0.08518372224416633,384,0.004903926441103379,cheio,12,4
2010-05-01,0.061916628500229,0.06262062427625434,384,-0.0007039957760253401,cheio,12,4
2010-06-01,0.05598933593601562,0.11097666585999517,384,-0.054987329923979554,cheio,12,4
2010-07-01,0.05035838981823267,0.15387135928391965,384,-0.10351296946568697,cheio,12,4
2010-08-01,0.024637950724098554,0.08110283779432441,384,-0.05646488707022586,cheio,12,4
2010-09-01,0.024392756072439275,0.0864891351086489,384,-0.062096379036209626,cheio,12,4
2010-10-01,0.018634888190670856,0.08545648726107644,384,-0.06682159907040558,cheio,12,4
2010-11-01,0.03552992894014212,0.11671776656446686,384,-0.08118783762432474,cheio,12,4
2010-12-01,0.14137483787289234,0.15534701951125365,384,-0.013972181638361308,cheio,12,4
2011-01-01,0.09803190196809802,0.09671190328809671,384,0.001319998680001308,cheio,12,4
2011-02-01,0.060314723776685314,0.05427165125981512,384,0.006043072516870196,cheio,12,4
2011-03-01,0.06490558415025735,0.04485140366263296,384,0.02005418048762439,cheio,12,4
2011-04-01,0.09596280807438387,0.04750690498619003,384,0.04845590308819384,cheio,12,4
2011-05-01,0.028614799696402127,0.07078250452246834,384,-0.042167704826066216,cheio,12,4
2011-06-01,0.03390723735066145,0.04662032634228439,384,-0.012713088991622941,cheio,12,4
2011-07-01,0.02722527225272253,0.07328773287732877,384,-0.04606246062460624,cheio,12,4
2011-08-01,0.01863911183467101,0.06290437742626456,384,-0.04426526559159355,cheio,12,4
2011-09-01,0.03277619665717994,0.05637933827602966,384,-0.023603141618849716,cheio,12,4
2011-10-01,0.034324274594196756,0.07238657909263274,384,-0.038062304498435985,cheio,12,4
2011-11-01,0.027965223721789775,0.08216665733325866,384,-0.05420143361146888,cheio,12,4
2011-12-01,0.027139,0.093771,384,-0.066632,cheio,12,4
2012-01-01,0.03211325690605525,0.08795570364562916,365,-0.055842446739573906,cheio,12,4
2012-02-01,0.00866593067255462,0.07129542963656291,365,-0.06262949896400828,cheio,12,4
2012-03-01,0.023127161890133228,0.07712353986477904,365,-0.05399637797464582,cheio,12,4
2012-04-01,0.026694106776427105,0.04407617630470522,365,-0.017382069528278116,cheio,12,4
2012-05-01,0.13541272917454164,0.07524784950430098,365,0.06016487967024066,cheio,12,4
2012-06-01,0.13277020337877973,0.1090473457159257,365,0.023722857662854036,cheio,12,4
2012-07-01,0.053279426235409884,0.09981679853438828,365,-0.0465373722989784,cheio,12,4
2012-08-01,0.04125795874204125,0.07962792037207964,365,-0.038369961630038384,cheio,12,4
2012-09-01,0.04985180059279763,0.044149823400706396,365,0.005701977192091236,cheio,12,4
2012-10-01,0.09358262566949732,0.0938376246495014,365,-0.00025499898000408416,cheio,12,4
2012-11-01,0.10493262959577758,0.08984653907923448,365,0.015086090516543096,cheio,12,4
2012-12-01,0.04562945629456294,0.06246662466624666,365,-0.016837168371683718,cheio,12,4
2013-01-01,0.05013205013205013,0.052922052922052924,365,-0.002790002790002792,cheio,12,4
2013-02-01,0.06088887822224355,0.04995590008819982,365,0.01093297813404373,cheio,12,4
2013-03-01,0.0584029415970584,0.0832019167980832,365,-0.024798975201024795,cheio,12,4
2013-04-01,0.05715634293805763,0.07094642567855407,365,-0.013790082740496437,cheio,12,4
2013-05-01,0.13231067689323106,0.07882921170788292,365,0.053481465185348145,cheio,12,4
2013-06-01,0.05587160889873771,0.09689232175374773,365,-0.04102071285501002,cheio,12,4
2013-07-01,0.057231885536228926,0.12356975286049426,365,-0.06633786732426533,cheio,12,4
2013-08-01,0.05194710389420779,0.09370218740437482,365,-0.041755083510167025,cheio,12,4
2013-09-01,0.05442794557205443,0.13711186288813712,365,-0.08268391731608268,cheio,12,4
2013-10-01,0.03194787220851117,0.07267770928916285,365,-0.040729837080651685,cheio,12,4
2013-11-01,0.0263,0.042874,365,-0.016574000000000002,cheio,12,4
2013-12-01,0.023045138270829626,0.10995365972195834,365,-0.0869085214511287,cheio,12,4
2014-01-01,0.03751722510335062,0.08122148732892398,373,-0.04370426222557336,cheio,12,4
2014-02-01,0.06976220928662785,0.03692811078433235,373,0.0328340985022955,cheio,12,4
2014-03-01,0.07913060434697826,0.014036929815350924,373,0.06509367453162733,cheio,12,4
2014-04-01,0.04785747857478575,0.054870548705487056,373,-0.007013070130701307,cheio,12,4
2014-05-01,0.08220649323895943,0.021585129510777068,373,0.06062136372818236,cheio,12,4
2014-06-01,0.08651700000000001,0.047686,373,0.03883100000000001,cheio,12,4
2014-07-01,0.039126039126039125,0.0859070859070859,373,-0.046781046781046776,cheio,12,4
2014-08-01,0.05175679297282811,0.051070795716817136,373,0.000685997256010977,cheio,12,4
2014-09-01,0.03003272970543265,0.03159371565655909,373,-0.0015609859511264423,cheio,12,4
2014-10-01,0.05625045000360003,0.06699453595628765,373,-0.010744085952687624,cheio,12,4
2014-11-01,0.08556377007393066,0.10257892321030888,373,-0.01701515313637822,cheio,12,4
2014-12-01,0.1101563304689914,0.13595940787822364,373,-0.02580307740923224,cheio,12,4
2015-01-01,0.07806915613831228,0.0470980941961884,373,0.03097106194212388,cheio,12,4
2015-02-01,0.10246812714939865,0.04429748727236,373,0.05817063987703865,cheio,12,4
2015-03-01,0.10157779684440632,0.03401193197613605,373,0.06756586486827026,cheio,12,4
2015-04-01,0.12721461835614495,0.02099093702718892,373,0.10622368132895603,cheio,12,4
2015-05-01,0.17298203789222738,0.027773166638999838,373,0.14520887125322754,cheio,12,4
2015-06-01,0.158414,0.011481,373,0.146933,cheio,12,4
2015-07-01,0.1579244213197919,0.07796070164631481,373,0.07996371967347708,cheio,12,4
2015-08-01,0.1048287903424193,0.0990268019463961,373,0.005801988396023208,cheio,12,4
2015-09-01,0.072390579124633,0.06981155849246792,373,0.0025790206321650716,cheio,12,4
2015-10-01,0.049237147711443136,0.04110912332736998,373,0.008128024384073153,cheio,12,4
2015-11-01,0.05335132010792065,0.0903995423972544,373,-0.03704822228933374,cheio,12,4
2015-12-01,0.07353870584517662,0.0786186855252579,373,-0.005079979680081281,cheio,12,4
2016-01-01,0.08571474285577144,0.03461789614631156,373,0.051096846709459874,cheio,12,4
2016-02-01,0.065433,0.096059,373,-0.030626,cheio,12,4
2016-03-01,0.07372633646297183,0.09904110863002233,373,-0.025314772167050498,cheio,12,4
2016-04-01,0.09767529302587907,0.12184736554209662,373,-0.024172072516217544,cheio,12,4
2016-05-01,0.09346981306037389,0.19268661462677075,373,-0.09921680156639687,cheio,12,4
2016-06-01,0.055135385947701634,0.10995576969038783,373,-0.05482038374268619,cheio,12,4
2016-07-01,0.042314084628169255,0.11328722657445314,373,-0.07097314194628389,cheio,12,4
2016-08-01,0.06771586456827086,0.15586568826862346,373,-0.0881498237003526,cheio,12,4
2016-09-01,0.09432084888763999,0.1445643010787097,373,-0.050243452191069723,cheio,12,4
2016-10-01,0.08861417722835446,0.10010820021640045,373,-0.011494022988045985,cheio,12,4
2016-11-01,0.1113941113941114,0.10942910942910944,373,0.0019650019650019612,cheio,12,4
2016-12-01,0.10115900000000001,0.145622,373,-0.04446299999999999,cheio,12,4
2017-01-01,0.05238689522620954,0.162248675502649,373,-0.10986178027643945,cheio,12,4
2017-02-01,0.047470000000000005,0.12387000000000001,373,-0.0764,cheio,12,4
2017-03-01,0.052840105680211365,0.07678115356230712,373,-0.023941047882095758,cheio,12,4
2017-04-01,0.05699239894679262,0.1914553401873813,373,-0.1344629412405887,cheio,12,4
2017-05-01,0.02680113400567003,0.21335806679033395,373,-0.18655693278466393,cheio,12,4
2017-06-01,0.012411024822049643,0.15523231046462094,373,-0.1428212856425713,cheio,12,4
2017-07-01,0.016103951688144935,0.14715955852132445,373,-0.13105560683317952,cheio,12,4
2017-08-01,0.010285938284370293,0.19211284732291606,373,-0.18182690903854576,cheio,12,4
2017-09-01,0.021558935323194032,0.1281976154071538,373,-0.10663868008395977,cheio,12,4
2017-10-01,0.06614247086023312,0.18646750825993394,373,-0.12032503739970082,cheio,12,4
2017-11-01,0.07341407341407342,0.23204623204623206,373,-0.15863215863215863,cheio,12,4
2017-12-01,0.10636431909295727,0.18267754803264408,373,-0.07631322893968681,cheio,12,4
2018-01-01,0.10830389169610831,0.19563580436419564,373,-0.08733191266808733,cheio,12,4
2018-02-01,0.05036925184625923,0.1810239051195256,373,-0.13065465327326636,cheio,12,4
2018-03-01,0.039585960414039584,0.12744287255712744,373,-0.08785691214308786,cheio,12,4
2018-04-01,0.04414308828617658,0.17730435460870922,373,-0.13316126632253264,cheio,12,4
2018-05-01,0.0060150060150060145,0.10636410636410637,383,-0.10034910034910036,cheio,12,4
2018-06-01,0.025371923884228348,0.09591471225586323,383,-0.07054278837163488,cheio,12,4
2018-07-01,0.03931996068003932,0.08466491533508466,383,-0.045344954655045344,cheio,12,4
2018-08-01,0.0373108880673358,0.06310581068256796,383,-0.02579492261523216,cheio,12,4
2018-09-01,0.059453,0.075649,383,-0.016195999999999995,cheio,12,4
2018-10-01,0.017639123473864315,0.09521966653766577,383,-0.07758054306380145,cheio,12,4
2018-11-01,0.02826228262282623,0.13365033650336505,383,-0.10538805388053882,cheio,12,4
2018-12-01,0.022694090776363106,0.11823647294589179,383,-0.09554238216952868,cheio,12,4
2019-01-01,0.07420340637274901,0.19296445628434972,383,-0.1187610499116007,cheio,12,4
2019-02-01,0.0728192912771651,0.14503258013032053,383,-0.07221328885315542,cheio,12,4
2019-03-01,0.017860107160642964,0.08238949433696603,383,-0.06452938717632306,cheio,12,4
2019-04-01,0.016638166381663818,0.07528675286752869,383,-0.058648586485864865,cheio,12,4
2019-05-01,0.020830062490187467,0.13479340438021314,383,-0.11396334189002567,cheio,12,4
2019-06-01,0.04223774657352056,0.1629110225338648,383,-0.12067327596034425,cheio,12,4
2019-07-01,0.03820992358015284,0.13813472373055255,383,-0.0999248001503997,cheio,12,4
2019-08-01,0.027598,0.055438,383,-0.02784,cheio,12,4
2019-09-01,0.03406559121290545,0.07977304272348731,383,-0.045707451510581865,cheio,12,4
2019-10-01,0.02702513512567563,0.06333231666158332,383,-0.03630718153590769,cheio,12,4
2019-11-01,0.027608,0.11108,383,-0.08347199999999999,cheio,12,4
2019-12-01,0.026611239501155508,0.07665768991920928,383,-0.05004645041805377,cheio,12,4
2020-01-01,0.011895071370428223,0.0530583183499101,377,-0.04116324697948188,cheio,12,4
2020-02-01,0.0147219558341325,0.07531377405867783,377,-0.060591818224545325,cheio,12,4
2020-03-01,0.049754398035184284,0.0975687805502444,377,-0.047814382515060115,cheio,12,4
2020-04-01,0.008870937903434677,0.18977667156329905,377,-0.18090573365986437,cheio,12,4
2020-05-01,0.009762980474039052,0.2263505472989054,377,-0.21658756682486635,cheio,12,4
2020-06-01,0.009593047965239826,0.17480687403437017,377,-0.16521382606913035,cheio,12,4
2020-07-01,0.013532054128216512,0.1392875571502286,377,-0.1257555030220121,cheio,12,4
2020-08-01,0.06117793882206118,0.17936582063417936,377,-0.11818788181211817,cheio,12,4
2020-09-01,0.13517918892486644,0.08498949006305961,377,0.050189698861806825,cheio,12,4
2020-10-01,0.11683881787172509,0.055135385947701634,377,0.06170343192402346,cheio,12,4
2020-11-01,0.11035000684993836,0.03496568530883222,377,0.07538432154110614,cheio,12,4
2020-12-01,0.15753363013452054,0.030061120244480977,377,0.12747250989003955,cheio,12,4
2021-01-01,0.2026702026702027,0.04435704435704436,377,0.15831315831315834,cheio,12,4
2021-02-01,0.24527922639613198,0.040218201091005455,377,0.20506102530512652,cheio,12,4
2021-03-01,0.23957,0.032876999999999997,377,0.20669300000000002,cheio,12,4
2021-04-01,0.138453,0.051485,377,0.08696799999999999,cheio,12,4
2021-05-01,0.09807339229356918,0.052829211316845266,377,0.04524418097672391,cheio,12,4
2021-06-01,0.133319,0.046317,377,0.087002,cheio,12,4
2021-07-01,0.1412999890999237,0.058039406275843926,377,0.08326058282407978,cheio,12,4
2021-08-01,0.2292724585449171,0.054208108416216844,377,0.17506435012870025,cheio,12,4
2021-09-01,0.2703621889134333,0.06779579661261018,377,0.2025663923008231,cheio,12,4
2021-10-01,0.2662257337742662,0.057582942417057574,377,0.20864279135720865,cheio,12,4
2021-11-01,0.2743487873730399,0.06974367487017746,377,0.20460511250286245,cheio,12,4
2021-12-01,0.16898567594270378,0.049950199800799205,377,0.11903547614190457,cheio,12,4
2022-01-01,0.11488345953383813,0.033929135716542866,377,0.08095432381729527,cheio,12,4
2022-02-01,0.07956615913231826,0.08058716117432235,377,-0.0010210020420040877,cheio,12,4
2022-03-01,0.11975207776869992,0.06327756949812549,377,0.05647450827057443,cheio,12,4
2022-04-01,0.11434945739782959,0.07990331961327846,377,0.034446137784551134,cheio,12,4
2022-05-01,0.14859448594485947,0.07914779147791479,377,0.06944669446694468,cheio,12,4
2022-06-01,0.17083802502815018,0.014404086424518549,377,0.15643393860363164,cheio,12,4
2022-07-01,0.14295514295514297,0.016530016530016532,377,0.12642512642512643,cheio,12,4
2022-08-01,0.1833538335383354,0.10192201922019221,377,0.08143181431814318,cheio,12,4
2022-09-01,0.126753253506507,0.10075420150840302,377,0.025999051998103997,cheio,12,4
2022-10-01,0.09904169329185303,0.12146485025395178,377,-0.022423156962098748,cheio,12,4
2022-11-01,0.10975378049243903,0.09102081795836409,377,0.018732962534074943,cheio,12,4
2022-12-01,0.06666859998840007,0.17272596364421813,377,-0.10605736365581807,cheio,12,4
2023-01-01,0.03350696649303351,0.08781491218508782,377,-0.054307945692054306,cheio,12,4
2023-02-01,0.08439740921813547,0.08482740620815656,377,-0.00042999699002108094,cheio,12,4
2023-03-01,0.05717282848151455,0.05452583642249073,377,0.0026469920590238213,cheio,12,4
2023-04-01,0.03181206362412725,0.038218076436152874,377,-0.006406012812025623,cheio,12,4
2023-05-01,0.06368325473301893,0.06645326581306325,377,-0.002770011080044321,cheio,12,4
2023-06-01,0.053514,0.113221,377,-0.059707,cheio,12,4
2023-07-01,0.052705,0.083381,377,-0.030675999999999995,cheio,12,4
2023-08-01,0.051146,0.086119,377,-0.034973000000000004,cheio,12,4
2023-09-01,0.06797606797606798,0.10425710425710426,377,-0.03628103628103628,cheio,12,4
2023-10-01,0.05938429692148461,0.049260246301231506,377,0.010124050620253101,cheio,12,4
2023-11-01,0.0356218931343206,0.056287831136506594,377,-0.020665938002185996,cheio,12,4
2023-12-01,0.04508372949762301,0.032610804335173986,377,0.012472925162449022,cheio,12,4
2024-01-01,0.04794890410219179,0.07926684146631706,377,-0.03131793736412527,cheio,12,4
2024-02-01,0.023005023005023006,0.041441041441041444,377,-0.01843601843601844,cheio,12,4
2024-03-01,0.08215649293895765,0.03291619749718499,377,0.04924029544177266,cheio,12,4
2024-04-01,0.08555782888434223,0.053371893256213485,377,0.03218593562812874,cheio,12,4
2024-05-01,0.051571154713464136,0.052128156384469146,377,-0.0005570016710050099,cheio,12,4
2024-06-01,0.09830949154745774,0.04783823919119596,377,0.050471252356261785,cheio,12,4
2024-07-01,0.11492388507611492,0.033834966165033835,377,0.08108891891108108,cheio,12,4
2024-08-01,0.09093381840436564,0.04735142616283547,377,0.04358239224153017,cheio,12,4
2024-09-01,0.09223209223209224,0.02951202951202951,377,0.06272006272006272,cheio,12,4
2024-10-01,0.0828059171940828,0.03744096255903744,377,0.045364954635045356,cheio,12,4
2024-11-01,0.10720567838296485,0.09295272114183659,377,0.014252957241128267,cheio,12,4
2024-12-01,0.08028740143700719,0.02621513107565538,377,0.05407227036135181,cheio,12,4
2025-01-01,0.10719278561442877,0.06545986908026183,377,0.04173291653416694,cheio,12,4
2025-02-01,0.08875508875508875,0.08031908031908032,377,0.008436008436008433,cheio,12,4
2025-03-01,0.04482804482804483,0.05921405921405922,377,-0.01438601438601439,cheio,12,4
2025-04-01,0.0308122156855098,0.008529059703417923,377,0.022283155982091876,cheio,12,4
2025-05-01,0.049998199992799974,0.08184232736930948,377,-0.031844127376509504,cheio,12,4
2025-06-01,0.05950659506595066,0.10969109691096912,377,-0.050184501845018464,cheio,12,4
2025-07-01,0.01708005124015372,0.11103933311799935,377,-0.09395928187784564,cheio,12,4
2025-08-01,0.036176542648139715,0.09357640364605468,377,-0.05739986099791497,cheio,12,4
2025-09-01,0.021903021903021902,0.08826508826508826,377,-0.06636206636206636,cheio,12,4
2025-10-01,0.0298020298020298,0.10778210778210778,377,-0.07798007798007799,cheio,12,4
2025-11-01,0.044159264955589736,0.14285585713514282,377,-0.09869659217955308,cheio,12,4
2025-12-01,0.020468918124327502,0.13314446742213032,377,-0.11267554929780282,cheio,12,4
2026-01-01,0.011665930004419973,0.10340837954972269,377,-0.09174244954530272,cheio,12,4
2026-02-01,0.05007135049945349,0.0816795717570023,377,-0.03160822125754881,cheio,12,4
2026-03-01,0.055651445211561686,0.07721461771694173,377,-0.021563172505380042,cheio,12,4
2026-04-01,0.10334948325258372,0.07984960075199624,377,0.023499882500587488,cheio,12,4
2026-05-01,0.13444753779015117,0.09409037636150545,377,0.04035716142864572,cheio,12,4
2026-06-01,0.056959,0.09267299999999999,377,-0.03571399999999999,cheio,12,4
2026-07-01,0.06546613093226186,0.07459014918029835,377,-0.009124018248036492,cheio,12,4
2009-07-01,0.0,0.0,225,0.0,sem_alimentacao,12,2
2009-08-01,0.1600370099577491,0.3131327117558378,225,-0.15309570179808868,sem_alimentacao,12,2
2009-09-01,0.17681137300502245,0.270502076626281,225,-0.09369070362125856,sem_alimentacao,12,2
2009-10-01,0.2987614539027252,0.30261559849710323,225,-0.0038541445943780506,sem_alimentacao,12,2
2009-11-01,0.15224955473529336,0.371965101571978,225,-0.21971554683668462,sem_alimentacao,12,2
2009-12-01,0.16089019736969531,0.4730325979585117,225,-0.31214240058881637,sem_alimentacao,12,2
2010-01-01,0.1768937364871406,0.3093755848849592,225,-0.1324818483978186,sem_alimentacao,12,2
2010-02-01,0.2856061075962453,0.30115292767646695,225,-0.01554682008022168,sem_alimentacao,12,2
2010-03-01,0.16255882505042146,0.19158219992759995,225,-0.029023374877178487,sem_alimentacao,12,2
2010-04-01,0.22585099816911564,0.32589871526895325,225,-0.10004771709983762,sem_alimentacao,12,2
2010-05-01,0.2871881540801602,0.3210826692320693,225,-0.03389451515190911,sem_alimentacao,12,2
2010-06-01,0.272732824982977,0.36601225654540065,225,-0.09327943156242363,sem_alimentacao,12,2
2010-07-01,0.07693891184787,0.44676925706118137,225,-0.3698303452133114,sem_alimentacao,12,2
2010-08-01,0.06871424230866202,0.41311293127412135,225,-0.34439868896545933,sem_alimentacao,12,2
2010-09-01,0.1408249455130814,0.28833560066094865,225,-0.14751065514786726,sem_alimentacao,12,2
2010-10-01,0.3021801652079596,0.300484596208656,225,0.0016955689993036205,sem_alimentacao,12,2
2010-11-01,0.33231215967190847,0.2901812788868991,225,0.04213088078500937,sem_alimentacao,12,2
2010-12-01,0.24770700819661443,0.41489134204891887,225,-0.16718433385230444,sem_alimentacao,12,2
2011-01-01,0.16548434010759194,0.2889458891230748,225,-0.12346154901548284,sem_alimentacao,12,2
2011-02-01,0.27942778739138907,0.10882738793602958,225,0.17060039945535949,sem_alimentacao,12,2
2011-03-01,0.3455185984594754,0.17437124841514515,225,0.17114735004433027,sem_alimentacao,12,2
2011-04-01,0.2841040839774389,0.2634400459578024,225,0.02066403801963651,sem_alimentacao,12,2
2011-05-01,0.21650381806888705,0.2514223154774021,225,-0.034918497408515076,sem_alimentacao,12,2
2011-06-01,0.25067394593550224,0.2657546693193701,225,-0.015080723383867845,sem_alimentacao,12,2
2011-07-01,0.12363765324974868,0.2811346511649132,225,-0.15749699791516453,sem_alimentacao,12,2
2011-08-01,0.08783564747007244,0.3393312112276316,225,-0.25149556375755916,sem_alimentacao,12,2
2011-09-01,0.17381399228443334,0.25767646752163487,225,-0.08386247523720153,sem_alimentacao,12,2
2011-10-01,0.1728393130233777,0.2816979633982736,225,-0.10885865037489587,sem_alimentacao,12,2
2011-11-01,0.18233349941436872,0.3808181621350891,225,-0.1984846627207204,sem_alimentacao,12,2
2011-12-01,0.143706543125681,0.32577925149004333,225,-0.18207270836436232,sem_alimentacao,12,2
2012-01-01,0.18037678712425026,0.3936375710069293,211,-0.21326078388267905,sem_alimentacao,12,2
2012-02-01,0.17685949982813753,0.22202938327413627,211,-0.04516988344599873,sem_alimentacao,12,2
2012-03-01,0.25705940896761226,0.2612667581684891,211,-0.004207349200876842,sem_alimentacao,12,2
2012-04-01,0.29026894318378454,0.26957680252822985,211,0.02069214065555469,sem_alimentacao,12,2
2012-05-01,0.3220603727451261,0.27625017882922137,211,0.04581019391590474,sem_alimentacao,12,2
2012-06-01,0.2771011866167751,0.32099324797608536,211,-0.043892061359310286,sem_alimentacao,12,2
2012-07-01,0.26484153464481275,0.3010998270433279,211,-0.036258292398515135,sem_alimentacao,12,2
2012-08-01,0.29059802265753887,0.3133469963021162,211,-0.02274897364457734,sem_alimentacao,12,2
2012-09-01,0.23558596621573896,0.24368801488035288,211,-0.00810204866461392,sem_alimentacao,12,2
2012-10-01,0.21633291343825906,0.29344898143766657,211,-0.07711606799940751,sem_alimentacao,12,2
2012-11-01,0.24141564504028912,0.29528998598124084,211,-0.053874340940951726,sem_alimentacao,12,2
2012-12-01,0.24036372097547895,0.19992033579906743,211,0.04044338517641152,sem_alimentacao,12,2
2013-01-01,0.22620081246908516,0.23719335080352352,211,-0.010992538334438362,sem_alimentacao,12,2
2013-02-01,0.2931015363655805,0.20750572275716764,211,0.08559581360841287,sem_alimentacao,12,2
2013-03-01,0.27988637281207435,0.1869765557883813,211,0.09290981702369305,sem_alimentacao,12,2
2013-04-01,0.1879452192899838,0.25250251378936167,211,-0.06455729449937786,sem_alimentacao,12,2
2013-05-01,0.2629132114768753,0.2987781147182783,211,-0.03586490324140301,sem_alimentacao,12,2
2013-06-01,0.2086873832930033,0.2437811606021085,211,-0.035093777309105206,sem_alimentacao,12,2
2013-07-01,0.1747025448754106,0.2844911908158864,211,-0.10978864594047583,sem_alimentacao,12,2
2013-08-01,0.1846279271695687,0.29476837828343416,211,-0.11014045111386547,sem_alimentacao,12,2
2013-09-01,0.1693009134645953,0.32933206875357646,211,-0.16003115528898115,sem_alimentacao,12,2
2013-10-01,0.18037469901367825,0.31369426540805073,211,-0.13331956639437248,sem_alimentacao,12,2
2013-11-01,0.1781389614349538,0.2722024101496732,211,-0.09406344871471942,sem_alimentacao,12,2
2013-12-01,0.23428246421369564,0.3091735176707514,211,-0.07489105345705577,sem_alimentacao,12,2
2014-01-01,0.181880120730267,0.2061308918636973,212,-0.0242507711334303,sem_alimentacao,12,2
2014-02-01,0.2971366857412761,0.15399485476451724,212,0.14314183097675887,sem_alimentacao,12,2
2014-03-01,0.3217770963694671,0.1391483221351894,212,0.1826287742342777,sem_alimentacao,12,2
2014-04-01,0.19774268408222356,0.3257885436293765,212,-0.12804585954715292,sem_alimentacao,12,2
2014-05-01,0.232578195186061,0.2238636272756112,212,0.008714567910449778,sem_alimentacao,12,2
2014-06-01,0.33323733026123503,0.21946968969673694,212,0.11376764056449809,sem_alimentacao,12,2
2014-07-01,0.2240092963944525,0.30408021734182217,212,-0.08007092094736967,sem_alimentacao,12,2
2014-08-01,0.19116502516467127,0.20085704896833495,212,-0.009692023803663685,sem_alimentacao,12,2
2014-09-01,0.22300653803178802,0.2418248030685304,212,-0.018818265036742388,sem_alimentacao,12,2
2014-10-01,0.25394672814441954,0.40224585251189265,212,-0.1482991243674731,sem_alimentacao,12,2
2014-11-01,0.2432728210801783,0.28661452294075723,212,-0.043341701860578924,sem_alimentacao,12,2
2014-12-01,0.25239817727880076,0.2574447301318598,212,-0.00504655285305905,sem_alimentacao,12,2
2015-01-01,0.24534050203084973,0.16314071011135373,212,0.082199791919496,sem_alimentacao,12,2
2015-02-01,0.4054044324985901,0.13159771802184117,212,0.2738067144767489,sem_alimentacao,12,2
2015-03-01,0.42107358405907286,0.1562977233904028,212,0.2647758606686701,sem_alimentacao,12,2
2015-04-01,0.3374651651180061,0.14742840716420771,212,0.1900367579537984,sem_alimentacao,12,2
2015-05-01,0.28920157652107775,0.27835666724829405,212,0.010844909272783698,sem_alimentacao,12,2
2015-06-01,0.28951656925801705,0.21369130956464408,212,0.07582525969337298,sem_alimentacao,12,2
2015-07-01,0.41713565392542007,0.24308190991976417,212,0.1740537440056559,sem_alimentacao,12,2
2015-08-01,0.2433474888896894,0.28167555891766693,212,-0.03832807002797753,sem_alimentacao,12,2
2015-09-01,0.18474943907254662,0.24929575774866453,212,-0.0645463186761179,sem_alimentacao,12,2
2015-10-01,0.20610481648657397,0.2015950624453096,212,0.0045097540412643855,sem_alimentacao,12,2
2015-11-01,0.2336775159196653,0.29472487143089227,212,-0.061047355511226975,sem_alimentacao,12,2
2015-12-01,0.24096020380097358,0.2967905085144052,212,-0.05583030471343162,sem_alimentacao,12,2
2016-01-01,0.24841704005885104,0.19724871263291646,212,0.05116832742593458,sem_alimentacao,12,2
2016-02-01,0.30350512032873167,0.27634342368891807,212,0.027161696639813604,sem_alimentacao,12,2
2016-03-01,0.21896062814515652,0.32348857942309034,212,-0.10452795127793382,sem_alimentacao,12,2
2016-04-01,0.18167460597427287,0.34936947805223517,212,-0.1676948720779623,sem_alimentacao,12,2
2016-05-01,0.26857397155899587,0.33331265550513467,212,-0.0647386839461388,sem_alimentacao,12,2
2016-06-01,0.20332820886263722,0.20451357984734472,212,-0.0011853709847075011,sem_alimentacao,12,2
2016-07-01,0.26366685389617406,0.34445008533344856,212,-0.0807832314372745,sem_alimentacao,12,2
2016-08-01,0.30559079542208184,0.23099992011795462,212,0.07459087530412722,sem_alimentacao,12,2
2016-09-01,0.24883036384920929,0.2153944011747112,212,0.03343596267449808,sem_alimentacao,12,2
2016-10-01,0.27742172654364206,0.4072571380688898,212,-0.12983541152524775,sem_alimentacao,12,2
2016-11-01,0.2592237584090139,0.3316732435741836,212,-0.07244948516516969,sem_alimentacao,12,2
2016-12-01,0.26344060650757933,0.3247789841833977,212,-0.061338377675818345,sem_alimentacao,12,2
2017-01-01,0.19890337139200429,0.35093193223535746,212,-0.15202856084335317,sem_alimentacao,12,2
2017-02-01,0.15098868857825248,0.3758121202079351,212,-0.2248234316296826,sem_alimentacao,12,2
2017-03-01,0.16770266439718903,0.30962114322024903,212,-0.14191847882306,sem_alimentacao,12,2
2017-04-01,0.133772855180866,0.40233450067325865,212,-0.26856164549239264,sem_alimentacao,12,2
2017-05-01,0.08671566602019104,0.43387038814109774,212,-0.3471547221209067,sem_alimentacao,12,2
2017-06-01,0.10288848901541602,0.37319251222001393,212,-0.2703040232045979,sem_alimentacao,12,2
2017-07-01,0.18160828249789707,0.35563652853112315,212,-0.17402824603322609,sem_alimentacao,12,2
2017-08-01,0.23527908047453852,0.3424531029166131,212,-0.10717402244207455,sem_alimentacao,12,2
2017-09-01,0.17017794286795762,0.2888189610247675,212,-0.11864101815680989,sem_alimentacao,12,2
2017-10-01,0.3200839658709065,0.3147616045037207,212,0.0053223613671857795,sem_alimentacao,12,2
2017-11-01,0.26483585229695217,0.2609362070637239,212,0.003899645233228277,sem_alimentacao,12,2
2017-12-01,0.26746667302854626,0.31877788292551035,212,-0.05131120989696408,sem_alimentacao,12,2
2018-01-01,0.2398864508738271,0.4067137710799763,212,-0.1668273202061492,sem_alimentacao,12,2
2018-02-01,0.12469260390386402,0.42216969857920594,212,-0.2974770946753419,sem_alimentacao,12,2
2018-03-01,0.23344220589501857,0.35044156325981674,212,-0.11699935736479816,sem_alimentacao,12,2
2018-04-01,0.16295693674666467,0.3229154382975566,212,-0.15995850155089192,sem_alimentacao,12,2
2018-05-01,0.10168809384800934,0.3311687709919521,213,-0.22948067714394274,sem_alimentacao,12,2
2018-06-01,0.3010963733916372,0.2891095870468063,213,0.011986786344830913,sem_alimentacao,12,2
2018-07-01,0.24939230536522713,0.25831533248061483,213,-0.0089230271153877,sem_alimentacao,12,2
2018-08-01,0.18511113319420983,0.309001291861274,213,-0.12389015866706418,sem_alimentacao,12,2
2018-09-01,0.22247567654873762,0.26845623367459204,213,-0.045980557125854415,sem_alimentacao,12,2
2018-10-01,0.139226713671953,0.2895982291031661,213,-0.15037151543121313,sem_alimentacao,12,2
2018-11-01,0.1938758771047869,0.3914612592208452,213,-0.19758538211605828,sem_alimentacao,12,2
2018-12-01,0.3132604220653127,0.352055119540105,213,-0.038794697474792306,sem_alimentacao,12,2
2019-01-01,0.22773899453673707,0.347597782854535,213,-0.11985878831779795,sem_alimentacao,12,2
2019-02-01,0.20372009804703492,0.45710043440578924,213,-0.25338033635875434,sem_alimentacao,12,2
2019-03-01,0.12888982338099242,0.24973517794977163,213,-0.1208453545687792,sem_alimentacao,12,2
2019-04-01,0.19177673029355485,0.3149017594623606,213,-0.12312502916880574,sem_alimentacao,12,2
2019-05-01,0.1459629151508039,0.44250301394415936,213,-0.29654009879335547,sem_alimentacao,12,2
2019-06-01,0.09317920551794609,0.3575608315238217,213,-0.26438162600587556,sem_alimentacao,12,2
2019-07-01,0.24842232606369188,0.3613980045598665,213,-0.1129756784961746,sem_alimentacao,12,2
2019-08-01,0.2441414424601092,0.2783288179778028,213,-0.0341873755176936,sem_alimentacao,12,2
2019-09-01,0.2079172979613714,0.24242910704193213,213,-0.03451180908056073,sem_alimentacao,12,2
2019-10-01,0.20730259514149657,0.26884081206490373,213,-0.06153821692340716,sem_alimentacao,12,2
2019-11-01,0.1717942909226279,0.30733685464202015,213,-0.13554256371939225,sem_alimentacao,12,2
2019-12-01,0.11084287835401421,0.22450418920352105,213,-0.11366131084950684,sem_alimentacao,12,2
2020-01-01,0.15672426448707522,0.3174571488086972,209,-0.16073288432162197,sem_alimentacao,12,2
2020-02-01,0.18038742872311261,0.5335883610130155,209,-0.3532009322899029,sem_alimentacao,12,2
2020-03-01,0.1352522642276826,0.3843830289563225,209,-0.24913076472863988,sem_alimentacao,12,2
2020-04-01,0.08904461243360098,0.38545431038876604,209,-0.29640969795516503,sem_alimentacao,12,2
2020-05-01,0.030231125539015944,0.4534868755630694,209,-0.4232557500240534,sem_alimentacao,12,2
2020-06-01,0.26990588942006855,0.40431006432558253,209,-0.13440417490551398,sem_alimentacao,12,2
2020-07-01,0.3627226135006497,0.2128326527342058,209,0.14988996076644392,sem_alimentacao,12,2
2020-08-01,0.3587129858353397,0.281788561958663,209,0.07692442387667675,sem_alimentacao,12,2
2020-09-01,0.2438202373840414,0.3173712165900811,209,-0.0735509792060397,sem_alimentacao,12,2
2020-10-01,0.25196782067711393,0.2096183327066322,209,0.04234948797048174,sem_alimentacao,12,2
2020-11-01,0.4390397683782315,0.15519087232682277,209,0.28384889605140873,sem_alimentacao,12,2
2020-12-01,0.4481301368995606,0.12179121867203628,209,0.3263389182275243,sem_alimentacao,12,2
2021-01-01,0.3449558403890255,0.18906043407877107,209,0.15589540631025442,sem_alimentacao,12,2
2021-02-01,0.3359586187272617,0.25406876892746083,209,0.08188984979980085,sem_alimentacao,12,2
2021-03-01,0.3500121755717446,0.19707431157288094,209,0.15293786399886364,sem_alimentacao,12,2
2021-04-01,0.26868558005791465,0.1885643845047891,209,0.08012119555312555,sem_alimentacao,12,2
2021-05-01,0.3633525708621696,0.18406631314173447,209,0.17928625772043513,sem_alimentacao,12,2
2021-06-01,0.42908322953089734,0.13235031899489735,209,0.296732910536,sem_alimentacao,12,2
2021-07-01,0.4771665887052933,0.20919354226981376,209,0.2679730464354796,sem_alimentacao,12,2
2021-08-01,0.4951163721838462,0.14631053380773928,209,0.3488058383761069,sem_alimentacao,12,2
2021-09-01,0.5164293239939339,0.10524278770447329,209,0.41118653628946067,sem_alimentacao,12,2
2021-10-01,0.5622148889900369,0.09711854549132656,209,0.4650963434987103,sem_alimentacao,12,2
2021-11-01,0.48734307626768336,0.12923904235913683,209,0.3581040339085465,sem_alimentacao,12,2
2021-12-01,0.3398324757054467,0.177301378551191,209,0.16253109715425573,sem_alimentacao,12,2
2022-01-01,0.281399771968237,0.14796587595475688,209,0.13343389601348013,sem_alimentacao,12,2
2022-02-01,0.2888061699827208,0.13951173670967937,209,0.14929443327304143,sem_alimentacao,12,2
2022-03-01,0.275078558120369,0.17134139096537374,209,0.10373716715499529,sem_alimentacao,12,2
2022-04-01,0.3816525963127862,0.24195899858768694,209,0.13969359772509926,sem_alimentacao,12,2
2022-05-01,0.31314461630684787,0.1852240384969526,209,0.12792057780989527,sem_alimentacao,12,2
2022-06-01,0.37713268968460195,0.20921758832389703,209,0.16791510136070492,sem_alimentacao,12,2
2022-07-01,0.34795937553994855,0.2377095000457368,209,0.11024987549421175,sem_alimentacao,12,2
2022-08-01,0.27167655162811255,0.34447312921303097,209,-0.07279657758491842,sem_alimentacao,12,2
2022-09-01,0.25700334235889666,0.32660681472685305,209,-0.06960347236795639,sem_alimentacao,12,2
2022-10-01,0.32162825077241014,0.3805462627626706,209,-0.05891801199026048,sem_alimentacao,12,2
2022-11-01,0.1841867593180097,0.2948605112880447,209,-0.11067375197003498,sem_alimentacao,12,2
2022-12-01,0.19488083172087595,0.312382904880371,209,-0.11750207315949507,sem_alimentacao,12,2
2023-01-01,0.2525698913171461,0.17893380226170913,209,0.07363608905543695,sem_alimentacao,12,2
2023-02-01,0.3903244223019851,0.17338236875387222,209,0.21694205354811288,sem_alimentacao,12,2
2023-03-01,0.21796914428083178,0.2509304628357875,209,-0.03296131855495574,sem_alimentacao,12,2
2023-04-01,0.18673596275866466,0.27457194783662275,209,-0.08783598507795809,sem_alimentacao,12,2
2023-05-01,0.18068077582060646,0.2944283343178017,209,-0.11374755849719523,sem_alimentacao,12,2
2023-06-01,0.12924678955719612,0.37652486466905777,209,-0.24727807511186164,sem_alimentacao,12,2
2023-07-01,0.16587882924642672,0.21892159659328234,209,-0.05304276734685562,sem_alimentacao,12,2
2023-08-01,0.30003292915654317,0.2903779478905633,209,0.009654981265979856,sem_alimentacao,12,2
2023-09-01,0.33848884156351217,0.19607410646942125,209,0.14241473509409092,sem_alimentacao,12,2
2023-10-01,0.18840412955107255,0.13703509359767854,209,0.05136903595339401,sem_alimentacao,12,2
2023-11-01,0.21051340290670323,0.49844193422736627,209,-0.28792853132066304,sem_alimentacao,12,2
2023-12-01,0.1567250618066922,0.25341060277506666,209,-0.09668554096837445,sem_alimentacao,12,2
2024-01-01,0.2246860115897125,0.1425083322451867,209,0.0821776793445258,sem_alimentacao,12,2
2024-02-01,0.27368081247640846,0.18429544411809934,209,0.08938536835830913,sem_alimentacao,12,2
2024-03-01,0.2331676767522665,0.21645072829142337,209,0.016716948460843123,sem_alimentacao,12,2
2024-04-01,0.2903306265756015,0.274915978524098,209,0.015414648051503499,sem_alimentacao,12,2
2024-05-01,0.18533000483990117,0.2526683139312734,209,-0.06733830909137226,sem_alimentacao,12,2
2024-06-01,0.19725788263177008,0.29257321975802597,209,-0.0953153371262559,sem_alimentacao,12,2
2024-07-01,0.3440871731707379,0.1936175692802807,209,0.1504696038904572,sem_alimentacao,12,2
2024-08-01,0.29337769038473266,0.1683268804747678,209,0.12505080990996487,sem_alimentacao,12,2
2024-09-01,0.24130029309885426,0.2191465874919112,209,0.022153705606943047,sem_alimentacao,12,2
2024-10-01,0.2605540771535495,0.2839572443601819,209,-0.02340316720663238,sem_alimentacao,12,2
2024-11-01,0.21834320278547284,0.3209342516583221,209,-0.10259104887284928,sem_alimentacao,12,2
2024-12-01,0.23869072886431167,0.2694415443861883,209,-0.030750815521876612,sem_alimentacao,12,2
2025-01-01,0.3066449573795613,0.21593333971841777,209,0.09071161766114355,sem_alimentacao,12,2
2025-02-01,0.20112116519268428,0.16210692025136628,209,0.039014244941318,sem_alimentacao,12,2
2025-03-01,0.17630892009061533,0.22969555956757118,209,-0.05338663947695585,sem_alimentacao,12,2
2025-04-01,0.2678711986146645,0.22450651263811439,209,0.04336468597655013,sem_alimentacao,12,2
2025-05-01,0.18962581438702364,0.31354589074881967,209,-0.12392007636179603,sem_alimentacao,12,2
2025-06-01,0.15936426446966961,0.41428611685380595,209,-0.25492185238413634,sem_alimentacao,12,2
2025-07-01,0.17501803927187867,0.32917833035664024,209,-0.15416029108476156,sem_alimentacao,12,2
2025-08-01,0.11581464750730741,0.2678418126443595,209,-0.1520271651370521,sem_alimentacao,12,2
2025-09-01,0.24530965228888968,0.20652972978492043,209,0.03877992250396925,sem_alimentacao,12,2
2025-10-01,0.2168476585685209,0.2378852605595592,209,-0.021037601991038296,sem_alimentacao,12,2
2025-11-01,0.164857540896345,0.3693481798802462,209,-0.2044906389839012,sem_alimentacao,12,2
2025-12-01,0.18566733785259534,0.37653530599205265,209,-0.1908679681394573,sem_alimentacao,12,2
2026-01-01,0.2671927674504728,0.2768124961026036,209,-0.009619728652130788,sem_alimentacao,12,2
2026-02-01,0.25860864675190176,0.192544876924819,209,0.06606376982708276,sem_alimentacao,12,2
2026-03-01,0.2788653747666485,0.20643713392883242,209,0.0724282408378161,sem_alimentacao,12,2
2026-04-01,0.3195798720519431,0.16460613004869665,209,0.15497374200324646,sem_alimentacao,12,2
2026-05-01,0.2022646312704306,0.2519395911266656,209,-0.04967495985623499,sem_alimentacao,12,2
2026-06-01,0.14167334424750375,0.2912831051453796,209,-0.14960976089787584,sem_alimentacao,12,2
2026-07-01,0.2168055619386103,0.3389261659287855,209,-0.12212060399017519,sem_alimentacao,12,2
2009-07-01,0.0,0.0,225,0.0,sem_alimentacao,12,3
2009-08-01,0.0,0.0,225,0.0,sem_alimentacao,12,3
2009-09-01,0.05506713627350675,0.1359061683108511,225,-0.08083903203734434,sem_alimentacao,12,3
2009-10-01,0.1160158248618813,0.1659142708004941,225,-0.049898445938612784,sem_alimentacao,12,3
2009-11-01,0.08929815957254589,0.21762602927131464,225,-0.12832786969876875,sem_alimentacao,12,3
2009-12-01,0.06875980553564856,0.23810649053826338,225,-0.16934668500261482,sem_alimentacao,12,3
2010-01-01,0.11051921649617608,0.2153577075736552,225,-0.10483849107747911,sem_alimentacao,12,3
2010-02-01,0.06891592234214117,0.1732027664061531,225,-0.10428684406401192,sem_alimentacao,12,3
2010-03-01,0.12752495216424473,0.1514169726431194,225,-0.023892020478874676,sem_alimentacao,12,3
2010-04-01,0.11794292619928112,0.12099137461554021,225,-0.003048448416259092,sem_alimentacao,12,3
2010-05-01,0.13911805618751708,0.17699847895893192,225,-0.037880422771414846,sem_alimentacao,12,3
2010-06-01,0.11854751100646094,0.27399720355325463,225,-0.1554496925467937,sem_alimentacao,12,3
2010-07-01,0.05028534733658557,0.26649421537250517,225,-0.2162088680359196,sem_alimentacao,12,3
2010-08-01,0.044589396652595245,0.19767013388326105,225,-0.1530807372306658,sem_alimentacao,12,3
2010-09-01,0.041231772559263816,0.17337886075507825,225,-0.13214708819581444,sem_alimentacao,12,3
2010-10-01,0.07053696469851231,0.19135078604507885,225,-0.12081382134656654,sem_alimentacao,12,3
2010-11-01,0.22210592068610402,0.22686937764681592,225,-0.004763456960711898,sem_alimentacao,12,3
2010-12-01,0.1560668768630151,0.2512394021661177,225,-0.09517252530310258,sem_alimentacao,12,3
2011-01-01,0.12078547077678137,0.1921889353050246,225,-0.07140346452824323,sem_alimentacao,12,3
2011-02-01,0.08964986835238398,0.07552636156857513,225,0.014123506783808845,sem_alimentacao,12,3
2011-03-01,0.16380903135499053,0.07759031550853111,225,0.08621871584645942,sem_alimentacao,12,3
2011-04-01,0.1945516503029037,0.11275981825778149,225,0.0817918320451222,sem_alimentacao,12,3
2011-05-01,0.08842104713736175,0.12206337524596925,225,-0.0336423281086075,sem_alimentacao,12,3
2011-06-01,0.08867888320141616,0.13102814450445227,225,-0.04234926130303611,sem_alimentacao,12,3
2011-07-01,0.061106931588973186,0.1433034276572525,225,-0.08219649606827933,sem_alimentacao,12,3
2011-08-01,0.05302920824626841,0.1284603016514669,225,-0.07543109340519849,sem_alimentacao,12,3
2011-09-01,0.04951777708268169,0.16917422583672193,225,-0.11965644875404025,sem_alimentacao,12,3
2011-10-01,0.0627590405899248,0.1285975596241524,225,-0.06583851903422759,sem_alimentacao,12,3
2011-11-01,0.08725515003378141,0.18421691052753772,225,-0.09696176049375631,sem_alimentacao,12,3
2011-12-01,0.06679130509763344,0.20795412678628822,225,-0.1411628216886548,sem_alimentacao,12,3
2012-01-01,0.0163665525005756,0.20411232070221902,211,-0.1877457682016434,sem_alimentacao,12,3
2012-02-01,0.0939150270292791,0.14823788890393408,211,-0.054322861874654974,sem_alimentacao,12,3
2012-03-01,0.04142170414555295,0.13490577697406508,211,-0.09348407282851214,sem_alimentacao,12,3
2012-04-01,0.19910981120243143,0.10377035679110487,211,0.09533945441132656,sem_alimentacao,12,3
2012-05-01,0.2051242700516329,0.18024814993041918,211,0.024876120121213707,sem_alimentacao,12,3
2012-06-01,0.22640762642793716,0.16862352974874553,211,0.05778409667919163,sem_alimentacao,12,3
2012-07-01,0.09475573457020398,0.17599450086478335,211,-0.08123876629457938,sem_alimentacao,12,3
2012-08-01,0.14626560759065432,0.13293964128828994,211,0.013325966302364378,sem_alimentacao,12,3
2012-09-01,0.0930296743745569,0.17250143231244555,211,-0.07947175793788865,sem_alimentacao,12,3
2012-10-01,0.10346459314526753,0.17375660155015998,211,-0.07029200840489246,sem_alimentacao,12,3
2012-11-01,0.10177987000786995,0.16757475467171534,211,-0.0657948846638454,sem_alimentacao,12,3
2012-12-01,0.08584277757255555,0.11696965793033458,211,-0.031126880357779024,sem_alimentacao,12,3
2013-01-01,0.10442385207169093,0.11519143539713111,211,-0.010767583325440186,sem_alimentacao,12,3
2013-02-01,0.12048285021029646,0.11146373210895813,211,0.009019118101338333,sem_alimentacao,12,3
2013-03-01,0.0773668249381497,0.1406096739307409,211,-0.0632428489925912,sem_alimentacao,12,3
2013-04-01,0.11675125556814292,0.09370000610207443,211,0.023051249466068485,sem_alimentacao,12,3
2013-05-01,0.14162791408150063,0.18714144726792614,211,-0.04551353318642551,sem_alimentacao,12,3
2013-06-01,0.12112824953450012,0.16856673847273537,211,-0.047438488938235254,sem_alimentacao,12,3
2013-07-01,0.08176117323069777,0.1910507979694084,211,-0.10928962473871064,sem_alimentacao,12,3
2013-08-01,0.06952562122608055,0.1623095227048273,211,-0.09278390147874674,sem_alimentacao,12,3
2013-09-01,0.05863473072928809,0.17880645571498208,211,-0.12017172498569398,sem_alimentacao,12,3
2013-10-01,0.10263385369715117,0.14731021811332043,211,-0.04467636441616926,sem_alimentacao,12,3
2013-11-01,0.0722355530219671,0.17588922326364492,211,-0.10365367024167782,sem_alimentacao,12,3
2013-12-01,0.10936018847387338,0.1628265247544311,211,-0.05346633628055772,sem_alimentacao,12,3
2014-01-01,0.07819763550010671,0.14146305253516328,212,-0.06326541703505657,sem_alimentacao,12,3
2014-02-01,0.1563485545444052,0.042495293263827984,212,0.11385326128057721,sem_alimentacao,12,3
2014-03-01,0.10489606018085025,0.08442640127109764,212,0.02046965890975261,sem_alimentacao,12,3
2014-04-01,0.11364555722330448,0.11999542256144945,212,-0.0063498653381449666,sem_alimentacao,12,3
2014-05-01,0.1315036028566935,0.08048779187404531,212,0.05101581098264818,sem_alimentacao,12,3
2014-06-01,0.13147887399063435,0.16103581981290066,212,-0.02955694582226631,sem_alimentacao,12,3
2014-07-01,0.15071366865488467,0.15508632841669784,212,-0.004372659761813169,sem_alimentacao,12,3
2014-08-01,0.08561176825885486,0.10642334387460105,212,-0.02081157561574619,sem_alimentacao,12,3
2014-09-01,0.06845867993139118,0.09698235488718207,212,-0.02852367495579089,sem_alimentacao,12,3
2014-10-01,0.1565741575394008,0.15112040013720812,212,0.005453757402192672,sem_alimentacao,12,3
2014-11-01,0.1809862451198366,0.24438315798431964,212,-0.06339691286448304,sem_alimentacao,12,3
2014-12-01,0.17723089043976342,0.19167584947644675,212,-0.01444495903668333,sem_alimentacao,12,3
2015-01-01,0.11723244936863153,0.09723167672655532,212,0.02000077264207621,sem_alimentacao,12,3
2015-02-01,0.18651131723042833,0.06538622040367922,212,0.1211250968267491,sem_alimentacao,12,3
2015-03-01,0.2251938227043177,0.06510419093749875,212,0.16008963176681895,sem_alimentacao,12,3
2015-04-01,0.2801270158982808,0.04519950705481221,212,0.2349275088434686,sem_alimentacao,12,3
2015-05-01,0.22576245359745434,0.09384136489749816,212,0.13192108869995617,sem_alimentacao,12,3
2015-06-01,0.19526218920545776,0.09724137102618756,212,0.0980208181792702,sem_alimentacao,12,3
2015-07-01,0.22166434340672167,0.1940560116852194,212,0.02760833172150226,sem_alimentacao,12,3
2015-08-01,0.16502096650029552,0.15177798324014147,212,0.013242983260154051,sem_alimentacao,12,3
2015-09-01,0.1232600583657847,0.09948446667564328,212,0.023775591690141415,sem_alimentacao,12,3
2015-10-01,0.07719457604183178,0.10270412097754847,212,-0.025509544935716694,sem_alimentacao,12,3
2015-11-01,0.12070182353740155,0.11240042718767229,212,0.008301396349729262,sem_alimentacao,12,3
2015-12-01,0.148774443699714,0.1561619619582197,212,-0.007387518258505726,sem_alimentacao,12,3
2016-01-01,0.1510840633986491,0.11925767404534207,212,0.03182638935330703,sem_alimentacao,12,3
2016-02-01,0.09667497352942361,0.15258190445900047,212,-0.055906930929576854,sem_alimentacao,12,3
2016-03-01,0.16558896664321504,0.20442376167433765,212,-0.03883479503112261,sem_alimentacao,12,3
2016-04-01,0.12209883158883991,0.24357158436984158,212,-0.12147275278100167,sem_alimentacao,12,3
2016-05-01,0.14221176343665506,0.23425327192917397,212,-0.09204150849251891,sem_alimentacao,12,3
2016-06-01,0.08651859643444723,0.11890390268899857,212,-0.03238530625455134,sem_alimentacao,12,3
2016-07-01,0.09968486033398864,0.11758058069951825,212,-0.01789572036552961,sem_alimentacao,12,3
2016-08-01,0.22251617611418528,0.18068641693824306,212,0.04182975917594223,sem_alimentacao,12,3
2016-09-01,0.15366928089537896,0.13431361271070028,212,0.01935566818467868,sem_alimentacao,12,3
2016-10-01,0.18025127516198003,0.1772198090027652,212,0.0030314661592148184,sem_alimentacao,12,3
2016-11-01,0.2026722540004833,0.2507806561967159,212,-0.04810840219623261,sem_alimentacao,12,3
2016-12-01,0.14740275236655798,0.23357364070385297,212,-0.086170888337295,sem_alimentacao,12,3
2017-01-01,0.13124111683675185,0.2608170826176282,212,-0.12957596578087635,sem_alimentacao,12,3
2017-02-01,0.07659760193009468,0.14538079900639458,212,-0.0687831970762999,sem_alimentacao,12,3
2017-03-01,0.1136086709449992,0.21853484351217337,212,-0.10492617256717417,sem_alimentacao,12,3
2017-04-01,0.08764725012161657,0.2483706066852832,212,-0.16072335656366665,sem_alimentacao,12,3
2017-05-01,0.04650452286195346,0.22701119645546522,212,-0.18050667359351175,sem_alimentacao,12,3
2017-06-01,0.029451576516087444,0.2578933233066552,212,-0.22844174679056778,sem_alimentacao,12,3
2017-07-01,0.054578945744379714,0.2355687509307346,212,-0.18098980518635488,sem_alimentacao,12,3
2017-08-01,0.056656601995802816,0.2704010343055377,212,-0.2137444323097349,sem_alimentacao,12,3
2017-09-01,0.11374162498317332,0.15669261639057597,212,-0.04295099140740265,sem_alimentacao,12,3
2017-10-01,0.11826523743771068,0.21918125294319532,212,-0.10091601550548464,sem_alimentacao,12,3
2017-11-01,0.1855319974126332,0.1843020684323984,212,0.0012299289802348012,sem_alimentacao,12,3
2017-12-01,0.16524054531911453,0.21572868704058612,212,-0.05048814172147159,sem_alimentacao,12,3
2018-01-01,0.15267875965744335,0.2530830231858194,212,-0.10040426352837603,sem_alimentacao,12,3
2018-02-01,0.0819758332226796,0.21787544814765633,212,-0.13589961492497674,sem_alimentacao,12,3
2018-03-01,0.08045395220649129,0.2700644622733386,212,-0.1896105100668473,sem_alimentacao,12,3
2018-04-01,0.09504628826052335,0.24347744283694633,212,-0.14843115457642297,sem_alimentacao,12,3
2018-05-01,0.039483735332938814,0.15585510803615285,213,-0.11637137270321404,sem_alimentacao,12,3
2018-06-01,0.0568952145498437,0.2163074292399766,213,-0.1594122146901329,sem_alimentacao,12,3
2018-07-01,0.14441239378612333,0.1517206515335665,213,-0.007308257747443175,sem_alimentacao,12,3
2018-08-01,0.12198482891119282,0.14235383749047667,213,-0.02036900857928385,sem_alimentacao,12,3
2018-09-01,0.08412624231969403,0.12717434906883118,213,-0.04304810674913716,sem_alimentacao,12,3
2018-10-01,0.05085774509505744,0.1721573019741427,213,-0.12129955687908525,sem_alimentacao,12,3
2018-11-01,0.07641395112555166,0.2163538370357827,213,-0.13993988591023104,sem_alimentacao,12,3
2018-12-01,0.11189462815120761,0.26440518906251453,213,-0.15251056091130694,sem_alimentacao,12,3
2019-01-01,0.1668550550438998,0.26269830530061217,213,-0.09584325025671236,sem_alimentacao,12,3
2019-02-01,0.09944542810504432,0.24429343924965305,213,-0.1448480111446087,sem_alimentacao,12,3
2019-03-01,0.05880380279141071,0.12786380428186647,213,-0.06906000149045577,sem_alimentacao,12,3
2019-04-01,0.03498123195701018,0.18606164452059817,213,-0.151080412563588,sem_alimentacao,12,3
2019-05-01,0.11714107392431533,0.2697440014509607,213,-0.1526029275266454,sem_alimentacao,12,3
2019-06-01,0.05978307148635415,0.26415410652701493,213,-0.2043710350406608,sem_alimentacao,12,3
2019-07-01,0.06309898100941885,0.16762893587604608,213,-0.10452995486662722,sem_alimentacao,12,3
2019-08-01,0.15642219083544484,0.17219249631618735,213,-0.015770305480742514,sem_alimentacao,12,3
2019-09-01,0.0837780036139687,0.10846947629294905,213,-0.02469147267898035,sem_alimentacao,12,3
2019-10-01,0.06545226163944678,0.1409201847577506,213,-0.0754679231183038,sem_alimentacao,12,3
2019-11-01,0.10108063637917261,0.13209676842427398,213,-0.03101613204510137,sem_alimentacao,12,3
2019-12-01,0.05207736769540778,0.12561247216035634,213,-0.07353510446494857,sem_alimentacao,12,3
2020-01-01,0.03575148292895828,0.12017924097843553,209,-0.08442775804947725,sem_alimentacao,12,3
2020-02-01,0.06875948136102417,0.23008557567909182,209,-0.16132609431806766,sem_alimentacao,12,3
2020-03-01,0.0978689475929251,0.27388847004672295,209,-0.17601952245379787,sem_alimentacao,12,3
2020-04-01,0.022988077079425222,0.28941705607912316,209,-0.2664289789996979,sem_alimentacao,12,3
2020-05-01,0.015337979085369128,0.3030984592047242,209,-0.2877604801193551,sem_alimentacao,12,3
2020-06-01,0.015722223612744973,0.2685655645383325,209,-0.2528433409255876,sem_alimentacao,12,3
2020-07-01,0.1531072625894147,0.18377052751231213,209,-0.03066326492289742,sem_alimentacao,12,3
2020-08-01,0.24650136018260843,0.17501391451174134,209,0.0714874456708671,sem_alimentacao,12,3
2020-09-01,0.1986967298012532,0.161400858910919,209,0.037295870890334204,sem_alimentacao,12,3
2020-10-01,0.14671598113105516,0.09049145527554521,209,0.05622452585550995,sem_alimentacao,12,3
2020-11-01,0.19428587281231047,0.0810461818599097,209,0.11323969095240077,sem_alimentacao,12,3
2020-12-01,0.2597824297455771,0.0542671884300242,209,0.20551524131555288,sem_alimentacao,12,3
2021-01-01,0.25694973524516285,0.07939349148056078,209,0.17755624376460205,sem_alimentacao,12,3
2021-02-01,0.2900817564683645,0.11500528444543812,209,0.17507647202292637,sem_alimentacao,12,3
2021-03-01,0.3107472249842732,0.12856135473528277,209,0.18218587024899044,sem_alimentacao,12,3
2021-04-01,0.17492608792499442,0.09667167851284855,209,0.07825440941214587,sem_alimentacao,12,3
2021-05-01,0.1871576519496828,0.06690558504409778,209,0.12025206690558503,sem_alimentacao,12,3
2021-06-01,0.2283586147591257,0.09919508324217688,209,0.12916353151694882,sem_alimentacao,12,3
2021-07-01,0.3351824928254466,0.0775787304517124,209,0.25760376237373417,sem_alimentacao,12,3
2021-08-01,0.38530453047578267,0.11834761224512994,209,0.2669569182306527,sem_alimentacao,12,3
2021-09-01,0.36963228012127053,0.07640372412345109,209,0.29322855599781944,sem_alimentacao,12,3
2021-10-01,0.4416843675719415,0.08192864006473474,209,0.35975572750720675,sem_alimentacao,12,3
2021-11-01,0.365614124684446,0.07212392345041962,209,0.29349020123402636,sem_alimentacao,12,3
2021-12-01,0.25557605232265634,0.051817032098946,209,0.20375902022371034,sem_alimentacao,12,3
2022-01-01,0.16435313644573146,0.08810249321454157,209,0.0762506432311899,sem_alimentacao,12,3
2022-02-01,0.16765988298657075,0.09797222194153371,209,0.06968766104503704,sem_alimentacao,12,3
2022-03-01,0.1900171146733676,0.05029110112825388,209,0.13972601354511371,sem_alimentacao,12,3
2022-04-01,0.17807558091667353,0.09541029911904596,209,0.08266528179762757,sem_alimentacao,12,3
2022-05-01,0.2059546322202424,0.15534673546807354,209,0.05060789675216887,sem_alimentacao,12,3
2022-06-01,0.21518416634281023,0.025928832872314213,209,0.18925533347049603,sem_alimentacao,12,3
2022-07-01,0.2553207167467908,0.16007760013822683,209,0.09524311660856397,sem_alimentacao,12,3
2022-08-01,0.21973994652795784,0.1577438017267918,209,0.061996144801166025,sem_alimentacao,12,3
2022-09-01,0.18576196057756783,0.2358922255606001,209,-0.050130264983032274,sem_alimentacao,12,3
2022-10-01,0.169027377079369,0.21999365702944368,209,-0.05096627995007469,sem_alimentacao,12,3
2022-11-01,0.16187803180711055,0.1988711955298115,209,-0.03699316372270095,sem_alimentacao,12,3
2022-12-01,0.08027478321406269,0.19457113752469876,209,-0.11429635431063608,sem_alimentacao,12,3
2023-01-01,0.09746773557763683,0.082788127306887,209,0.014679608270749822,sem_alimentacao,12,3
2023-02-01,0.16660948996676925,0.06838162631015714,209,0.09822786365661211,sem_alimentacao,12,3
2023-03-01,0.1402600057495129,0.0791311847190724,209,0.06112882103044048,sem_alimentacao,12,3
2023-04-01,0.07729490163568536,0.1262914899722603,209,-0.04899658833657494,sem_alimentacao,12,3
2023-05-01,0.11476434634064817,0.1693047442019491,209,-0.05454039786130094,sem_alimentacao,12,3
2023-06-01,0.10154922678965923,0.20090331171779735,209,-0.09935408492813812,sem_alimentacao,12,3
2023-07-01,0.08295724284069725,0.11804190140486355,209,-0.0350846585641663,sem_alimentacao,12,3
2023-08-01,0.10204605759169626,0.1551548115346131,209,-0.05310875394291685,sem_alimentacao,12,3
2023-09-01,0.22628966933505734,0.14084919472913618,209,0.08544047460592116,sem_alimentacao,12,3
2023-10-01,0.08404255991705495,0.06747883699905802,209,0.01656372291799693,sem_alimentacao,12,3
2023-11-01,0.09352441559886888,0.11457980281362397,209,-0.021055387214755084,sem_alimentacao,12,3
2023-12-01,0.08348239094742411,0.17294987233579293,209,-0.08946748138836881,sem_alimentacao,12,3
2024-01-01,0.06521780469901864,0.08915280494622865,209,-0.023935000247210014,sem_alimentacao,12,3
2024-02-01,0.12136817529603,0.08789076152505816,209,0.03347741377097184,sem_alimentacao,12,3
2024-03-01,0.1480738449489999,0.06174172066715232,209,0.08633212428184757,sem_alimentacao,12,3
2024-04-01,0.1424553741294026,0.12621482773847653,209,0.016240546390926064,sem_alimentacao,12,3
2024-05-01,0.13835494306747842,0.17697353338258145,209,-0.038618590315103035,sem_alimentacao,12,3
2024-06-01,0.125390707127339,0.08758338164743659,209,0.0378073254799024,sem_alimentacao,12,3
2024-07-01,0.15409714412491488,0.09225555224040455,209,0.06184159188451033,sem_alimentacao,12,3
2024-08-01,0.1379819319960165,0.07073882690079873,209,0.06724310509521776,sem_alimentacao,12,3
2024-09-01,0.17546851407762679,0.038275411416898227,209,0.13719310266072857,sem_alimentacao,12,3
2024-10-01,0.13512213630993397,0.16446429183274897,209,-0.029342155522814994,sem_alimentacao,12,3
2024-11-01,0.11649553968536355,0.19161943731415357,209,-0.07512389762879002,sem_alimentacao,12,3
2024-12-01,0.14806868867651538,0.11600487974637555,209,0.032063808930139825,sem_alimentacao,12,3
2025-01-01,0.20279538996903232,0.18369632538390318,209,0.01909906458512914,sem_alimentacao,12,3
2025-02-01,0.12699883531926331,0.10423124672033585,209,0.02276758859892747,sem_alimentacao,12,3
2025-03-01,0.07067791564289995,0.06285320750425798,209,0.007824708138641973,sem_alimentacao,12,3
2025-04-01,0.12329664788238472,0.1009769277140045,209,0.022319720168380214,sem_alimentacao,12,3
2025-05-01,0.10412494634815085,0.18669434141154012,209,-0.08256939506338927,sem_alimentacao,12,3
2025-06-01,0.09934904739580531,0.22402914300206736,209,-0.12468009560626205,sem_alimentacao,12,3
2025-07-01,0.0541638733515176,0.24839821500765066,209,-0.19423434165613307,sem_alimentacao,12,3
2025-08-01,0.06379795801565727,0.12386300921856797,209,-0.060065051202910696,sem_alimentacao,12,3
2025-09-01,0.042416058729534765,0.09236985720922397,209,-0.049953798479689206,sem_alimentacao,12,3
2025-10-01,0.10527844222142403,0.13481667723832594,209,-0.029538235016901906,sem_alimentacao,12,3
2025-11-01,0.07850977615570537,0.11908521568158029,209,-0.04057543952587492,sem_alimentacao,12,3
2025-12-01,0.0395507551478094,0.17240356687379244,209,-0.13285281172598304,sem_alimentacao,12,3
2026-01-01,0.09809603439126167,0.19777902494460922,209,-0.09968299055334755,sem_alimentacao,12,3
2026-02-01,0.10855069384452336,0.11965780430365543,209,-0.011107110459132069,sem_alimentacao,12,3
2026-03-01,0.1401684832819293,0.11609054737369155,209,0.024077935908237744,sem_alimentacao,12,3
2026-04-01,0.16499061077691843,0.12696903147776825,209,0.03802157929915018,sem_alimentacao,12,3
2026-05-01,0.11957549004727973,0.14322555630521763,209,-0.023650066257937905,sem_alimentacao,12,3
2026-06-01,0.08993199730596357,0.162938084448074,209,-0.07300608714211043,sem_alimentacao,12,3
2026-07-01,0.0827652414581961,0.1449030030996114,209,-0.06213776164141531,sem_alimentacao,12,3
2009-07-01,0.0,0.0,225,0.0,sem_alimentacao,12,4
2009-08-01,0.0,0.0,225,0.0,sem_alimentacao,12,4
2009-09-01,0.0,0.0,225,0.0,sem_alimentacao,12,4
2009-10-01,0.034423725922901605,0.06068307380628757,225,-0.026259347883385964,sem_alimentacao,12,4
2009-11-01,0.024987739087788133,0.13495134353785396,225,-0.10996360445006582,sem_alimentacao,12,4
2009-12-01,0.04665336664794333,0.1609302265522607,225,-0.11427685990431735,sem_alimentacao,12,4
2010-01-01,0.054230856110232664,0.05952047500726065,225,-0.0052896188970279825,sem_alimentacao,12,4
2010-02-01,0.06472522019600546,0.10211589753132366,225,-0.0373906773353182,sem_alimentacao,12,4
2010-03-01,0.06786471531261312,0.09634121114960956,225,-0.028476495836996435,sem_alimentacao,12,4
2010-04-01,0.09913875821434313,0.09821553606531018,225,0.000923222149032954,sem_alimentacao,12,4
2010-05-01,0.06792293391921582,0.07378739225959102,225,-0.005864458340375203,sem_alimentacao,12,4
2010-06-01,0.06679375425574494,0.13824218892128887,225,-0.07144843466554393,sem_alimentacao,12,4
2010-07-01,0.008399879853753017,0.18629918486985883,225,-0.17789930501610582,sem_alimentacao,12,4
2010-08-01,0.031719536871230296,0.09219262122867469,225,-0.0604730843574444,sem_alimentacao,12,4
2010-09-01,0.029163905177904476,0.08381231436658877,225,-0.0546484091886843,sem_alimentacao,12,4
2010-10-01,0.020115143372655003,0.1084853520959045,225,-0.0883702087232495,sem_alimentacao,12,4
2010-11-01,0.03794402548475447,0.14633994304110626,225,-0.10839591755635178,sem_alimentacao,12,4
2010-12-01,0.11959155146289877,0.20065145220640968,225,-0.08105990074351091,sem_alimentacao,12,4
2011-01-01,0.062267166166426455,0.11930369698640662,225,-0.05703653081998017,sem_alimentacao,12,4
2011-02-01,0.07817631755523903,0.05436072100776806,225,0.023815596547470973,sem_alimentacao,12,4
2011-03-01,0.06794342965855926,0.05232273455525479,225,0.015620695103304473,sem_alimentacao,12,4
2011-04-01,0.1196874347190307,0.05329538332985168,225,0.06639205138917903,sem_alimentacao,12,4
2011-05-01,0.03284374363872665,0.07962487407940957,225,-0.046781130440682925,sem_alimentacao,12,4
2011-06-01,0.03106874444361765,0.04944054328201553,225,-0.018371798838397884,sem_alimentacao,12,4
2011-07-01,0.03217087567000927,0.08183272552795622,225,-0.049661849857946944,sem_alimentacao,12,4
2011-08-01,0.02042038523378965,0.07684105688675376,225,-0.056420671652964105,sem_alimentacao,12,4
2011-09-01,0.03907048274423939,0.06826712543009071,225,-0.029196642685851322,sem_alimentacao,12,4
2011-10-01,0.029794801391892965,0.08842744516716144,225,-0.05863264377526848,sem_alimentacao,12,4
2011-11-01,0.015719439567806713,0.10004512882584186,225,-0.08432568925803516,sem_alimentacao,12,4
2011-12-01,0.014120462912881134,0.10587995516152043,225,-0.0917594922486393,sem_alimentacao,12,4
2012-01-01,0.010748436124007008,0.10824272239949112,211,-0.09749428627548411,sem_alimentacao,12,4
2012-02-01,0.008961586134344371,0.08461362192340142,211,-0.07565203578905705,sem_alimentacao,12,4
2012-03-01,0.027496080816491145,0.0926722651904951,211,-0.06517618437400395,sem_alimentacao,12,4
2012-04-01,0.020681732134098185,0.028851120412281533,211,-0.008169388278183348,sem_alimentacao,12,4
2012-05-01,0.17462575921133064,0.07528905305050138,211,0.09933670616082926,sem_alimentacao,12,4
2012-06-01,0.17170139024510914,0.11182372348209658,211,0.05987766676301255,sem_alimentacao,12,4
2012-07-01,0.05650178826242458,0.0976422588193555,211,-0.041140470556930916,sem_alimentacao,12,4
2012-08-01,0.038149203276500086,0.09812388890412801,211,-0.05997468562762793,sem_alimentacao,12,4
2012-09-01,0.04459004470907707,0.055658746000643564,211,-0.011068701291566493,sem_alimentacao,12,4
2012-10-01,0.02305315714343764,0.12039628307656816,211,-0.09734312593313052,sem_alimentacao,12,4
2012-11-01,0.032572921853629436,0.10799699917096185,211,-0.07542407731733242,sem_alimentacao,12,4
2012-12-01,0.041322846404528504,0.07302814670307206,211,-0.03170530029854356,sem_alimentacao,12,4
2013-01-01,0.045682968669424014,0.06553163051600208,211,-0.019848661846578068,sem_alimentacao,12,4
2013-02-01,0.04364344912620692,0.059082352257815815,211,-0.015438903131608894,sem_alimentacao,12,4
2013-03-01,0.03022954439256976,0.10382644585434171,211,-0.07359690146177195,sem_alimentacao,12,4
2013-04-01,0.054561831259070194,0.07359632389811127,211,-0.019034492639041077,sem_alimentacao,12,4
2013-05-01,0.09306464874284887,0.07887462758333963,211,0.014190021159509236,sem_alimentacao,12,4
2013-06-01,0.06165715302661252,0.1061087397105268,211,-0.04445158668391428,sem_alimentacao,12,4
2013-07-01,0.04768306844951724,0.1447081854076114,211,-0.09702511695809417,sem_alimentacao,12,4
2013-08-01,0.026364244950984616,0.10568366352711919,211,-0.07931941857613457,sem_alimentacao,12,4
2013-09-01,0.029087542123222346,0.10292504715681494,211,-0.0738375050335926,sem_alimentacao,12,4
2013-10-01,0.022699564355806535,0.08444958057167214,211,-0.0617500162158656,sem_alimentacao,12,4
2013-11-01,0.01900412297331336,0.0439686600999589,211,-0.024964537126645543,sem_alimentacao,12,4
2013-12-01,0.02187018159303909,0.13182034526143854,211,-0.10995016366839945,sem_alimentacao,12,4
2014-01-01,0.044233300504103214,0.09978672046595415,212,-0.05555341996185093,sem_alimentacao,12,4
2014-02-01,0.06639715433185575,0.02211867476353543,212,0.04427847956832032,sem_alimentacao,12,4
2014-03-01,0.06527770778016802,0.01440197136847243,212,0.050875736411695585,sem_alimentacao,12,4
2014-04-01,0.027061444128636664,0.07231820649570465,212,-0.04525676236706799,sem_alimentacao,12,4
2014-05-01,0.07796192674857845,0.02587179001863409,212,0.052090136729944364,sem_alimentacao,12,4
2014-06-01,0.08317066146116675,0.06017259218961673,212,0.02299806927155002,sem_alimentacao,12,4
2014-07-01,0.030716437340517717,0.10727858168754051,212,-0.0765621443470228,sem_alimentacao,12,4
2014-08-01,0.06176020988519908,0.0510105115552605,212,0.010749698329938578,sem_alimentacao,12,4
2014-09-01,0.02399182646381629,0.027082145898683754,212,-0.003090319434867466,sem_alimentacao,12,4
2014-10-01,0.06044204418846441,0.0543142119440212,212,0.0061278322444432085,sem_alimentacao,12,4
2014-11-01,0.10301798878759189,0.09994494856547131,212,0.003073040222120571,sem_alimentacao,12,4
2014-12-01,0.12569403410149532,0.17081357032967617,212,-0.04511953622818085,sem_alimentacao,12,4
2015-01-01,0.09248525652383001,0.044460222920560406,212,0.0480250336032696,sem_alimentacao,12,4
2015-02-01,0.10226904570489208,0.0364668535872894,212,0.06580219211760269,sem_alimentacao,12,4
2015-03-01,0.09622500076557139,0.04296786064736717,212,0.05325714011820422,sem_alimentacao,12,4
2015-04-01,0.1384119286347388,0.021950966326946163,212,0.11646096230779264,sem_alimentacao,12,4
2015-05-01,0.17773290514900095,0.03147447876638158,212,0.14625842638261938,sem_alimentacao,12,4
2015-06-01,0.16550038772157188,0.013436120702196467,212,0.15206426701937542,sem_alimentacao,12,4
2015-07-01,0.16183895473311413,0.09004021796402394,212,0.0717987367690902,sem_alimentacao,12,4
2015-08-01,0.09544794130714089,0.12428605164043019,212,-0.0288381103332893,sem_alimentacao,12,4
2015-09-01,0.0894670955889705,0.07616481601712846,212,0.013302279571842032,sem_alimentacao,12,4
2015-10-01,0.05301424981053972,0.029517179286031085,212,0.023497070524508633,sem_alimentacao,12,4
2015-11-01,0.038663946585561375,0.08706878413972553,212,-0.04840483755416416,sem_alimentacao,12,4
2015-12-01,0.08293567398253057,0.09565320722168963,212,-0.012717533239159057,sem_alimentacao,12,4
2016-01-01,0.10609777302213602,0.043921621079382064,212,0.06217615194275396,sem_alimentacao,12,4
2016-02-01,0.07349493469249176,0.10223882700119571,212,-0.02874389230870396,sem_alimentacao,12,4
2016-03-01,0.07518703107965133,0.10436951863329019,212,-0.029182487553638864,sem_alimentacao,12,4
2016-04-01,0.09068044668366729,0.1619214829854669,212,-0.07124103630179962,sem_alimentacao,12,4
2016-05-01,0.1072140896923274,0.1724058877868206,212,-0.06519179809449319,sem_alimentacao,12,4
2016-06-01,0.05842840575019555,0.06764301318876932,212,-0.009214607438573774,sem_alimentacao,12,4
2016-07-01,0.047214240964375986,0.06427282939791311,212,-0.017058588433537122,sem_alimentacao,12,4
2016-08-01,0.07219170607739893,0.09060925629815769,212,-0.018417550220758763,sem_alimentacao,12,4
2016-09-01,0.12496735033597012,0.09316217917052935,212,0.031805171165440765,sem_alimentacao,12,4
2016-10-01,0.1164769578838393,0.12693369157703815,212,-0.010456733693198855,sem_alimentacao,12,4
2016-11-01,0.14545923374864828,0.12276249016163937,212,0.022696743587008905,sem_alimentacao,12,4
2016-12-01,0.12953677349940476,0.17805980673840385,212,-0.04852303323899909,sem_alimentacao,12,4
2017-01-01,0.06377151325317436,0.1890337139200431,212,-0.12526220066686872,sem_alimentacao,12,4
2017-02-01,0.057820668770803954,0.12266096582864885,212,-0.0648402970578449,sem_alimentacao,12,4
2017-03-01,0.06553318170643402,0.06127186577660871,212,0.004261315929825309,sem_alimentacao,12,4
2017-04-01,0.06774244700608217,0.18975544990069101,212,-0.12201300289460884,sem_alimentacao,12,4
2017-05-01,0.02971455027772432,0.15157543105478713,212,-0.12186088077706281,sem_alimentacao,12,4
2017-06-01,0.015998818284363753,0.14335822098082396,212,-0.1273594026964602,sem_alimentacao,12,4
2017-07-01,0.019744317991250093,0.1687946668741674,212,-0.1490503488829173,sem_alimentacao,12,4
2017-08-01,0.013155006638399929,0.1972166902222793,212,-0.18406168358387937,sem_alimentacao,12,4
2017-09-01,0.028252811886492948,0.12762146190108717,212,-0.09936865001459422,sem_alimentacao,12,4
2017-10-01,0.08746444886090027,0.12701833361268747,212,-0.0395538847517872,sem_alimentacao,12,4
2017-11-01,0.09739815563781647,0.14142987877363064,212,-0.044031723135814174,sem_alimentacao,12,4
2017-12-01,0.14078441975681716,0.15671827741506228,212,-0.01593385765824512,sem_alimentacao,12,4
2018-01-01,0.14350626018448417,0.18755096385494247,212,-0.04404470367045829,sem_alimentacao,12,4
2018-02-01,0.06678263178860709,0.16845704421723542,212,-0.10167441242862833,sem_alimentacao,12,4
2018-03-01,0.05245228267998755,0.14428551553255908,212,-0.09183323285257153,sem_alimentacao,12,4
2018-04-01,0.05757976062867765,0.19990407127345383,212,-0.1423243106447762,sem_alimentacao,12,4
2018-05-01,0.007910250758258767,0.10874443469177825,213,-0.10083418393351948,sem_alimentacao,12,4
2018-06-01,0.029845867159355305,0.11841467901564622,213,-0.08856881185629091,sem_alimentacao,12,4
2018-07-01,0.048437773661612275,0.09880875929454348,213,-0.05037098563293121,sem_alimentacao,12,4
2018-08-01,0.04308059226870715,0.07547252310444202,213,-0.032391930835734876,sem_alimentacao,12,4
2018-09-01,0.06902445385594057,0.08801190455701466,213,-0.01898745070107409,sem_alimentacao,12,4
2018-10-01,0.022001330288392247,0.08211026583287823,213,-0.06010893554448598,sem_alimentacao,12,4
2018-11-01,0.03328235630298348,0.13023617005513985,213,-0.09695381375215636,sem_alimentacao,12,4
2018-12-01,0.029724309514562595,0.1306013920387894,213,-0.10087708252422681,sem_alimentacao,12,4
2019-01-01,0.09414244814676251,0.23856601951279052,213,-0.14442357136602801,sem_alimentacao,12,4
2019-02-01,0.08875808861452733,0.17425547526758225,213,-0.08549738665305492,sem_alimentacao,12,4
2019-03-01,0.016018407128636978,0.0870386240964112,213,-0.07102021696777422,sem_alimentacao,12,4
2019-04-01,0.014135703284907559,0.08614631739660908,213,-0.07201061411170152,sem_alimentacao,12,4
2019-05-01,0.025321131749367877,0.15045049129957005,213,-0.12512935955020218,sem_alimentacao,12,4
2019-06-01,0.04245965853450845,0.18606968748669478,213,-0.14361002895218633,sem_alimentacao,12,4
2019-07-01,0.036122651103740286,0.13934181051959876,213,-0.10321915941585848,sem_alimentacao,12,4
2019-08-01,0.03561971095524018,0.05121064233202279,213,-0.015590931376782614,sem_alimentacao,12,4
2019-09-01,0.04438786746658671,0.07974877345298524,213,-0.03536090598639853,sem_alimentacao,12,4
2019-10-01,0.03541190219393204,0.0523732042961742,213,-0.016961302102242164,sem_alimentacao,12,4
2019-11-01,0.033427261394242166,0.11288722141188845,213,-0.07945996001764628,sem_alimentacao,12,4
2019-12-01,0.027639463357726164,0.08046585003711952,213,-0.05282638667939336,sem_alimentacao,12,4
2020-01-01,0.013916717916162436,0.05301966988711885,209,-0.03910295197095641,sem_alimentacao,12,4
2020-02-01,0.018261271888532063,0.0861115349168369,209,-0.06785026302830484,sem_alimentacao,12,4
2020-03-01,0.056423413056632975,0.1193939904966917,209,-0.06297057744005871,sem_alimentacao,12,4
2020-04-01,0.0017354183215919107,0.22830074451435015,209,-0.22656532619275824,sem_alimentacao,12,4
2020-05-01,0.010039972460361788,0.23351588964652048,209,-0.2234759171861587,sem_alimentacao,12,4
2020-06-01,0.005232398067729582,0.17008985558030684,209,-0.16485745751257727,sem_alimentacao,12,4
2020-07-01,0.013237256605483685,0.12489515602036039,209,-0.11165789941487671,sem_alimentacao,12,4
2020-08-01,0.06866076733060254,0.1674656827491323,209,-0.09880491541852975,sem_alimentacao,12,4
2020-09-01,0.14510184068442353,0.10644333479866692,209,0.0386585058857566,sem_alimentacao,12,4
2020-10-01,0.12223062015747597,0.06891616750653007,209,0.05331445265094591,sem_alimentacao,12,4
2020-11-01,0.10419827065497966,0.04328406578925799,209,0.060914204865721674,sem_alimentacao,12,4
2020-12-01,0.11277433734787179,0.037606220634980946,209,0.07516811671289084,sem_alimentacao,12,4
2021-01-01,0.16810442635606834,0.045054592612218156,209,0.12304983374385019,sem_alimentacao,12,4
2021-02-01,0.23199858742708485,0.04016178532956648,209,0.19183680209751836,sem_alimentacao,12,4
2021-03-01,0.28217775320116073,0.036068863004525255,209,0.24610889019663548,sem_alimentacao,12,4
2021-04-01,0.16250531559443535,0.05636934775125044,209,0.10613596784318491,sem_alimentacao,12,4
2021-05-01,0.11436054732647298,0.05523774319607975,209,0.05912280413039323,sem_alimentacao,12,4
2021-06-01,0.1490076065582063,0.0456848747731627,209,0.1033227317850436,sem_alimentacao,12,4
2021-07-01,0.15353544292595353,0.059160039949936155,209,0.09437540297601738,sem_alimentacao,12,4
2021-08-01,0.2601793294910998,0.05925653665973246,209,0.20092279283136733,sem_alimentacao,12,4
2021-09-01,0.31251699596144333,0.07398286680604937,209,0.23853412915539396,sem_alimentacao,12,4
2021-10-01,0.3149281848985991,0.06359808830223032,209,0.25133009659636874,sem_alimentacao,12,4
2021-11-01,0.33034918572210514,0.06426746592269449,209,0.26608171979941064,sem_alimentacao,12,4
2021-12-01,0.16117183786230627,0.03633685925361786,209,0.1248349786086884,sem_alimentacao,12,4
2022-01-01,0.13635492235821167,0.024987639871252864,209,0.1113672824869588,sem_alimentacao,12,4
2022-02-01,0.08919242545193658,0.06222780230995423,209,0.02696462314198235,sem_alimentacao,12,4
2022-03-01,0.1185311211501465,0.047780780499890034,209,0.07075034065025645,sem_alimentacao,12,4
2022-04-01,0.11053788229035384,0.04690272772756924,209,0.0636351545627846,sem_alimentacao,12,4
2022-05-01,0.14533133008291985,0.04874350224222651,209,0.09658782784069334,sem_alimentacao,12,4
2022-06-01,0.1671759467402265,0.013775962488538022,209,0.1533999842516885,sem_alimentacao,12,4
2022-07-01,0.14268490380022156,0.01915229344743823,209,0.12353261035278333,sem_alimentacao,12,4
2022-08-01,0.2059976572449763,0.12222308801682083,209,0.08377456922815546,sem_alimentacao,12,4
2022-09-01,0.1573634265064928,0.11906065895143088,209,0.038302767555061915,sem_alimentacao,12,4
2022-10-01,0.1136120659668938,0.14128711149305342,209,-0.027675045526159625,sem_alimentacao,12,4
2022-11-01,0.1271785516916716,0.09545715045950426,209,0.03172140123216735,sem_alimentacao,12,4
2022-12-01,0.07234174882520962,0.13758228651576113,209,-0.0652405376905515,sem_alimentacao,12,4
2023-01-01,0.03685771914466645,0.03676429182088574,209,9.342732378071067e-05,sem_alimentacao,12,4
2023-02-01,0.07713478169594626,0.03106870932560509,209,0.04606607237034117,sem_alimentacao,12,4
2023-03-01,0.04895390807167726,0.034217267703708434,209,0.014736640367968824,sem_alimentacao,12,4
2023-04-01,0.03618148774033096,0.025533271689570515,209,0.010648216050760446,sem_alimentacao,12,4
2023-05-01,0.07276858444505964,0.06511907389381265,209,0.007649510551246991,sem_alimentacao,12,4
2023-06-01,0.06124713649420156,0.11267417002974474,209,-0.051427033535543176,sem_alimentacao,12,4
2023-07-01,0.06597713913140925,0.07698224309538607,209,-0.011005103963976817,sem_alimentacao,12,4
2023-08-01,0.06295825879774251,0.07777892203418275,209,-0.01482066323644024,sem_alimentacao,12,4
2023-09-01,0.08476101741109063,0.08438452713708937,209,0.00037649027400125934,sem_alimentacao,12,4
2023-10-01,0.07166907957541235,0.03672341743742769,209,0.03494566213798466,sem_alimentacao,12,4
2023-11-01,0.04335393892179825,0.05805186133214623,209,-0.01469792241034798,sem_alimentacao,12,4
2023-12-01,0.05389492925618035,0.029568473460149396,209,0.024326455796030953,sem_alimentacao,12,4
2024-01-01,0.039581492463897826,0.08081358716942,209,-0.04123209470552217,sem_alimentacao,12,4
2024-02-01,0.010980784897353808,0.04977955820133726,209,-0.03879877330398345,sem_alimentacao,12,4
2024-03-01,0.08586045435417454,0.016648295695090184,209,0.06921215865908435,sem_alimentacao,12,4
2024-04-01,0.09325143068753172,0.04408311922332469,209,0.04916831146420703,sem_alimentacao,12,4
2024-05-01,0.03684820541559467,0.06484830730825077,209,-0.028000101892656094,sem_alimentacao,12,4
2024-06-01,0.10620480507648494,0.05754878662580674,209,0.048656018450678205,sem_alimentacao,12,4
2024-07-01,0.09941882852763943,0.03894409890370506,209,0.060474729623934374,sem_alimentacao,12,4
2024-08-01,0.06539616486799585,0.054920431680995065,209,0.010475733187000784,sem_alimentacao,12,4
2024-09-01,0.10164439876670092,0.01822415083805971,209,0.08342024792864121,sem_alimentacao,12,4
2024-10-01,0.08714577043779735,0.016803022285165347,209,0.070342748152632,sem_alimentacao,12,4
2024-11-01,0.09814344168551604,0.09936716903448803,209,-0.001223727348971984,sem_alimentacao,12,4
2024-12-01,0.0865377383624805,0.00799778703246918,209,0.07853995133001132,sem_alimentacao,12,4
2025-01-01,0.1274820419500048,0.07179388947418829,209,0.0556881524758165,sem_alimentacao,12,4
2025-02-01,0.09345858984040036,0.08344489524272715,209,0.010013694597673206,sem_alimentacao,12,4
2025-03-01,0.027995947097613362,0.062431562552306336,209,-0.034435615454692974,sem_alimentacao,12,4
2025-04-01,0.0303214915137964,0.003972728447884176,209,0.026348763065912224,sem_alimentacao,12,4
2025-05-01,0.06253723598485576,0.10071300905194781,209,-0.03817577306709205,sem_alimentacao,12,4
2025-06-01,0.06785431573122652,0.13695110298167545,209,-0.06909678725044893,sem_alimentacao,12,4
2025-07-01,0.015214398665349757,0.12688516788037274,209,-0.11167076921502299,sem_alimentacao,12,4
2025-08-01,0.040761758273204836,0.08193870980929216,209,-0.041176951536087324,sem_alimentacao,12,4
2025-09-01,0.022480485600951595,0.06783838146629842,209,-0.045357895865346824,sem_alimentacao,12,4
2025-10-01,0.031317585382069954,0.09061058337727576,209,-0.05929299799520581,sem_alimentacao,12,4
2025-11-01,0.04966266723376944,0.08002134276014354,209,-0.0303586755263741,sem_alimentacao,12,4
2025-12-01,0.022860626672131186,0.07860130283043604,209,-0.05574067615830485,sem_alimentacao,12,4
2026-01-01,0.014491315010161862,0.11466299134237147,209,-0.10017167633220961,sem_alimentacao,12,4
2026-02-01,0.06234740446040182,0.09115209870951407,209,-0.02880469424911225,sem_alimentacao,12,4
2026-03-01,0.06931604022350912,0.09354266027706083,209,-0.02422662005355171,sem_alimentacao,12,4
2026-04-01,0.06124574302173844,0.10017378019669626,209,-0.03892803717495782,sem_alimentacao,12,4
2026-05-01,0.09986646379026015,0.11696853672628395,209,-0.017102072936023796,sem_alimentacao,12,4
2026-06-01,0.060683554236653475,0.11700144031265138,209,-0.0563178860759979,sem_alimentacao,12,4
2026-07-01,0.07445322752781734,0.08244481210839957,209,-0.007991584580582231,sem_alimentacao,12,4
2009-07-01,0.0,0.0,97,0.0,servicos,12,2
2009-08-01,0.19584892640072193,0.4252520694912605,97,-0.22940314309053855,servicos,12,2
2009-09-01,0.19351543271665272,0.17069020337506036,97,0.022825229341592368,servicos,12,2
2009-10-01,0.3006920374500538,0.16042793336197206,97,0.14026410408808174,servicos,12,2
2009-11-01,0.23004070684016092,0.28806266029788935,97,-0.058021953457728426,servicos,12,2
2009-12-01,0.3031097623852806,0.3277727855280409,97,-0.02466302314276031,servicos,12,2
2010-01-01,0.24199117081174235,0.2193545721738925,97,0.022636598637849836,servicos,12,2
2010-02-01,0.3207557784897459,0.4034993692962768,97,-0.08274359080653088,servicos,12,2
2010-03-01,0.2932334154508843,0.20749679151484754,97,0.08573662393603679,servicos,12,2
2010-04-01,0.3082968942375543,0.2287735500881329,97,0.07952334414942139,servicos,12,2
2010-05-01,0.22401177360631708,0.38229939949879427,97,-0.1582876258924772,servicos,12,2
2010-06-01,0.2338377825895587,0.4437922610414125,97,-0.2099544784518538,servicos,12,2
2010-07-01,0.07086368886159056,0.5426466396099603,97,-0.47178295074836973,servicos,12,2
2010-08-01,0.06948703427107573,0.4045037457854412,97,-0.33501671151436546,servicos,12,2
2010-09-01,0.23296882229940666,0.23351646742536505,97,-0.0005476451259583959,servicos,12,2
2010-10-01,0.3173321593660577,0.29734243157971973,97,0.019989727786337952,servicos,12,2
2010-11-01,0.37863622698898297,0.26946541937081114,97,0.10917080761817183,servicos,12,2
2010-12-01,0.2894416003314296,0.3184505666854082,97,-0.029008966353978594,servicos,12,2
2011-01-01,0.21762439369022246,0.40344461133836396,97,-0.1858202176481415,servicos,12,2
2011-02-01,0.29726091850651865,0.08962317528573045,97,0.2076377432207882,servicos,12,2
2011-03-01,0.4116329249743548,0.16426230088078198,97,0.2473706240935728,servicos,12,2
2011-04-01,0.17787120221305694,0.33628072993088626,97,-0.15840952771782932,servicos,12,2
2011-05-01,0.1805706031058144,0.2931548940553789,97,-0.11258429094956451,servicos,12,2
2011-06-01,0.2929354517901117,0.2652165419587043,97,0.0277189098314074,servicos,12,2
2011-07-01,0.12224291562502769,0.3088170621205458,97,-0.18657414649551812,servicos,12,2
2011-08-01,0.04646372369894501,0.29594506984145696,97,-0.24948134614251194,servicos,12,2
2011-09-01,0.18159142371921877,0.24491697329936785,97,-0.06332554958014908,servicos,12,2
2011-10-01,0.0845826720925353,0.2480709500294049,97,-0.1634882779368696,servicos,12,2
2011-11-01,0.2243259326806074,0.25478219935280066,97,-0.030456266672193255,servicos,12,2
2011-12-01,0.28290418798077066,0.16827454244406992,97,0.11462964553670074,servicos,12,2
2012-01-01,0.13619033194829483,0.365478957731083,89,-0.2292886257827882,servicos,12,2
2012-02-01,0.20223278019380217,0.21894236380601323,89,-0.01670958361221106,servicos,12,2
2012-03-01,0.4243656548089936,0.2482560002092146,89,0.17610965459977898,servicos,12,2
2012-04-01,0.39818048872843126,0.2220985421712704,89,0.17608194655716086,servicos,12,2
2012-05-01,0.37825505186647873,0.18966827538274666,89,0.18858677648373207,servicos,12,2
2012-06-01,0.31674700163915803,0.2628398007043511,89,0.05390720093480694,servicos,12,2
2012-07-01,0.3166605131394001,0.3174799038754267,89,-0.000819390736026604,servicos,12,2
2012-08-01,0.30317323629959597,0.2652251890603957,89,0.037948047239200255,servicos,12,2
2012-09-01,0.35630003463780835,0.0973354785035172,89,0.25896455613429115,servicos,12,2
2012-10-01,0.372841996698332,0.0985765205348832,89,0.2742654761634488,servicos,12,2
2012-11-01,0.2595694558327802,0.27989275441542044,89,-0.02032329858264026,servicos,12,2
2012-12-01,0.2282933448145394,0.165055383772359,89,0.06323796104218038,servicos,12,2
2013-01-01,0.23477281629455543,0.22258780519650087,89,0.01218501109805456,servicos,12,2
2013-02-01,0.1491183961340038,0.11024293084307452,89,0.03887546529092928,servicos,12,2
2013-03-01,0.43866594412878485,0.13928864631229862,89,0.29937729781648625,servicos,12,2
2013-04-01,0.26212687475850155,0.20796303572066382,89,0.054163839037837724,servicos,12,2
2013-05-01,0.31353094623181443,0.2174769314627594,89,0.09605401476905503,servicos,12,2
2013-06-01,0.3503212782434845,0.16403174222564976,89,0.18628953601783477,servicos,12,2
2013-07-01,0.24288429963502586,0.14331145215665064,89,0.09957284747837522,servicos,12,2
2013-08-01,0.24848748429496473,0.18619245513997615,89,0.06229502915498858,servicos,12,2
2013-09-01,0.12878646553665046,0.2573349200733331,89,-0.12854845453668262,servicos,12,2
2013-10-01,0.11150036707409744,0.31865573601576486,89,-0.20715536894166742,servicos,12,2
2013-11-01,0.13231382120120352,0.32924624543188835,89,-0.19693242423068483,servicos,12,2
2013-12-01,0.16415770609318997,0.38095837773257124,89,-0.21680067163938127,servicos,12,2
2014-01-01,0.1399350828326194,0.2287373578518319,89,-0.0888022750192125,servicos,12,2
2014-02-01,0.2944997106472127,0.12197109058520389,89,0.1725286200620088,servicos,12,2
2014-03-01,0.28419453863542954,0.11118282470201399,89,0.17301171393341555,servicos,12,2
2014-04-01,0.2518694381187719,0.3251384918519954,89,-0.07326905373322351,servicos,12,2
2014-05-01,0.2900060835911309,0.17492913263523047,89,0.11507695095590043,servicos,12,2
2014-06-01,0.3824050784138352,0.14944317620429895,89,0.23296190220953625,servicos,12,2
2014-07-01,0.21674570948706892,0.31235320236034514,89,-0.09560749287327622,servicos,12,2
2014-08-01,0.18349629401063264,0.21147924581669977,89,-0.027982951806067136,servicos,12,2
2014-09-01,0.23023349242314675,0.26171720580436775,89,-0.031483713381220996,servicos,12,2
2014-10-01,0.22224406340531255,0.4183893452263946,89,-0.19614528182108204,servicos,12,2
2014-11-01,0.3323587122092273,0.32010817649033124,89,0.01225053571889606,servicos,12,2
2014-12-01,0.4327662654963351,0.23958400661866408,89,0.19318225887767104,servicos,12,2
2015-01-01,0.21666985602480565,0.10467473412105073,89,0.11199512190375492,servicos,12,2
2015-02-01,0.24884055184191742,0.1662793691559087,89,0.0825611826860087,servicos,12,2
2015-03-01,0.41985241965395403,0.2765992751124096,89,0.14325314454154442,servicos,12,2
2015-04-01,0.36970278422121317,0.12627892153319448,89,0.2434238626880187,servicos,12,2
2015-05-01,0.41965863625314526,0.18635727565976626,89,0.233301360593379,servicos,12,2
2015-06-01,0.4013210647387447,0.19867564903056195,89,0.20264541570818273,servicos,12,2
2015-07-01,0.46867651255005754,0.19424137173293454,89,0.274435140817123,servicos,12,2
2015-08-01,0.34081257589183156,0.24833448196645994,89,0.09247809392537162,servicos,12,2
2015-09-01,0.27799890200384303,0.3624171601113682,89,-0.08441825810752518,servicos,12,2
2015-10-01,0.1815253049758704,0.25160591158810086,89,-0.07008060661223045,servicos,12,2
2015-11-01,0.1722517750886312,0.31940752617865553,89,-0.14715575109002432,servicos,12,2
2015-12-01,0.21023874569426299,0.42574005886156974,89,-0.21550131316730675,servicos,12,2
2016-01-01,0.15905665190269694,0.35706831952454937,89,-0.19801166762185243,servicos,12,2
2016-02-01,0.26773826325460015,0.34371754586850584,89,-0.07597928261390569,servicos,12,2
2016-03-01,0.29883803573494655,0.31825259086626667,89,-0.01941455513132012,servicos,12,2
2016-04-01,0.2769433796267203,0.376401948754246,89,-0.09945856912752571,servicos,12,2
2016-05-01,0.32632444612575867,0.3606934324577707,89,-0.03436898633201202,servicos,12,2
2016-06-01,0.1649068384084157,0.19520976934226145,89,-0.030302930933845756,servicos,12,2
2016-07-01,0.23760118721969792,0.3334993169555546,89,-0.09589812973585671,servicos,12,2
2016-08-01,0.3177406247132689,0.26410061475141233,89,0.05364000996185658,servicos,12,2
2016-09-01,0.2768837836690302,0.14518631258185571,89,0.1316974710871745,servicos,12,2
2016-10-01,0.39599071066056074,0.3117375761608413,89,0.08425313449971944,servicos,12,2
2016-11-01,0.3347457073839525,0.22473395573545735,89,0.11001175164849514,servicos,12,2
2016-12-01,0.3945744386367707,0.2744956279615065,89,0.12007881067526421,servicos,12,2
2017-01-01,0.2858488696573075,0.28096950559892403,89,0.004879364058383462,servicos,12,2
2017-02-01,0.19661406361043235,0.39114801870475113,89,-0.19453395509431878,servicos,12,2
2017-03-01,0.23477818818290627,0.36205454241258156,89,-0.1272763542296753,servicos,12,2
2017-04-01,0.22337677341094997,0.4095925446942882,89,-0.18621577128333822,servicos,12,2
2017-05-01,0.11530834820543327,0.5197942852756616,89,-0.40448593707022834,servicos,12,2
2017-06-01,0.05895857647604279,0.5296519528689507,89,-0.4706933763929079,servicos,12,2
2017-07-01,0.06711590810797059,0.49410728368992796,89,-0.4269913755819574,servicos,12,2
2017-08-01,0.16580345475529612,0.5342916098345749,89,-0.3684881550792788,servicos,12,2
2017-09-01,0.1599234676040402,0.3480889148799573,89,-0.1881654472759171,servicos,12,2
2017-10-01,0.3422868595638882,0.36508822447452205,89,-0.022801364910633837,servicos,12,2
2017-11-01,0.24983500025384578,0.30513529979184645,89,-0.05530029953800067,servicos,12,2
2017-12-01,0.2744247585445408,0.39502240046704656,89,-0.12059764192250577,servicos,12,2
2018-01-01,0.21707909152146007,0.5055222989031659,89,-0.2884432073817058,servicos,12,2
2018-02-01,0.14513177043283745,0.5442973620493528,89,-0.3991655916165153,servicos,12,2
2018-03-01,0.18511034585258337,0.4900374091255498,89,-0.3049270632729665,servicos,12,2
2018-04-01,0.22820095708893343,0.426296255350064,89,-0.19809529826113056,servicos,12,2
2018-05-01,0.10418339299713802,0.2640068259170752,90,-0.15982343291993717,servicos,12,2
2018-06-01,0.20356093748030107,0.24682925906781478,90,-0.0432683215875137,servicos,12,2
2018-07-01,0.10266899269719794,0.3387526024588859,90,-0.23608360976168796,servicos,12,2
2018-08-01,0.10720540525021294,0.37752852717777924,90,-0.2703231219275663,servicos,12,2
2018-09-01,0.17261471924704924,0.13878718789791725,90,0.033827531349131995,servicos,12,2
2018-10-01,0.16097506643117412,0.21010072079812878,90,-0.04912565436695465,servicos,12,2
2018-11-01,0.2609659616550228,0.2825980157590838,90,-0.021632054104060994,servicos,12,2
2018-12-01,0.34289476369015737,0.2866037952406458,90,0.05629096844951159,servicos,12,2
2019-01-01,0.3486512309309213,0.36997675085193793,90,-0.02132551992101661,servicos,12,2
2019-02-01,0.23718175304513972,0.3729448292333413,90,-0.1357630761882016,servicos,12,2
2019-03-01,0.10207364353382362,0.3607619434380096,90,-0.25868829990418596,servicos,12,2
2019-04-01,0.12641427605648176,0.45596770284577215,90,-0.3295534267892904,servicos,12,2
2019-05-01,0.12398287210791592,0.5665776712948508,90,-0.4425947991869349,servicos,12,2
2019-06-01,0.10177099537766071,0.45694989231508254,90,-0.35517889693742183,servicos,12,2
2019-07-01,0.1428358492959533,0.34698718761892683,90,-0.20415133832297352,servicos,12,2
2019-08-01,0.18410288793199192,0.29320077806935985,90,-0.10909789013736793,servicos,12,2
2019-09-01,0.17656632698384497,0.18232782141905354,90,-0.0057614944352085695,servicos,12,2
2019-10-01,0.22217898832684824,0.18569168960172092,90,0.03648729872512732,servicos,12,2
2019-11-01,0.2651994098114114,0.24061875017772005,90,0.024580659633691326,servicos,12,2
2019-12-01,0.1889308033034456,0.24741720849999052,90,-0.05848640519654491,servicos,12,2
2020-01-01,0.1865400849721142,0.41804342711634535,87,-0.23150334214423116,servicos,12,2
2020-02-01,0.14758616864930815,0.5835343704073427,87,-0.4359482017580345,servicos,12,2
2020-03-01,0.1870802114317318,0.3833204467472147,87,-0.1962402353154829,servicos,12,2
2020-04-01,0.0697187707979253,0.4087558921725547,87,-0.3390371213746294,servicos,12,2
2020-05-01,0.017840960891032015,0.5085785996342288,87,-0.49073763874319676,servicos,12,2
2020-06-01,0.2791445284071944,0.42823100031189637,87,-0.14908647190470198,servicos,12,2
2020-07-01,0.2345142550670545,0.22254541673393552,87,0.011968838333118986,servicos,12,2
2020-08-01,0.21311713548818556,0.3915269520982538,87,-0.17840981661006822,servicos,12,2
2020-09-01,0.1742194756905301,0.4604810901844262,87,-0.2862616144938961,servicos,12,2
2020-10-01,0.19206536692466963,0.19483067687561664,87,-0.002765309950947009,servicos,12,2
2020-11-01,0.40973795974551375,0.22937894836973247,87,0.18035901137578128,servicos,12,2
2020-12-01,0.4262704616088139,0.1552555883938678,87,0.2710148732149461,servicos,12,2
2021-01-01,0.34789873864538884,0.20849499984343375,87,0.13940373880195508,servicos,12,2
2021-02-01,0.2720174881803924,0.3409227406119155,87,-0.06890525243152312,servicos,12,2
2021-03-01,0.2731108849181571,0.2564087211639623,87,0.01670216375419481,servicos,12,2
2021-04-01,0.24932385920141942,0.23183204633760668,87,0.01749181286381274,servicos,12,2
2021-05-01,0.3878713469124869,0.21639044475370056,87,0.17148090215878636,servicos,12,2
2021-06-01,0.2917233393110339,0.1809019685983014,87,0.11082137071273249,servicos,12,2
2021-07-01,0.2054303516005003,0.3286237087135776,87,-0.1231933571130773,servicos,12,2
2021-08-01,0.30212181033852453,0.18813190027052715,87,0.11398991006799739,servicos,12,2
2021-09-01,0.5376788010581668,0.14529489484540936,87,0.3923839062127574,servicos,12,2
2021-10-01,0.5200780930113875,0.11146946598859461,87,0.4086086270227929,servicos,12,2
2021-11-01,0.3722037324434318,0.2080892533019954,87,0.1641144791414364,servicos,12,2
2021-12-01,0.3096085731626672,0.3899865025228506,87,-0.0803779293601834,servicos,12,2
2022-01-01,0.170117537403767,0.22902847044012975,87,-0.058910933036362745,servicos,12,2
2022-02-01,0.35490233447379804,0.2052957494244737,87,0.14960658504932434,servicos,12,2
2022-03-01,0.2998827264148953,0.15544025830336175,87,0.14444246811153352,servicos,12,2
2022-04-01,0.27574595938665564,0.18240657224348503,87,0.09333938714317061,servicos,12,2
2022-05-01,0.4560518269868081,0.129069600515582,87,0.3269822264712261,servicos,12,2
2022-06-01,0.42422200814574546,0.1450259737092408,87,0.27919603443650465,servicos,12,2
2022-07-01,0.3199991462217262,0.1890478542722455,87,0.1309512919494807,servicos,12,2
2022-08-01,0.32944380673481627,0.1777070773717526,87,0.15173672936306368,servicos,12,2
2022-09-01,0.3976478522700822,0.15244197219917757,87,0.24520588007090463,servicos,12,2
2022-10-01,0.4205067140201569,0.2512278847124641,87,0.16927882930769278,servicos,12,2
2022-11-01,0.25473160821214713,0.30349420207204636,87,-0.04876259385989923,servicos,12,2
2022-12-01,0.19985691716099802,0.20967299609503087,87,-0.009816078934032857,servicos,12,2
2023-01-01,0.32606498710007253,0.12397305876897835,87,0.20209192833109418,servicos,12,2
2023-02-01,0.36047526586743145,0.14925390859266913,87,0.21122135727476232,servicos,12,2
2023-03-01,0.21187581964561902,0.2475226854383891,87,-0.03564686579277007,servicos,12,2
2023-04-01,0.18123972639058275,0.3604527163570591,87,-0.17921298996647636,servicos,12,2
2023-05-01,0.1084702044085344,0.34641975890275434,87,-0.23794955449421995,servicos,12,2
2023-06-01,0.06232597169775337,0.4149773634840576,87,-0.3526513917863042,servicos,12,2
2023-07-01,0.211750685886118,0.2360297368598274,87,-0.024279050973709387,servicos,12,2
2023-08-01,0.406231539050939,0.21669717902075813,87,0.18953436003018087,servicos,12,2
2023-09-01,0.3652053123531764,0.1562218208029229,87,0.20898349155025348,servicos,12,2
2023-10-01,0.16197738627399422,0.12064159873783853,87,0.04133578753615569,servicos,12,2
2023-11-01,0.17274616943087434,0.43459893407708206,87,-0.2618527646462077,servicos,12,2
2023-12-01,0.16397306397306396,0.22214024300980822,87,-0.05816717903674426,servicos,12,2
2024-01-01,0.3182154344610617,0.14592479984974058,87,0.17229063461132113,servicos,12,2
2024-02-01,0.3695210313903972,0.10338798390356196,87,0.26613304748683525,servicos,12,2
2024-03-01,0.3444366090473582,0.23993507628827526,87,0.10450153275908292,servicos,12,2
2024-04-01,0.33641978902265796,0.3043482057611252,87,0.032071583261532755,servicos,12,2
2024-05-01,0.15368274835957435,0.3352076903852748,87,-0.18152494202570046,servicos,12,2
2024-06-01,0.15071927589596823,0.39746610125124343,87,-0.2467468253552752,servicos,12,2
2024-07-01,0.23189740847722612,0.2343558389175932,87,-0.0024584304403670876,servicos,12,2
2024-08-01,0.3103819445454572,0.21110661806418204,87,0.09927532648127516,servicos,12,2
2024-09-01,0.3154932273134575,0.1357582190052807,87,0.17973500830817682,servicos,12,2
2024-10-01,0.2286634601115602,0.1608456925373395,87,0.0678177675742207,servicos,12,2
2024-11-01,0.24561817524968244,0.2624316796606416,87,-0.01681350441095919,servicos,12,2
2024-12-01,0.23881632046526668,0.33831486504992697,87,-0.09949854458466029,servicos,12,2
2025-01-01,0.22927702970759142,0.3167545681547689,87,-0.08747753844717746,servicos,12,2
2025-02-01,0.1045132990482396,0.29672992344029975,87,-0.19221662439206016,servicos,12,2
2025-03-01,0.07687687512573729,0.3660449534516892,87,-0.2891680783259519,servicos,12,2
2025-04-01,0.18833648658117863,0.1508829093966786,87,0.03745357718450004,servicos,12,2
2025-05-01,0.1835959334823924,0.24317006707657912,87,-0.05957413359418673,servicos,12,2
2025-06-01,0.13879385582126025,0.41922965031710013,87,-0.2804357944958399,servicos,12,2
2025-07-01,0.17942877117348058,0.4333503255217816,87,-0.253921554348301,servicos,12,2
2025-08-01,0.21570150556404102,0.16334569786893594,87,0.05235580769510509,servicos,12,2
2025-09-01,0.39124384097491255,0.13418645896924755,87,0.25705738200566497,servicos,12,2
2025-10-01,0.2909062951508364,0.25434463470253393,87,0.03656166044830245,servicos,12,2
2025-11-01,0.32513992685871806,0.2830706598061727,87,0.04206926705254538,servicos,12,2
2025-12-01,0.19508113663670185,0.3708979314138475,87,-0.17581679477714568,servicos,12,2
2026-01-01,0.15620306137510093,0.2981411219253844,87,-0.14193806055028346,servicos,12,2
2026-02-01,0.3244579127691659,0.18237703734089822,87,0.1420808754282677,servicos,12,2
2026-03-01,0.2934379130035052,0.31584209619031206,87,-0.02240418318680687,servicos,12,2
2026-04-01,0.26472999815225423,0.25245403732446414,87,0.012275960827790089,servicos,12,2
2026-05-01,0.22348946392788463,0.315005168421235,87,-0.09151570449335036,servicos,12,2
2026-06-01,0.09078798701955448,0.3501194882953485,87,-0.259331501275794,servicos,12,2
2026-07-01,0.2674420284203015,0.30577968055326854,87,-0.038337652132967026,servicos,12,2
2009-07-01,0.0,0.0,97,0.0,servicos,12,3
2009-08-01,0.0,0.0,97,0.0,servicos,12,3
2009-09-01,0.07928330016368926,0.1284725084494271,97,-0.049189208285737834,servicos,12,3
2009-10-01,0.09047977732400415,0.03427821553200379,97,0.056201561792000365,servicos,12,3
2009-11-01,0.1434504341278618,0.041498035247888185,97,0.10195239887997361,servicos,12,3
2009-12-01,0.1421151098213102,0.17755549990424704,97,-0.03544039008293684,servicos,12,3
2010-01-01,0.23329772542168817,0.09971493997804506,97,0.1335827854436431,servicos,12,3
2010-02-01,0.14320527777613276,0.15053387737698318,97,-0.007328599600850416,servicos,12,3
2010-03-01,0.2585699744796353,0.1618581185738099,97,0.0967118559058254,servicos,12,3
2010-04-01,0.23861432034320162,0.13888388599705337,97,0.09973043434614826,servicos,12,3
2010-05-01,0.16780639746560122,0.15479455293394487,97,0.013011844531656352,servicos,12,3
2010-06-01,0.07966714029557989,0.317516490852857,97,-0.2378493505572771,servicos,12,3
2010-07-01,0.05893797039435983,0.38633097542267536,97,-0.32739300502831553,servicos,12,3
2010-08-01,0.030893559831329614,0.20207287335342433,97,-0.17117931352209473,servicos,12,3
2010-09-01,0.036332007661174594,0.19400108943308478,97,-0.1576690817719102,servicos,12,3
2010-10-01,0.12332819722650232,0.12118864186660798,97,0.002139555359894338,servicos,12,3
2010-11-01,0.2266942533613916,0.2266323601360472,97,6.189322534438935e-05,servicos,12,3
2010-12-01,0.15945905956854972,0.239221140472879,97,-0.07976208090432929,servicos,12,3
2011-01-01,0.17016451254771814,0.2461038845384328,97,-0.07593937199071465,servicos,12,3
2011-02-01,0.17897536077378012,0.0625033501485977,97,0.11647201062518242,servicos,12,3
2011-03-01,0.20283041114949713,0.06230323896664348,97,0.14052717218285365,servicos,12,3
2011-04-01,0.13713217819005247,0.08797905035767323,97,0.04915312783237924,servicos,12,3
2011-05-01,0.07051430059973122,0.11976863281411886,97,-0.04925433221438763,servicos,12,3
2011-06-01,0.12070823072551619,0.13432941845046412,97,-0.013621187724947928,servicos,12,3
2011-07-01,0.07779014134807519,0.2271132112783309,97,-0.1493230699302557,servicos,12,3
2011-08-01,0.02226675310897625,0.13410443802675784,97,-0.1118376849177816,servicos,12,3
2011-09-01,0.017380767053495613,0.12311008113973015,97,-0.10572931408623454,servicos,12,3
2011-10-01,0.014282801237665458,0.095484648870054,97,-0.08120184763238855,servicos,12,3
2011-11-01,0.06669765486450559,0.11785482720132164,97,-0.05115717233681605,servicos,12,3
2011-12-01,0.14131732270170524,0.09350461628688808,97,0.04781270641481716,servicos,12,3
2012-01-01,0.035364576816957614,0.101293287940946,89,-0.06592871112398838,servicos,12,3
2012-02-01,0.06664050985990722,0.14651878179618133,89,-0.07987827193627411,servicos,12,3
2012-03-01,0.09184193837322575,0.15609370198688485,89,-0.0642517636136591,servicos,12,3
2012-04-01,0.33381535910375854,0.03256775019096055,89,0.301247608912798,servicos,12,3
2012-05-01,0.3027092684130871,0.11920521198027968,89,0.18350405643280743,servicos,12,3
2012-06-01,0.24733433954915043,0.08387944885340085,89,0.1634548906957496,servicos,12,3
2012-07-01,0.1957566571448929,0.1474806163891102,89,0.048276040755782706,servicos,12,3
2012-08-01,0.1777297213301564,0.11383766704651403,89,0.06389205428364238,servicos,12,3
2012-09-01,0.12773258317120467,0.07370083940034508,89,0.05403174377085959,servicos,12,3
2012-10-01,0.18222742589895857,0.033379928582780084,89,0.1488474973161785,servicos,12,3
2012-11-01,0.1772936108182682,0.05021930680827248,89,0.1270743040099957,servicos,12,3
2012-12-01,0.09902866387464611,0.06256604955184156,89,0.03646261432280455,servicos,12,3
2013-01-01,0.10073116594855724,0.07641663402532968,89,0.024314531923227564,servicos,12,3
2013-02-01,0.09153333768693267,0.03126102004832495,89,0.06027231763860772,servicos,12,3
2013-03-01,0.06439889282967684,0.07230029885810892,89,-0.007901406028432076,servicos,12,3
2013-04-01,0.1833504885168505,0.06522974416588467,89,0.11812074435096584,servicos,12,3
2013-05-01,0.1966503575461046,0.10183899393923662,89,0.09481136360686798,servicos,12,3
2013-06-01,0.19252716202598094,0.06459264251760306,89,0.12793451950837786,servicos,12,3
2013-07-01,0.12616382060241782,0.07020327796650787,89,0.05596054263590995,servicos,12,3
2013-08-01,0.1146161528301279,0.05502400051544731,89,0.05959215231468058,servicos,12,3
2013-09-01,0.07758193689492135,0.04077707375124634,89,0.03680486314367501,servicos,12,3
2013-10-01,0.04250653649489316,0.1022623356216432,89,-0.059755799126750046,servicos,12,3
2013-11-01,0.042959619829801524,0.1870310825294748,89,-0.1440714626996733,servicos,12,3
2013-12-01,0.08271497303755368,0.19505634666924987,89,-0.11234137363169619,servicos,12,3
2014-01-01,0.027140693854918886,0.16678718388549674,89,-0.13964649003057786,servicos,12,3
2014-02-01,0.10275418591644009,0.0589245128689248,89,0.04382967304751529,servicos,12,3
2014-03-01,0.06463535244554049,0.037094122482531855,89,0.02754122996300863,servicos,12,3
2014-04-01,0.13265500589498844,0.10361936140316876,89,0.02903564449181968,servicos,12,3
2014-05-01,0.20865423197897925,0.0825782776965194,89,0.12607595428245985,servicos,12,3
2014-06-01,0.2610016693412721,0.11978250129963222,89,0.1412191680416399,servicos,12,3
2014-07-01,0.11758289843694698,0.06415981879138487,89,0.053423079645562116,servicos,12,3
2014-08-01,0.11271286135806995,0.044134379881588345,89,0.0685784814764816,servicos,12,3
2014-09-01,0.04281283645888573,0.15650580918864196,89,-0.11369297272975623,servicos,12,3
2014-10-01,0.15373758140763918,0.14521092675004268,89,0.0085266546575965,servicos,12,3
2014-11-01,0.2033085482663362,0.27922895205638604,89,-0.07592040379004983,servicos,12,3
2014-12-01,0.28011362901870546,0.20436418165130496,89,0.0757494473674005,servicos,12,3
2015-01-01,0.1383965204643273,0.03757496343049524,89,0.10082155703383205,servicos,12,3
2015-02-01,0.16266169535275576,0.05928422205346987,89,0.1033774732992859,servicos,12,3
2015-03-01,0.12006845437567917,0.08147827614703375,89,0.038590178228645425,servicos,12,3
2015-04-01,0.2886600647921198,0.08063201887251198,89,0.20802804591960783,servicos,12,3
2015-05-01,0.3231162909869722,0.108578110936648,89,0.2145381800503242,servicos,12,3
2015-06-01,0.3339040420637529,0.028337167269142295,89,0.3055668747946106,servicos,12,3
2015-07-01,0.2935267088445682,0.18260801117747189,89,0.11091869766709633,servicos,12,3
2015-08-01,0.23953595221686194,0.16936431360966164,89,0.0701716386072003,servicos,12,3
2015-09-01,0.19124740206266422,0.201662026325765,89,-0.010414624263100775,servicos,12,3
2015-10-01,0.08282640439505753,0.17600856486180322,89,-0.09318216046674568,servicos,12,3
2015-11-01,0.11739734714195123,0.20001905694412042,89,-0.0826217098021692,servicos,12,3
2015-12-01,0.08894893824814243,0.24776629581238205,89,-0.15881735756423962,servicos,12,3
2016-01-01,0.08159715895726842,0.25166550167129903,89,-0.1700683427140306,servicos,12,3
2016-02-01,0.10329401113093495,0.2857827603653503,89,-0.18248874923441533,servicos,12,3
2016-03-01,0.2316325349994215,0.2536222541776169,89,-0.02198971917819542,servicos,12,3
2016-04-01,0.21151524572759114,0.19336060883686626,89,0.018154636890724885,servicos,12,3
2016-05-01,0.24949094557476276,0.26104376716722316,89,-0.011552821592460405,servicos,12,3
2016-06-01,0.09366658578015044,0.15126215757130584,89,-0.0575955717911554,servicos,12,3
2016-07-01,0.07153457318731142,0.11559339690942863,89,-0.04405882372211721,servicos,12,3
2016-08-01,0.21517610203038368,0.2090777418044068,89,0.006098360225976873,servicos,12,3
2016-09-01,0.18968315919772422,0.0756354942696919,89,0.11404766492803231,servicos,12,3
2016-10-01,0.1778510574451707,0.1035950526439391,89,0.07425600480123161,servicos,12,3
2016-11-01,0.2847130639159104,0.1440980609779983,89,0.1406150029379121,servicos,12,3
2016-12-01,0.3070783058961457,0.114747691856773,89,0.1923306140393727,servicos,12,3
2017-01-01,0.1957950407209244,0.2031238325423046,89,-0.007328791821380187,servicos,12,3
2017-02-01,0.17003994716978682,0.14930700908952255,89,0.020732938080264274,servicos,12,3
2017-03-01,0.16459891121092393,0.26107772100745164,89,-0.0964788097965277,servicos,12,3
2017-04-01,0.16237239945189125,0.28255197887149935,89,-0.1201795794196081,servicos,12,3
2017-05-01,0.07907159716758458,0.3507192979089508,89,-0.27164770074136624,servicos,12,3
2017-06-01,0.01958144814465459,0.3900014388719244,89,-0.37041999072726983,servicos,12,3
2017-07-01,0.0069421477090594545,0.3367593558399267,89,-0.3298172081308673,servicos,12,3
2017-08-01,0.028986751366354764,0.4109206639895969,89,-0.38193391262324217,servicos,12,3
2017-09-01,0.09680331047108105,0.27322510313439574,89,-0.1764217926633147,servicos,12,3
2017-10-01,0.08475828650438268,0.30626133725724,89,-0.2215030507528573,servicos,12,3
2017-11-01,0.22914022439965478,0.2538838401787074,89,-0.024743615779052625,servicos,12,3
2017-12-01,0.1488520553856307,0.2695924764890282,89,-0.12074042110339747,servicos,12,3
2018-01-01,0.15732832577115186,0.3569254330778714,89,-0.19959710730671953,servicos,12,3
2018-02-01,0.13315264017488895,0.3745082837115603,89,-0.24135564353667135,servicos,12,3
2018-03-01,0.1251798515651434,0.370489480857469,89,-0.2453096292923256,servicos,12,3
2018-04-01,0.12663581660533504,0.3673326278882449,89,-0.24069681128290984,servicos,12,3
2018-05-01,0.044582558018720894,0.15176016095059083,90,-0.10717760293186994,servicos,12,3
2018-06-01,0.05031896519119001,0.1662842446324336,90,-0.1159652794412436,servicos,12,3
2018-07-01,0.05899225151690723,0.16006315936917032,90,-0.10107090785226308,servicos,12,3
2018-08-01,0.06043263694161857,0.147451295645877,90,-0.08701865870425843,servicos,12,3
2018-09-01,0.021913432257613816,0.08494828861841541,90,-0.0630348563608016,servicos,12,3
2018-10-01,0.05023310579661718,0.09501169506897704,90,-0.04477858927235986,servicos,12,3
2018-11-01,0.09715443264108208,0.12935847130506906,90,-0.03220403866398698,servicos,12,3
2018-12-01,0.15687249725814265,0.2098732369219782,90,-0.05300073966383556,servicos,12,3
2019-01-01,0.2948469696487149,0.200003184814803,90,0.09484378483391187,servicos,12,3
2019-02-01,0.15693018071809567,0.28434997213597646,90,-0.1274197914178808,servicos,12,3
2019-03-01,0.021494698503144095,0.1793847598621801,90,-0.15789006135903602,servicos,12,3
2019-04-01,0.039535951630802195,0.23743255481714864,90,-0.19789660318634644,servicos,12,3
2019-05-01,0.06559638581086678,0.42959595251597776,90,-0.36399956670511097,servicos,12,3
2019-06-01,0.07480363806415286,0.37032795385931927,90,-0.2955243157951664,servicos,12,3
2019-07-01,0.06116326271723963,0.2677882785741469,90,-0.20662501585690726,servicos,12,3
2019-08-01,0.056632152796067765,0.11475888417491964,90,-0.058126731378851874,servicos,12,3
2019-09-01,0.08708232337973831,0.07085115293341286,90,0.016231170446325452,servicos,12,3
2019-10-01,0.051102464332036315,0.10790231248615989,90,-0.056799848154123575,servicos,12,3
2019-11-01,0.17662688896682244,0.12185435485246865,90,0.05477253411435379,servicos,12,3
2019-12-01,0.08491144263517399,0.17536759362816648,90,-0.09045615099299249,servicos,12,3
2020-01-01,0.07892996028176422,0.13379648209911568,87,-0.054866521817351466,servicos,12,3
2020-02-01,0.14115298228100823,0.30926434295538363,87,-0.1681113606743754,servicos,12,3
2020-03-01,0.12520533697276207,0.3105548019272096,87,-0.1853494649544475,servicos,12,3
2020-04-01,0.03610107310419176,0.31626597143155727,87,-0.2801648983273655,servicos,12,3
2020-05-01,0.008787297960797668,0.3631570564748656,87,-0.35436975851406793,servicos,12,3
2020-06-01,0.004413060250720918,0.3112452326363999,87,-0.306832172385679,servicos,12,3
2020-07-01,0.10551951161447973,0.1904096057178977,87,-0.08489009410341797,servicos,12,3
2020-08-01,0.10383690876549603,0.16527568788354696,87,-0.06143877911805093,servicos,12,3
2020-09-01,0.12759887651908347,0.24363494036675756,87,-0.11603606384767409,servicos,12,3
2020-10-01,0.08967941859010882,0.12009226963856427,87,-0.030412851048455453,servicos,12,3
2020-11-01,0.14108095102202972,0.1511893370935522,87,-0.01010838607152248,servicos,12,3
2020-12-01,0.30118754251808694,0.09706967461843105,87,0.20411786789965589,servicos,12,3
2021-01-01,0.19948247739041072,0.09629108796461033,87,0.10319138942580039,servicos,12,3
2021-02-01,0.2525368393188035,0.14669691423561795,87,0.10583992508318554,servicos,12,3
2021-03-01,0.2400002280937351,0.12564258281940963,87,0.11435764527432549,servicos,12,3
2021-04-01,0.17624592803384884,0.13766485882410548,87,0.03858106920974336,servicos,12,3
2021-05-01,0.22583010339632192,0.07838395804340575,87,0.14744614535291617,servicos,12,3
2021-06-01,0.16171845896611772,0.13021568814307205,87,0.03150277082304567,servicos,12,3
2021-07-01,0.10811483763376106,0.10617501273914856,87,0.0019398248946125018,servicos,12,3
2021-08-01,0.16104408861592454,0.15110916136579658,87,0.009934927250127956,servicos,12,3
2021-09-01,0.23351763954648314,0.10325071432144613,87,0.13026692522503702,servicos,12,3
2021-10-01,0.4419346416088584,0.10333675534219099,87,0.3385978862666674,servicos,12,3
2021-11-01,0.24604762289224,0.08381999826564879,87,0.1622276246265912,servicos,12,3
2021-12-01,0.244754252309216,0.11521470651291017,87,0.12953954579630583,servicos,12,3
2022-01-01,0.06794109814554786,0.19544073500217884,87,-0.127499636856631,servicos,12,3
2022-02-01,0.14019548230767137,0.15441650255470146,87,-0.014221020247030092,servicos,12,3
2022-03-01,0.22037485340801863,0.11377045127719677,87,0.10660440213082185,servicos,12,3
2022-04-01,0.19266046659028302,0.12434180054118621,87,0.06831866604909681,servicos,12,3
2022-05-01,0.2128211315314435,0.07044047440874535,87,0.14238065712269815,servicos,12,3
2022-06-01,0.2516187839914153,0.05267602370558252,87,0.19894276028583277,servicos,12,3
2022-07-01,0.2606188672801673,0.048351293169163964,87,0.21226757411100333,servicos,12,3
2022-08-01,0.24992693956621687,0.0734972899851469,87,0.17642964958106996,servicos,12,3
2022-09-01,0.2818936549904804,0.09744015183617928,87,0.18445350315430115,servicos,12,3
2022-10-01,0.27600532132866923,0.09887218714922882,87,0.1771331341794404,servicos,12,3
2022-11-01,0.23104386465164908,0.1497303013021576,87,0.0813135633494915,servicos,12,3
2022-12-01,0.05415089277729753,0.1378901243032164,87,-0.08373923152591886,servicos,12,3
2023-01-01,0.1488812136632227,0.08878657456395868,87,0.06009463909926403,servicos,12,3
2023-02-01,0.1892156688102321,0.0472534454400247,87,0.14196222337020742,servicos,12,3
2023-03-01,0.12746775815529013,0.03401198520374258,87,0.09345577295154756,servicos,12,3
2023-04-01,0.04979055093059017,0.19247809769576565,87,-0.14268754676517548,servicos,12,3
2023-05-01,0.055354019563386675,0.24256950537963692,87,-0.18721548581625025,servicos,12,3
2023-06-01,0.016882762505831508,0.19568336458140784,87,-0.17880060207557633,servicos,12,3
2023-07-01,0.04390842358921204,0.1562678425550978,87,-0.11235941896588575,servicos,12,3
2023-08-01,0.11729026899613379,0.15708110827109006,87,-0.039790839274956274,servicos,12,3
2023-09-01,0.2864509313543816,0.10047187843804445,87,0.18597905291633715,servicos,12,3
2023-10-01,0.05029070616764542,0.06272825547082712,87,-0.012437549303181701,servicos,12,3
2023-11-01,0.09062391280832391,0.08330629058239852,87,0.007317622225925385,servicos,12,3
2023-12-01,0.045152979066022544,0.15068364807495244,87,-0.10553066900892989,servicos,12,3
2024-01-01,0.06018007653839833,0.07828164252341935,87,-0.018101565985021016,servicos,12,3
2024-02-01,0.24967930131618254,0.05153144604354473,87,0.1981478552726378,servicos,12,3
2024-03-01,0.22093585723776998,0.05622253563810567,87,0.16471332159966431,servicos,12,3
2024-04-01,0.28428090724914423,0.1413035884777496,87,0.14297731877139463,servicos,12,3
2024-05-01,0.10446707234146427,0.22556797377643717,87,-0.1211009014349729,servicos,12,3
2024-06-01,0.07649105049764701,0.09340988546265758,87,-0.016918834965010565,servicos,12,3
2024-07-01,0.08143623482369625,0.13517008502798428,87,-0.05373385020428803,servicos,12,3
2024-08-01,0.117722354912565,0.13801379527027618,87,-0.020291440357711188,servicos,12,3
2024-09-01,0.1902789981469721,0.053099834416441206,87,0.1371791637305309,servicos,12,3
2024-10-01,0.15701062935190924,0.06930465474247173,87,0.0877059746094375,servicos,12,3
2024-11-01,0.131521751797597,0.08898250766236641,87,0.042539244135230594,servicos,12,3
2024-12-01,0.0929455333754855,0.17926229818677683,87,-0.08631676481129133,servicos,12,3
2025-01-01,0.16830412359104807,0.25896128445077127,87,-0.0906571608597232,servicos,12,3
2025-02-01,0.06402566727945454,0.22253508016661624,87,-0.1585094128871617,servicos,12,3
2025-03-01,0.021112202859083846,0.1403330252465909,87,-0.11922082238750704,servicos,12,3
2025-04-01,0.04007836404830309,0.12750508023263962,87,-0.08742671618433653,servicos,12,3
2025-05-01,0.05089551891186883,0.14110245481647105,87,-0.09020693590460221,servicos,12,3
2025-06-01,0.04454238668761273,0.09495839878978297,87,-0.05041601210217025,servicos,12,3
2025-07-01,0.11598479441879435,0.30079377794608136,87,-0.18480898352728703,servicos,12,3
2025-08-01,0.1297054331224089,0.08467815841152083,87,0.04502727471088806,servicos,12,3
2025-09-01,0.07498748665484288,0.09980007580338571,87,-0.024812589148542827,servicos,12,3
2025-10-01,0.21762920755023527,0.1158646620904148,87,0.10176454545982047,servicos,12,3
2025-11-01,0.15996977058654907,0.10454628372215578,87,0.05542348686439329,servicos,12,3
2025-12-01,0.0633401369406928,0.23470418783746616,87,-0.17136405089677337,servicos,12,3
2026-01-01,0.10331923908419216,0.19533413789211387,87,-0.09201489880792171,servicos,12,3
2026-02-01,0.057464424171341746,0.1595206868460432,87,-0.10205626267470146,servicos,12,3
2026-03-01,0.14952019766706892,0.15538700224099294,87,-0.005866804573924023,servicos,12,3
2026-04-01,0.22121269863266813,0.18451184866962306,87,0.03670084996304507,servicos,12,3
2026-05-01,0.11415569941155068,0.2332603787095694,87,-0.11910467929801871,servicos,12,3
2026-06-01,0.061160091198321685,0.22815473662005611,87,-0.16699464542173442,servicos,12,3
2026-07-01,0.04471907580576668,0.12586339882309097,87,-0.0811443230173243,servicos,12,3
2009-07-01,0.0,0.0,97,0.0,servicos,12,4
2009-08-01,0.0,0.0,97,0.0,servicos,12,4
2009-09-01,0.0,0.0,97,0.0,servicos,12,4
2009-10-01,0.04211071422266423,0.014376254170761417,97,0.02773446005190281,servicos,12,4
2009-11-01,0.016535683192545707,0.02958010776724158,97,-0.013044424574695873,servicos,12,4
2009-12-01,0.10281808405639115,0.038127366203615044,97,0.06469071785277611,servicos,12,4
2010-01-01,0.11448730509094772,0.042068485227634886,97,0.07241881986331283,servicos,12,4
2010-02-01,0.14320527777613276,0.06247520120337086,97,0.0807300765727619,servicos,12,4
2010-03-01,0.14145657850093674,0.05224151410995884,97,0.0892150643909779,servicos,12,4
2010-04-01,0.21380128907299528,0.10886555080854933,97,0.10493573826444595,servicos,12,4
2010-05-01,0.13361742872003404,0.08892559931911674,97,0.0446918294009173,servicos,12,4
2010-06-01,0.034343511923927914,0.10002924486220943,97,-0.06568573293828152,servicos,12,4
2010-07-01,0.012169640259438745,0.2665418649143482,97,-0.2543722246549095,servicos,12,4
2010-08-01,0.02229571310775479,0.06443983414665638,97,-0.0421441210389016,servicos,12,4
2010-09-01,0.014783489817314956,0.04800827031997704,97,-0.03322478050266208,servicos,12,4
2010-10-01,0.02821630347054076,0.09375596155257172,97,-0.06553965808203097,servicos,12,4
2010-11-01,0.06384728288740738,0.08724586936403238,97,-0.023398586476625002,servicos,12,4
2010-12-01,0.09813570857869973,0.21600627348859233,97,-0.1178705649098926,servicos,12,4
2011-01-01,0.06920391600420336,0.18190183866965098,97,-0.11269792266544762,servicos,12,4
2011-02-01,0.16091433744483424,0.039680648946117704,97,0.12123368849871655,servicos,12,4
2011-03-01,0.132415016919975,0.04296907240806028,97,0.08944594451191473,servicos,12,4
2011-04-01,0.1137882066740081,0.039971421570219386,97,0.07381678510378872,servicos,12,4
2011-05-01,0.04050405839830915,0.03644269991533903,97,0.004061358482970123,servicos,12,4
2011-06-01,0.03699505114605039,0.022527348929721535,97,0.014467702216328853,servicos,12,4
2011-07-01,0.04998096272531132,0.11296039951713208,97,-0.06297943679182075,servicos,12,4
2011-08-01,0.02205457653091295,0.10325632109388815,97,-0.0812017445629752,servicos,12,4
2011-09-01,0.010690867062930464,0.04172563449382017,97,-0.031034767430889704,servicos,12,4
2011-10-01,0.00012707644386915264,0.02516113588609222,97,-0.025034059442223068,servicos,12,4
2011-11-01,0.011774528293507577,0.07999988157376622,97,-0.06822535328025865,servicos,12,4
2011-12-01,0.0314890894496296,0.0677410851014043,97,-0.03625199565177469,servicos,12,4
2012-01-01,0.02139785725103878,0.043984301433547784,89,-0.022586444182509005,servicos,12,4
2012-02-01,0.021701357406387758,0.049680348435042654,89,-0.027978991028654896,servicos,12,4
2012-03-01,0.0645492406163985,0.12274031892149875,89,-0.05819107830510026,servicos,12,4
2012-04-01,0.04858232194969087,0.017042820862684677,89,0.03153950108700619,servicos,12,4
2012-05-01,0.28460309315180604,0.022276279124148278,89,0.2623268140276578,servicos,12,4
2012-06-01,0.2414755668078615,0.06347923462680753,89,0.17799633218105398,servicos,12,4
2012-07-01,0.12923702739291243,0.03220561849426427,89,0.09703140889864817,servicos,12,4
2012-08-01,0.07453965088573498,0.07034730135709105,89,0.004192349528643932,servicos,12,4
2012-09-01,0.031504219661973844,0.03469607751099831,89,-0.003191857849024468,servicos,12,4
2012-10-01,0.03342533462632448,0.033029653389723315,89,0.00039568123660116417,servicos,12,4
2012-11-01,0.0629221818749756,0.02114325875600328,89,0.04177892311897232,servicos,12,4
2012-12-01,0.061114590264459145,0.028115907993789713,89,0.03299868227066943,servicos,12,4
2013-01-01,0.050443922183052624,0.022284240762501635,89,0.02815968142055099,servicos,12,4
2013-02-01,0.060484555606347544,0.020178932932802193,89,0.04030562267354535,servicos,12,4
2013-03-01,0.03340331567009439,0.013777975357996968,89,0.019625340312097422,servicos,12,4
2013-04-01,0.04811785448724401,0.050046594993716984,89,-0.001928740506472973,servicos,12,4
2013-05-01,0.13739893320182212,0.05024139228842485,89,0.08715754091339727,servicos,12,4
2013-06-01,0.14891886549734132,0.02048533590831176,89,0.12843352958902957,servicos,12,4
2013-07-01,0.05846710860814342,0.030723244675166534,89,0.027743863932976887,servicos,12,4
2013-08-01,0.055655423472181956,0.02739602461260913,89,0.028259398859572824,servicos,12,4
2013-09-01,0.04256537261586954,0.021166897172815283,89,0.021398475443054257,servicos,12,4
2013-10-01,0.01953864581857524,0.012860473203590888,89,0.006678172614984351,servicos,12,4
2013-11-01,0.02267268430635726,0.04176513126460828,89,-0.019092446958251016,servicos,12,4
2013-12-01,0.016923374987891118,0.14182892569989342,89,-0.1249055507120023,servicos,12,4
2014-01-01,0.00834973556468532,0.1515371619978404,89,-0.14318742643315507,servicos,12,4
2014-02-01,0.014900860299181083,0.020972419344931152,89,-0.006071559045750069,servicos,12,4
2014-03-01,0.050551659473900536,0.007359741060419236,89,0.0431919184134813,servicos,12,4
2014-04-01,0.0043154545601369575,0.035466834633460925,89,-0.031151380073323968,servicos,12,4
2014-05-01,0.10930077533427392,0.06271276389194506,89,0.04658801144232885,servicos,12,4
2014-06-01,0.17989170269580856,0.07467154015298527,89,0.10522016254282329,servicos,12,4
2014-07-01,0.03923076428079614,0.04692376496933739,89,-0.00769300068854125,servicos,12,4
2014-08-01,0.07830148046721823,0.009356578532903915,89,0.06894490193431431,servicos,12,4
2014-09-01,0.036163203651030866,0.014501277539410887,89,0.02166192611161998,servicos,12,4
2014-10-01,0.02989162834613191,0.08603027187976321,89,-0.0561386435336313,servicos,12,4
2014-11-01,0.1494849353264658,0.04823406397645419,89,0.10125087135001162,servicos,12,4
2014-12-01,0.15728053052729551,0.1879500239150949,89,-0.030669493387799396,servicos,12,4
2015-01-01,0.08484773788016879,0.013547744691340406,89,0.07129999318882839,servicos,12,4
2015-02-01,0.09771956183777829,0.017592975846323824,89,0.08012658599145446,servicos,12,4
2015-03-01,0.06819083934695046,0.045552743055329616,89,0.022638096291620842,servicos,12,4
2015-04-01,0.08243581571701745,0.027553078939932578,89,0.05488273677708488,servicos,12,4
2015-05-01,0.2425055678555708,0.06473165892532176,89,0.17777390893024905,servicos,12,4
2015-06-01,0.2775714755175813,0.02014130791981597,89,0.2574301675977654,servicos,12,4
2015-07-01,0.27528460244212016,0.027615702248941453,89,0.24766890019317872,servicos,12,4
2015-08-01,0.12255915460601885,0.16936431360966164,89,-0.04680515900364279,servicos,12,4
2015-09-01,0.14516424192515326,0.16243153863247192,89,-0.017267296707318663,servicos,12,4
2015-10-01,0.04588225279438439,0.05182461677481879,89,-0.0059423639804343995,servicos,12,4
2015-11-01,0.05095104008201057,0.17292205381286738,89,-0.12197101373085681,servicos,12,4
2015-12-01,0.0494681342466115,0.19170592970925554,89,-0.14223779546264403,servicos,12,4
2016-01-01,0.0441693362176631,0.10138109924766697,89,-0.05721176303000387,servicos,12,4
2016-02-01,0.0632905493569089,0.21713311852581685,89,-0.15384256916890793,servicos,12,4
2016-03-01,0.08023338457215584,0.23630353217302194,89,-0.1560701476008661,servicos,12,4
2016-04-01,0.16398045953821272,0.18524410693673166,89,-0.021263647398518937,servicos,12,4
2016-05-01,0.19484202042796758,0.17493379825326075,89,0.019908222174706836,servicos,12,4
2016-06-01,0.05974343671504555,0.07527036864576298,89,-0.015526931930717427,servicos,12,4
2016-07-01,0.021863974237594636,0.10658114142132213,89,-0.0847171671837275,servicos,12,4
2016-08-01,0.056104258693686015,0.07617543353737662,89,-0.0200711748436906,servicos,12,4
2016-09-01,0.17224238109079984,0.037948389667482096,89,0.13429399142331774,servicos,12,4
2016-10-01,0.14649301342518298,0.07183908045977011,89,0.07465393296541287,servicos,12,4
2016-11-01,0.1505647319971274,0.0517496898870536,89,0.09881504211007379,servicos,12,4
2016-12-01,0.2795824988194682,0.06232556624818849,89,0.21725693257127968,servicos,12,4
2017-01-01,0.14389900820915644,0.07704652288460725,89,0.06685248532454918,servicos,12,4
2017-02-01,0.12480651096681238,0.10714992682301554,89,0.01765658414379684,servicos,12,4
2017-03-01,0.15695100449157667,0.11793606259893695,89,0.03901494189263972,servicos,12,4
2017-04-01,0.16176909475413728,0.23136414252110765,89,-0.06959504776697037,servicos,12,4
2017-05-01,0.04233271286292721,0.2505964831481517,89,-0.20826377028522447,servicos,12,4
2017-06-01,0.009816304017650162,0.28300372507953764,89,-0.2731874210618875,servicos,12,4
2017-07-01,0.0010526114941359047,0.1976969750934948,89,-0.19664436359935888,servicos,12,4
2017-08-01,0.0014529938986973924,0.30588859956187625,89,-0.30443560566317884,servicos,12,4
2017-09-01,0.02869329197363319,0.23531169153122,89,-0.20661839955758682,servicos,12,4
2017-10-01,0.03871792269734756,0.244244161708929,89,-0.20552623901158143,servicos,12,4
2017-11-01,0.0709403716301975,0.21370322891810936,89,-0.14276285728791188,servicos,12,4
2017-12-01,0.1331653827116622,0.2276598174964781,89,-0.0944944347848159,servicos,12,4
2018-01-01,0.14740852302334745,0.24416631715407786,89,-0.0967577941307304,servicos,12,4
2018-02-01,0.12620029614189393,0.2896979479781643,89,-0.16349765183627035,servicos,12,4
2018-03-01,0.1251798515651434,0.2313800267524262,89,-0.10620017518728278,servicos,12,4
2018-04-01,0.1262378192270638,0.29648909455596445,89,-0.17025127532890064,servicos,12,4
2018-05-01,0.0003998576884447425,0.10063190108717213,90,-0.10023204339872738,servicos,12,4
2018-06-01,0.030512865769865984,0.11012178670936346,90,-0.07960892093949748,servicos,12,4
2018-07-01,0.04691429553745949,0.08981109491095929,90,-0.0428967993734998,servicos,12,4
2018-08-01,0.03437935643580149,0.04034797255266004,90,-0.005968616116858547,servicos,12,4
2018-09-01,0.008014708450690808,0.0448302907713363,90,-0.036815582320645496,servicos,12,4
2018-10-01,0.006829283816252168,0.05360637739271564,90,-0.04677709357646347,servicos,12,4
2018-11-01,0.031470316138705455,0.044581618655692726,90,-0.01311130251698727,servicos,12,4
2018-12-01,0.008050220623868187,0.07255400821281914,90,-0.06450378758895095,servicos,12,4
2019-01-01,0.1511513105512914,0.17413611898468104,90,-0.022984808433389625,servicos,12,4
2019-02-01,0.1421447336995462,0.13758777167422975,90,0.004556962025316441,servicos,12,4
2019-03-01,0.007481106873861811,0.13475827585550487,90,-0.12727716898164307,servicos,12,4
2019-04-01,0.0012978812964781815,0.09834241106164776,90,-0.09704452976516958,servicos,12,4
2019-05-01,0.026284432606714796,0.21778165760782991,90,-0.19149722500111513,servicos,12,4
2019-06-01,0.03753224980355853,0.24519076295638836,90,-0.20765851315282985,servicos,12,4
2019-07-01,0.043035646327540276,0.23205315235316507,90,-0.18901750602562478,servicos,12,4
2019-08-01,0.024148074341798383,0.05381752179197116,90,-0.02966944745017278,servicos,12,4
2019-09-01,0.019403799540603305,0.048427010495057043,90,-0.02902321095445374,servicos,12,4
2019-10-01,0.021419758944671158,0.03588307867514473,90,-0.014463319730473573,servicos,12,4
2019-11-01,0.022555440761558125,0.09249657987608567,90,-0.06994113911452754,servicos,12,4
2019-12-01,0.02973290618543021,0.08726201985353123,90,-0.05752911366810102,servicos,12,4
2020-01-01,0.030188627022239442,0.09972183395839965,87,-0.0695332069361602,servicos,12,4
2020-02-01,0.040823004187116985,0.0919418794886726,87,-0.05111887530155562,servicos,12,4
2020-03-01,0.12520533697276207,0.18532470069642595,87,-0.06011936372366389,servicos,12,4
2020-04-01,0.0,0.25495162505706537,87,-0.25495162505706537,servicos,12,4
2020-05-01,0.007139679593148106,0.29401200564583896,87,-0.28687232605269086,servicos,12,4
2020-06-01,0.0,0.24032984410652627,87,-0.24032984410652627,servicos,12,4
2020-07-01,0.0018853519916595752,0.16474254957600104,87,-0.16285719758434147,servicos,12,4
2020-08-01,0.02215699011377247,0.1582180122844668,87,-0.13606102217069432,servicos,12,4
2020-09-01,0.03299053751230013,0.1269483821709422,87,-0.09395784465864207,servicos,12,4
2020-10-01,0.08747550824729376,0.08333171212984451,87,0.00414379611744925,servicos,12,4
2020-11-01,0.049839687096070236,0.09171408907018515,87,-0.04187440197411491,servicos,12,4
2020-12-01,0.13803099974312724,0.08010760428045989,87,0.05792339546266735,servicos,12,4
2021-01-01,0.16280327593519864,0.07949010643658071,87,0.08331316949861793,servicos,12,4
2021-02-01,0.14747682332212808,0.05943818081935996,87,0.08803864250276812,servicos,12,4
2021-03-01,0.2295963026005537,0.0026344826406411712,87,0.22696181995991252,servicos,12,4
2021-04-01,0.16307162340037618,0.053685147368451376,87,0.1093864760319248,servicos,12,4
2021-05-01,0.17052917294443742,0.05436357781177039,87,0.11616559513266703,servicos,12,4
2021-06-01,0.1434908038707777,0.03684516022836549,87,0.10664564364241222,servicos,12,4
2021-07-01,0.010637189048964654,0.06814575902163339,87,-0.05750856997266873,servicos,12,4
2021-08-01,0.09164875338158952,0.07125831688235723,87,0.020390436499232292,servicos,12,4
2021-09-01,0.14492412449644385,0.1013792068457154,87,0.043544917650728446,servicos,12,4
2021-10-01,0.17645697466724425,0.0798524777915581,87,0.09660449687568615,servicos,12,4
2021-11-01,0.1957813401750499,0.0757253624943559,87,0.120055977680694,servicos,12,4
2021-12-01,0.13351329969532538,0.08385345423690942,87,0.049659845458415966,servicos,12,4
2022-01-01,0.04963867234784293,0.05361206604367404,87,-0.003973393695831114,servicos,12,4
2022-02-01,0.04966617962470543,0.13914274564611714,87,-0.08947656602141171,servicos,12,4
2022-03-01,0.06196507116305852,0.11054467400053664,87,-0.048579602837478114,servicos,12,4
2022-04-01,0.128470783257356,0.11138197508593159,87,0.017088808171424413,servicos,12,4
2022-05-01,0.15866364077862657,0.012840679664138646,87,0.14582296111448792,servicos,12,4
2022-06-01,0.14687949662219837,0.024040923834841355,87,0.12283857278735702,servicos,12,4
2022-07-01,0.1516340706318569,0.03801447764015685,87,0.11361959299170006,servicos,12,4
2022-08-01,0.22797265581455606,0.016467972414790442,87,0.2115046833997656,servicos,12,4
2022-09-01,0.23710974103098198,0.021050558344126197,87,0.21605918268685578,servicos,12,4
2022-10-01,0.1706566733381241,0.06471115756715504,87,0.10594551577096906,servicos,12,4
2022-11-01,0.2106917118144663,0.08422440832620473,87,0.12646730348826157,servicos,12,4
2022-12-01,0.037621843980087645,0.01998390318061228,87,0.017637940799475366,servicos,12,4
2023-01-01,0.028564125123351842,0.01765566110642143,87,0.010908464016930412,servicos,12,4
2023-02-01,0.12048203502146533,0.0203846542090481,87,0.10009738081241723,servicos,12,4
2023-03-01,0.10917532624100962,0.011217750804208348,87,0.09795757543680127,servicos,12,4
2023-04-01,0.031022618142826003,0.017118263605352,87,0.013904354537474004,servicos,12,4
2023-05-01,0.04061081109730459,0.07541503000465236,87,-0.034804218907347764,servicos,12,4
2023-06-01,0.005342980626193809,0.1606532461321339,87,-0.15531026550594007,servicos,12,4
2023-07-01,0.005270416275045457,0.10166925795466857,87,-0.0963988416796231,servicos,12,4
2023-08-01,0.03850698079768847,0.11333048681339891,87,-0.07482350601571044,servicos,12,4
2023-09-01,0.09212864742772264,0.09189810694160323,87,0.00023054048611940992,servicos,12,4
2023-10-01,0.04820755543868875,0.03136704940544015,87,0.016840506033248603,servicos,12,4
2023-11-01,0.011445661611864897,0.05179929308787286,87,-0.04035363147600796,servicos,12,4
2023-12-01,0.03139803835456009,0.0072990777338603425,87,0.02409896062069975,servicos,12,4
2024-01-01,0.030747423285516398,0.06409210433639331,87,-0.033344681050876915,servicos,12,4
2024-02-01,0.024689405521289124,0.002079416123382595,87,0.022609989397906528,servicos,12,4
2024-03-01,0.1895113820474864,0.0181104519016703,87,0.17140093014581612,servicos,12,4
2024-04-01,0.20414852246000512,0.035643178166406636,87,0.16850534429359848,servicos,12,4
2024-05-01,0.07409086418031025,0.08393923014779814,87,-0.009848365967487893,servicos,12,4
2024-06-01,0.04806612800958647,0.0642869192421572,87,-0.016220791232570725,servicos,12,4
2024-07-01,0.03071003888155945,0.019071724562800402,87,0.011638314318759047,servicos,12,4
2024-08-01,0.006478715079085708,0.11859510503547731,87,-0.1121163899563916,servicos,12,4
2024-09-01,0.055802529281610946,0.023016404661858655,87,0.03278612461975229,servicos,12,4
2024-10-01,0.06048517331983205,0.015337342982096248,87,0.045147830337735805,servicos,12,4
2024-11-01,0.09049167336759548,0.030157093078814576,87,0.0603345802887809,servicos,12,4
2024-12-01,0.06475214233058761,0.01307688497411138,87,0.05167525735647623,servicos,12,4
2025-01-01,0.0490449464423234,0.1515396373480199,87,-0.10249469090569649,servicos,12,4
2025-02-01,0.033235985386172714,0.17985130198031324,87,-0.1466153165941405,servicos,12,4
2025-03-01,0.007484466888450246,0.1403330252465909,87,-0.13284855835814063,servicos,12,4
2025-04-01,0.011129797024268329,0.00894296125008759,87,0.0021868357741807384,servicos,12,4
2025-05-01,0.0010655394074902181,0.12660995435066147,87,-0.12554441494317126,servicos,12,4
2025-06-01,0.011502880083784254,0.04953162273811602,87,-0.03802874265433176,servicos,12,4
2025-07-01,0.027769119853187495,0.057676342504260195,87,-0.0299072226510727,servicos,12,4
2025-08-01,0.09235871699759982,0.012530365844788711,87,0.0798283511528111,servicos,12,4
2025-09-01,0.037184164614863825,0.05476071301474694,87,-0.017576548399883117,servicos,12,4
2025-10-01,0.059992224627043206,0.09801031687546057,87,-0.03801809224841736,servicos,12,4
2025-11-01,0.10569002110846974,0.028987227783263216,87,0.07670279332520652,servicos,12,4
2025-12-01,0.041012724193338256,0.0896570692375617,87,-0.04864434504422344,servicos,12,4
2026-01-01,0.02632180614763943,0.16705592262344043,87,-0.140734116475801,servicos,12,4
2026-02-01,0.0343451909799458,0.1244792900433901,87,-0.0901340990634443,servicos,12,4
2026-03-01,0.02581164167097627,0.13354019421938748,87,-0.10772855254841121,servicos,12,4
2026-04-01,0.1215787832594235,0.12646953529194382,87,-0.004890752032520318,servicos,12,4
2026-05-01,0.1046937349494996,0.1774616410748006,87,-0.07276790612530101,servicos,12,4
2026-06-01,0.00367567380128822,0.17766623610424812,87,-0.1739905623029599,servicos,12,4
2026-07-01,0.03313487076822634,0.07818327310124479,87,-0.04504840233301845,servicos,12,4
2009-07-01,0.0,0.0,226,0.0,bens,12,2
2009-08-01,0.24208041765509525,0.30946718615594804,226,-0.06738676850085279,bens,12,2
2009-09-01,0.196254967489588,0.27516836547605916,226,-0.07891339798647115,bens,12,2
2009-10-01,0.11524808920813437,0.47364929872892747,226,-0.35840120952079313,bens,12,2
2009-11-01,0.07053242749827912,0.5212432286834466,226,-0.4507108011851675,bens,12,2
2009-12-01,0.09893879941784886,0.35329522056296525,226,-0.25435642114511636,bens,12,2
2010-01-01,0.26802250702971153,0.2357291626201625,226,0.032293344409549035,bens,12,2
2010-02-01,0.23786445432570352,0.19781252797755827,226,0.04005192634814525,bens,12,2
2010-03-01,0.15729450109140927,0.2784020572317077,226,-0.12110755614029842,bens,12,2
2010-04-01,0.19312645028812886,0.15100207120432518,226,0.042124379083803676,bens,12,2
2010-05-01,0.37704782709956636,0.21551233634334804,226,0.16153549075621831,bens,12,2
2010-06-01,0.31448565347859664,0.2564127506293368,226,0.05807290284925981,bens,12,2
2010-07-01,0.2082109441787133,0.2928317670479588,226,-0.08462082286924552,bens,12,2
2010-08-01,0.10515632068957306,0.31734707240993404,226,-0.21219075172036098,bens,12,2
2010-09-01,0.22554200339963618,0.2296871738287657,226,-0.004145170429129513,bens,12,2
2010-10-01,0.3552774189716865,0.15645034371149022,226,0.1988270752601963,bens,12,2
2010-11-01,0.34510282461895797,0.18754845004082332,226,0.15755437457813465,bens,12,2
2010-12-01,0.3408277453945158,0.19249682254459397,226,0.14833092284992186,bens,12,2
2011-01-01,0.3066236615380145,0.16282090397942728,226,0.14380275755858724,bens,12,2
2011-02-01,0.16647006182883176,0.18550102273255542,226,-0.019030960903723665,bens,12,2
2011-03-01,0.27894533716932146,0.35583467826819176,226,-0.0768893410988703,bens,12,2
2011-04-01,0.2236954198808496,0.14174802757732338,226,0.08194739230352621,bens,12,2
2011-05-01,0.25471515535381256,0.21469498105727386,226,0.0400201742965387,bens,12,2
2011-06-01,0.25079239650555335,0.3522220758886108,226,-0.10142967938305747,bens,12,2
2011-07-01,0.08939183690198076,0.2359347280040751,226,-0.14654289110209434,bens,12,2
2011-08-01,0.1930584854770565,0.1885367759829356,226,0.004521709494120896,bens,12,2
2011-09-01,0.23993498887196904,0.1560091366990746,226,0.08392585217289444,bens,12,2
2011-10-01,0.3105012003044675,0.2782276479887581,226,0.032273552315709386,bens,12,2
2011-11-01,0.21981911358637152,0.22508716712687793,226,-0.005268053540506412,bens,12,2
2011-12-01,0.23803471005472096,0.17376017818566644,226,0.06427453186905452,bens,12,2
2012-01-01,0.31038914694046893,0.20990086370718092,220,0.10048828323328801,bens,12,2
2012-02-01,0.13527783012713646,0.21543033588959282,220,-0.08015250576245636,bens,12,2
2012-03-01,0.09281083408990386,0.44147926996764203,220,-0.34866843587773816,bens,12,2
2012-04-01,0.12129236979181858,0.39003540659250924,220,-0.26874303680069067,bens,12,2
2012-05-01,0.20314879165777716,0.22786800443063687,220,-0.02471921277285971,bens,12,2
2012-06-01,0.2474273660657056,0.3584060740965189,220,-0.11097870803081333,bens,12,2
2012-07-01,0.24007158436977913,0.23734511323556712,220,0.0027264711342120107,bens,12,2
2012-08-01,0.3521795899933123,0.12622427325286834,220,0.22595531674044395,bens,12,2
2012-09-01,0.5087747158828421,0.1401760140441652,220,0.3685987018386769,bens,12,2
2012-10-01,0.47635578826971214,0.08932353558198815,220,0.387032252687724,bens,12,2
2012-11-01,0.4236130558778312,0.19851003880643078,220,0.22510301707140043,bens,12,2
2012-12-01,0.18575533368905525,0.18879989499544883,220,-0.0030445613063935784,bens,12,2
2013-01-01,0.26260263591245536,0.26544595695701967,220,-0.0028433210445643065,bens,12,2
2013-02-01,0.39716880871746185,0.09238072295985604,220,0.3047880857576058,bens,12,2
2013-03-01,0.39742415488889205,0.13507123029013485,220,0.2623529245987572,bens,12,2
2013-04-01,0.29580708490028174,0.237394432851289,220,0.058412652048992736,bens,12,2
2013-05-01,0.3559489077663107,0.281203276981056,220,0.0747456307852547,bens,12,2
2013-06-01,0.2252452393076781,0.1776047408269587,220,0.047640498480719384,bens,12,2
2013-07-01,0.224834668033579,0.3378654319639001,220,-0.11303076393032113,bens,12,2
2013-08-01,0.23359292472973278,0.37527813363899937,220,-0.14168520890926659,bens,12,2
2013-09-01,0.29129787910236615,0.3175074601259432,220,-0.026209581023577067,bens,12,2
2013-10-01,0.3121493170652095,0.11650974455368651,220,0.19563957251152297,bens,12,2
2013-11-01,0.23176197706275525,0.12213774672665235,220,0.1096242303361029,bens,12,2
2013-12-01,0.13872197924658264,0.1877299479764578,220,-0.04900796872987517,bens,12,2
2014-01-01,0.2021085500360938,0.2664366735496723,228,-0.06432812351357853,bens,12,2
2014-02-01,0.23739880594510704,0.16800939584178073,228,0.0693894101033263,bens,12,2
2014-03-01,0.4308263175005326,0.10937692678497361,228,0.32144939071555895,bens,12,2
2014-04-01,0.27098267185256436,0.16930004321581418,228,0.10168262863675018,bens,12,2
2014-05-01,0.21855315740733014,0.16667083816531927,228,0.051882319242010866,bens,12,2
2014-06-01,0.3740730667613951,0.20011489531759952,228,0.1739581714437956,bens,12,2
2014-07-01,0.14771432947630783,0.17496971469150757,228,-0.02725538521519974,bens,12,2
2014-08-01,0.13341877246259717,0.2879363664224222,228,-0.15451759395982503,bens,12,2
2014-09-01,0.24277272447741668,0.23086190606638304,228,0.011910818411033641,bens,12,2
2014-10-01,0.17831634789892503,0.23061845595420916,228,-0.052302108055284124,bens,12,2
2014-11-01,0.1189054768025052,0.4567462942340486,228,-0.3378408174315434,bens,12,2
2014-12-01,0.15963715153357297,0.26014271890955837,228,-0.1005055673759854,bens,12,2
2015-01-01,0.21097649286987524,0.22789939839572196,228,-0.016922905525846715,bens,12,2
2015-02-01,0.26589747244792145,0.3459389507989613,228,-0.08004147835103986,bens,12,2
2015-03-01,0.3349396573550511,0.11549216530227588,228,0.21944749205277522,bens,12,2
2015-04-01,0.4117291738996666,0.09625464676145072,228,0.3154745271382159,bens,12,2
2015-05-01,0.3089865801304803,0.16839344668672324,228,0.14059313344375707,bens,12,2
2015-06-01,0.3037013541128652,0.2327086748557185,228,0.0709926792571467,bens,12,2
2015-07-01,0.29527325484947575,0.12730524072350607,228,0.16796801412596968,bens,12,2
2015-08-01,0.23323202476431684,0.16907555930772475,228,0.0641564654565921,bens,12,2
2015-09-01,0.1808745402533715,0.2089539619238195,228,-0.028079421670447996,bens,12,2
2015-10-01,0.39903598935406764,0.2459272527956874,228,0.15310873655838025,bens,12,2
2015-11-01,0.19631704005431094,0.20038753111563704,228,-0.0040704910613260925,bens,12,2
2015-12-01,0.17505104411619754,0.37095906613909346,228,-0.19590802202289592,bens,12,2
2016-01-01,0.3345036921030253,0.1809733904760301,228,0.15353030162699519,bens,12,2
2016-02-01,0.298264505572881,0.125867397597438,228,0.17239710797544297,bens,12,2
2016-03-01,0.2887990826714398,0.334917216690905,228,-0.04611813401946524,bens,12,2
2016-04-01,0.2691494416395984,0.2948265178817037,228,-0.0256770762421053,bens,12,2
2016-05-01,0.17666183469099841,0.33942365524638923,228,-0.16276182055539082,bens,12,2
2016-06-01,0.17591101477635893,0.39918343362557135,228,-0.22327241884921242,bens,12,2
2016-07-01,0.2503055440342873,0.38682151251209734,228,-0.13651596847781006,bens,12,2
2016-08-01,0.12617891730987937,0.3641763343622901,228,-0.2379974170524107,bens,12,2
2016-09-01,0.13262503653620256,0.44819304350703426,228,-0.3155680069708317,bens,12,2
2016-10-01,0.07336654520925141,0.32755903770340433,228,-0.25419249249415293,bens,12,2
2016-11-01,0.05662343420906773,0.3073661456601263,228,-0.2507427114510586,bens,12,2
2016-12-01,0.1573466908688606,0.46779820262573424,228,-0.31045151175687363,bens,12,2
2017-01-01,0.12618932857091114,0.35774446187322556,228,-0.23155513330231442,bens,12,2
2017-02-01,0.0913786076012976,0.33602269110725236,228,-0.24464408350595476,bens,12,2
2017-03-01,0.06149553038243964,0.45788498989734355,228,-0.3963894595149039,bens,12,2
2017-04-01,0.11817057053679385,0.4957708854708545,228,-0.37760031493406065,bens,12,2
2017-05-01,0.08045603336173265,0.49200988744899327,228,-0.41155385408726064,bens,12,2
2017-06-01,0.08499057161352058,0.3955813233514396,228,-0.310590751737919,bens,12,2
2017-07-01,0.10555408428324309,0.31717782423241847,228,-0.21162373994917538,bens,12,2
2017-08-01,0.07955051463351684,0.4157909813631478,228,-0.3362404667296309,bens,12,2
2017-09-01,0.07589989499675262,0.5218718617047148,228,-0.44597196670796213,bens,12,2
2017-10-01,0.044947564047693594,0.559862583623208,228,-0.5149150195755143,bens,12,2
2017-11-01,0.03946518574905136,0.6672289309481795,228,-0.6277637451991281,bens,12,2
2017-12-01,0.04726069506310319,0.36679310504825535,228,-0.31953240998515214,bens,12,2
2018-01-01,0.10115695680385614,0.3168074480904709,228,-0.21565049128661476,bens,12,2
2018-02-01,0.09989493883008743,0.5439621664018431,228,-0.4440672275717557,bens,12,2
2018-03-01,0.07895058708414873,0.2862413801136893,228,-0.2072907930295406,bens,12,2
2018-04-01,0.11291336748952027,0.25126339077782955,228,-0.13835002328830928,bens,12,2
2018-05-01,0.12226683605678454,0.30128616051656215,237,-0.1790193244597776,bens,12,2
2018-06-01,0.16293686510008193,0.26903277928304975,237,-0.10609591418296782,bens,12,2
2018-07-01,0.1939601729988998,0.20294482313016246,237,-0.00898465013126265,bens,12,2
2018-08-01,0.33404662094610005,0.28320149205736705,237,0.05084512888873299,bens,12,2
2018-09-01,0.16364173498966014,0.3041116645850457,237,-0.14046992959538554,bens,12,2
2018-10-01,0.11580461879523733,0.45879053925095065,237,-0.3429859204557133,bens,12,2
2018-11-01,0.1268489269404384,0.4351251389536606,237,-0.3082762120132222,bens,12,2
2018-12-01,0.08244416094725687,0.290123691055534,237,-0.2076795301082771,bens,12,2
2019-01-01,0.11790290178246954,0.22178386503120995,237,-0.10388096324874041,bens,12,2
2019-02-01,0.08760331537890045,0.31467368592124817,237,-0.22707037054234772,bens,12,2
2019-03-01,0.16227586926770432,0.370966806615481,237,-0.20869093734777666,bens,12,2
2019-04-01,0.23611909846748722,0.2211263087624591,237,0.014992789705028126,bens,12,2
2019-05-01,0.1742459316187875,0.2915026968216857,237,-0.11725676520289824,bens,12,2
2019-06-01,0.11621962709222662,0.43337443150756627,237,-0.31715480441533966,bens,12,2
2019-07-01,0.16539417975551945,0.3499222530880375,237,-0.18452807333251803,bens,12,2
2019-08-01,0.2703082867381839,0.21075501651744546,237,0.05955327022073845,bens,12,2
2019-09-01,0.34654035978736913,0.3193851608920667,237,0.027155198895302435,bens,12,2
2019-10-01,0.09930643404959746,0.3875956478222969,237,-0.28828921377269945,bens,12,2
2019-11-01,0.12221527845015007,0.3877030686582579,237,-0.2654877902081078,bens,12,2
2019-12-01,0.23464134538382336,0.1818339156172356,237,0.052807429766587755,bens,12,2
2020-01-01,0.29147547854236966,0.260042344405986,230,0.031433134136383656,bens,12,2
2020-02-01,0.0982598167657529,0.3089394459603535,230,-0.2106796291946006,bens,12,2
2020-03-01,0.14998078610218893,0.33504687466013156,230,-0.18506608855794263,bens,12,2
2020-04-01,0.3395352859155386,0.3660641260759439,230,-0.026528840160405298,bens,12,2
2020-05-01,0.1341460381528316,0.35005880325603045,230,-0.21591276510319884,bens,12,2
2020-06-01,0.14949442828515588,0.4462143086867859,230,-0.29671988040163,bens,12,2
2020-07-01,0.2153420343781883,0.3546128835243821,230,-0.13927084914619378,bens,12,2
2020-08-01,0.24319193622077642,0.2727546405335241,230,-0.029562704312747684,bens,12,2
2020-09-01,0.40732707612853997,0.10187327570676152,230,0.30545380042177844,bens,12,2
2020-10-01,0.47451424101468104,0.1072092081185657,230,0.3673050328961153,bens,12,2
2020-11-01,0.45521039586823775,0.18124575954362304,230,0.2739646363246147,bens,12,2
2020-12-01,0.47503708550736057,0.11669687179891262,230,0.35834021370844793,bens,12,2
2021-01-01,0.40888841784247826,0.10793078808723627,230,0.300957629755242,bens,12,2
2021-02-01,0.41112089271693353,0.2328460280826504,230,0.17827486463428313,bens,12,2
2021-03-01,0.2443212879947518,0.19665017493986442,230,0.04767111305488739,bens,12,2
2021-04-01,0.26150818363548156,0.158666533627396,230,0.10284165000808557,bens,12,2
2021-05-01,0.36073106439429087,0.13732545631381604,230,0.22340560808047483,bens,12,2
2021-06-01,0.3887036781925885,0.16418928227028515,230,0.22451439592230335,bens,12,2
2021-07-01,0.30883284013488405,0.2441435551579382,230,0.06468928497694584,bens,12,2
2021-08-01,0.3149731900245485,0.2083478633157362,230,0.10662532670881228,bens,12,2
2021-09-01,0.34654289152484097,0.1495513151108819,230,0.19699157641395906,bens,12,2
2021-10-01,0.37627762514262864,0.1810030714711692,230,0.19527455367145943,bens,12,2
2021-11-01,0.37304237261854306,0.22178001523029794,230,0.15126235738824512,bens,12,2
2021-12-01,0.3796433156379029,0.24657714860691854,230,0.13306616703098434,bens,12,2
2022-01-01,0.35732511824744834,0.1878647691754488,230,0.16946034907199953,bens,12,2
2022-02-01,0.40177862965138444,0.3147398178776668,230,0.08703881177371764,bens,12,2
2022-03-01,0.4417573006765437,0.2815483428962919,230,0.1602089577802518,bens,12,2
2022-04-01,0.3963445406806247,0.18884607515515242,230,0.20749846552547227,bens,12,2
2022-05-01,0.3230466873684994,0.20848639835467786,230,0.11456028901382154,bens,12,2
2022-06-01,0.35867255024998485,0.1841048789209832,230,0.17456767132900164,bens,12,2
2022-07-01,0.3559878284402496,0.1282860855105929,230,0.22770174292965673,bens,12,2
2022-08-01,0.4091873025325459,0.16425322151092583,230,0.2449340810216201,bens,12,2
2022-09-01,0.16952710170642196,0.1968469074176716,230,-0.027319805711249645,bens,12,2
2022-10-01,0.15368421741891972,0.44987526110045245,230,-0.2961910436815327,bens,12,2
2022-11-01,0.10143435254738137,0.3724282660285955,230,-0.27099391348121415,bens,12,2
2022-12-01,0.18863517574807265,0.4607474193126878,230,-0.27211224356461516,bens,12,2
2023-01-01,0.20067057618671763,0.39381347805950384,230,-0.1931429018727862,bens,12,2
2023-02-01,0.17843274182074492,0.38413945687005213,230,-0.2057067150493072,bens,12,2
2023-03-01,0.13166849128620883,0.3464410056119379,230,-0.21477251432572908,bens,12,2
2023-04-01,0.25172490246234996,0.2808422487764361,230,-0.029117346314086134,bens,12,2
2023-05-01,0.17946301000158757,0.2139294597025983,230,-0.03446644970101073,bens,12,2
2023-06-01,0.1272246439411241,0.3834215412723789,230,-0.2561968973312548,bens,12,2
2023-07-01,0.07053229033051314,0.30174195649428764,230,-0.2312096661637745,bens,12,2
2023-08-01,0.12711012559734713,0.38043873915090715,230,-0.25332861355356,bens,12,2
2023-09-01,0.129951944433227,0.521056280202991,230,-0.391104335769764,bens,12,2
2023-10-01,0.12543197148564278,0.32232279418996235,230,-0.19689082270431957,bens,12,2
2023-11-01,0.15500404767792,0.26617462258367175,230,-0.11117057490575175,bens,12,2
2023-12-01,0.14283490098255897,0.37572473456015,230,-0.23288983357759102,bens,12,2
2024-01-01,0.23145071609098566,0.34077506318449874,230,-0.10932434709351307,bens,12,2
2024-02-01,0.27510368439742444,0.1834862077976027,230,0.09161747659982175,bens,12,2
2024-03-01,0.25996286484617115,0.2713585892670676,230,-0.011395724420896425,bens,12,2
2024-04-01,0.1795291050852228,0.2232411803533555,230,-0.0437120752681327,bens,12,2
2024-05-01,0.3244800064225646,0.16217310149659137,230,0.16230690492597322,bens,12,2
2024-06-01,0.28552456839309426,0.2047795384373505,230,0.08074502995574376,bens,12,2
2024-07-01,0.2732307425086095,0.1988696526453268,230,0.07436108986328271,bens,12,2
2024-08-01,0.331782830601388,0.1539926007939294,230,0.17779022980745862,bens,12,2
2024-09-01,0.2048652540281829,0.22837017032107162,230,-0.023504916292888728,bens,12,2
2024-10-01,0.24317531408777543,0.32533539906230335,230,-0.08216008497452792,bens,12,2
2024-11-01,0.3503301120155378,0.2611695204440158,230,0.08916059157152201,bens,12,2
2024-12-01,0.30777372849563217,0.18384559729889063,230,0.12392813119674154,bens,12,2
2025-01-01,0.2198917658812755,0.21263841478644577,230,0.007253351094829746,bens,12,2
2025-02-01,0.2757163874456579,0.2931422966811579,230,-0.01742590923549997,bens,12,2
2025-03-01,0.24746539009791255,0.1556118616738941,230,0.09185352842401845,bens,12,2
2025-04-01,0.3488898716793413,0.152342126352122,230,0.19654774532721933,bens,12,2
2025-05-01,0.3205250098555295,0.1394019101506985,230,0.181123099704831,bens,12,2
2025-06-01,0.06420490914337074,0.23980578338346836,230,-0.17560087424009763,bens,12,2
2025-07-01,0.11071916589921504,0.3861173818650903,230,-0.27539821596587527,bens,12,2
2025-08-01,0.1334162213109001,0.28177567438393847,230,-0.14835945307303836,bens,12,2
2025-09-01,0.2005132872467861,0.42017948323283966,230,-0.21966619598605355,bens,12,2
2025-10-01,0.11332233519628308,0.4408255336340987,230,-0.3275031984378156,bens,12,2
2025-11-01,0.14159888175954463,0.47269236598797554,230,-0.3310934842284309,bens,12,2
2025-12-01,0.14523255774703037,0.3886865440896003,230,-0.24345398634256993,bens,12,2
2026-01-01,0.0756868581533716,0.24484919662654017,230,-0.16916233847316858,bens,12,2
2026-02-01,0.32203000172423707,0.25665775247394207,230,0.065372249250295,bens,12,2
2026-03-01,0.40212005013127194,0.10451487125841041,230,0.29760517887286153,bens,12,2
2026-04-01,0.357774882839596,0.11782699172686822,230,0.2399478911127278,bens,12,2
2026-05-01,0.3682834727363985,0.16132129178302304,230,0.20696218095337546,bens,12,2
2026-06-01,0.14661226898024451,0.26008642393319414,230,-0.11347415495294963,bens,12,2
2026-07-01,0.09911957212348177,0.30558478362451214,230,-0.20646521150103037,bens,12,2
2009-07-01,0.0,0.0,226,0.0,bens,12,3
2009-08-01,0.0,0.0,226,0.0,bens,12,3
2009-09-01,0.04083999391827231,0.1533549373790735,226,-0.11251494346080118,bens,12,3
2009-10-01,0.06015334142070885,0.20602190762464218,226,-0.14586856620393332,bens,12,3
2009-11-01,0.02594499147038578,0.34627839463681803,226,-0.3203334031664323,bens,12,3
2009-12-01,0.02487291592577872,0.28282444915292226,226,-0.25795153322714354,bens,12,3
2010-01-01,0.02828020833644603,0.12756872084649382,226,-0.09928851251004779,bens,12,3
2010-02-01,0.061944552209854065,0.13210182339073084,226,-0.07015727118087678,bens,12,3
2010-03-01,0.09284454145860122,0.08000478425978531,226,0.012839757198815901,bens,12,3
2010-04-01,0.06902926392128236,0.05315695455813318,226,0.015872309363149185,bens,12,3
2010-05-01,0.09720195400367335,0.06893847600685139,226,0.028263477996821953,bens,12,3
2010-06-01,0.21539826556540093,0.11237273247142192,226,0.10302553309397901,bens,12,3
2010-07-01,0.1640976036869086,0.1414774256716983,226,0.022620178015210296,bens,12,3
2010-08-01,0.029591399385670406,0.16983951234611996,226,-0.14024811296044956,bens,12,3
2010-09-01,0.03742581934214058,0.16601556675513673,226,-0.12858974741299617,bens,12,3
2010-10-01,0.08732201980609625,0.08707555713925141,226,0.0002464626668448322,bens,12,3
2010-11-01,0.20767419171331136,0.07863128450453478,226,0.1290429072087766,bens,12,3
2010-12-01,0.25412923112883673,0.07437729178536472,226,0.179751939343472,bens,12,3
2011-01-01,0.18850193958941724,0.07742957183745225,226,0.111072367751965,bens,12,3
2011-02-01,0.06416775138301334,0.09784819394728278,226,-0.03368044256426944,bens,12,3
2011-03-01,0.10261560592239143,0.0830555750473651,226,0.01956003087502632,bens,12,3
2011-04-01,0.08866021634439453,0.0867368297788252,226,0.0019233865655693266,bens,12,3
2011-05-01,0.0977573688963956,0.044345332348076985,226,0.05341203654831861,bens,12,3
2011-06-01,0.14046856022359774,0.133058226143963,226,0.007410334079634734,bens,12,3
2011-07-01,0.06448449292418307,0.12250209317712085,226,-0.058017600252937784,bens,12,3
2011-08-01,0.05148108756074486,0.06941808331227707,226,-0.01793699575153221,bens,12,3
2011-09-01,0.09232458709148413,0.11984303619538478,226,-0.027518449103900652,bens,12,3
2011-10-01,0.10852508929094208,0.08798817260963757,226,0.020536916681304515,bens,12,3
2011-11-01,0.09423117424065149,0.11063204942200591,226,-0.016400875181354427,bens,12,3
2011-12-01,0.12659870034080342,0.09248629060706154,226,0.03411240973374188,bens,12,3
2012-01-01,0.08417736025322257,0.09436951116552598,220,-0.01019215091230341,bens,12,3
2012-02-01,0.050770502022296,0.058192835708383475,220,-0.007422333686087475,bens,12,3
2012-03-01,0.040814069883837324,0.12433363596154293,220,-0.08351956607770561,bens,12,3
2012-04-01,0.05925208677240036,0.21383656970198966,220,-0.15458448292958932,bens,12,3
2012-05-01,0.04107691363472966,0.18650760017886214,220,-0.1454306865441325,bens,12,3
2012-06-01,0.1019876000792476,0.1259396086566364,220,-0.023952008577388786,bens,12,3
2012-07-01,0.1392878689437535,0.13709799053276409,220,0.0021898784109894154,bens,12,3
2012-08-01,0.10677197177838448,0.05246823331181295,220,0.05430373846657152,bens,12,3
2012-09-01,0.28564168899565745,0.04144818904185531,220,0.24419349995380213,bens,12,3
2012-10-01,0.3771348761822106,0.03457184650445008,220,0.34256302967776053,bens,12,3
2012-11-01,0.3004069245760726,0.06756262466351567,220,0.23284429991255692,bens,12,3
2012-12-01,0.09555128816045151,0.07773475507973783,220,0.01781653308071368,bens,12,3
2013-01-01,0.1319979031219551,0.06657017988706489,220,0.06542772323489023,bens,12,3
2013-02-01,0.19253517733913364,0.01806124328690255,220,0.17447393405223108,bens,12,3
2013-03-01,0.1570081869037722,0.06489776938577085,220,0.09211041751800134,bens,12,3
2013-04-01,0.21693399578152694,0.08619784133261059,220,0.13073615444891634,bens,12,3
2013-05-01,0.23377328801258823,0.16958880943447996,220,0.06418447857810827,bens,12,3
2013-06-01,0.12499790154614081,0.12452504994320185,220,0.000472851602938959,bens,12,3
2013-07-01,0.10672279970532957,0.09679307804565151,220,0.00992972165967805,bens,12,3
2013-08-01,0.1573477850448385,0.26466241880745284,220,-0.10731463376261433,bens,12,3
2013-09-01,0.17522085066529416,0.2321878067370351,220,-0.05696695607174093,bens,12,3
2013-10-01,0.14748802683339995,0.05051522604100423,220,0.09697280079239573,bens,12,3
2013-11-01,0.16600368654299752,0.07501666788057393,220,0.09098701866242359,bens,12,3
2013-12-01,0.06409423597072346,0.050525555375112705,220,0.013568680595610755,bens,12,3
2014-01-01,0.07452112746990783,0.08146568849642699,228,-0.006944561026519164,bens,12,3
2014-02-01,0.15982438724290768,0.08813914794256232,228,0.07168523930034536,bens,12,3
2014-03-01,0.1292473347308947,0.02904610831474278,228,0.10020122641615192,bens,12,3
2014-04-01,0.1703790445122886,0.050110827652544855,228,0.12026821685974376,bens,12,3
2014-05-01,0.11818133782742787,0.05598985491527686,228,0.062191482912151014,bens,12,3
2014-06-01,0.14883106502963966,0.10918662995937034,228,0.039644435070269324,bens,12,3
2014-07-01,0.09139618753219989,0.09312558307921522,228,-0.0017293955470153305,bens,12,3
2014-08-01,0.057495890563619645,0.11961942440030089,228,-0.06212353383668125,bens,12,3
2014-09-01,0.04651396816700304,0.12978906586310804,228,-0.083275097696105,bens,12,3
2014-10-01,0.05948066452603658,0.1401200614267765,228,-0.08063939690073992,bens,12,3
2014-11-01,0.09793381394556967,0.1581303569983226,228,-0.06019654305275292,bens,12,3
2014-12-01,0.06268700834060685,0.14117962002972612,228,-0.07849261168911927,bens,12,3
2015-01-01,0.11470588235294119,0.14841521836007132,228,-0.033709336007130136,bens,12,3
2015-02-01,0.16939322538899929,0.1429214287111804,228,0.026471796677818876,bens,12,3
2015-03-01,0.16508566123723523,0.08045404675500042,228,0.0846316144822348,bens,12,3
2015-04-01,0.2016009980834314,0.04966989293748712,228,0.15193110514594427,bens,12,3
2015-05-01,0.18430066817654284,0.031273591815119045,228,0.1530270763614238,bens,12,3
2015-06-01,0.17318272663986883,0.05548382026004356,228,0.11769890637982527,bens,12,3
2015-07-01,0.2031620353317944,0.04264220864484602,228,0.16051982668694836,bens,12,3
2015-08-01,0.1681750386942451,0.0692444069227522,228,0.0989306317714929,bens,12,3
2015-09-01,0.09454786297084397,0.10068063638797685,228,-0.006132773417132878,bens,12,3
2015-10-01,0.12759861896716373,0.133144788070227,228,-0.00554616910306327,bens,12,3
2015-11-01,0.10976465263634308,0.14738628649015614,228,-0.03762163385381306,bens,12,3
2015-12-01,0.08294633679259895,0.08111860540433981,228,0.0018277313882591462,bens,12,3
2016-01-01,0.11882369120490821,0.12249474461199941,228,-0.0036710534070912015,bens,12,3
2016-02-01,0.1755492469268743,0.08782077279147496,228,0.08772847413539933,bens,12,3
2016-03-01,0.1884970354625797,0.110264011634411,228,0.0782330238281687,bens,12,3
2016-04-01,0.1489164835103767,0.2164393305788109,228,-0.0675228470684342,bens,12,3
2016-05-01,0.10514674700865599,0.23592329076944824,228,-0.13077654376079223,bens,12,3
2016-06-01,0.07201915854304158,0.25861261326185836,228,-0.18659345471881678,bens,12,3
2016-07-01,0.11416562975252316,0.31357113231024475,228,-0.1994055025577216,bens,12,3
2016-08-01,0.05080255871524517,0.3216403094029756,228,-0.2708377506877304,bens,12,3
2016-09-01,0.03989201828740342,0.2722925984547255,228,-0.23240058016732207,bens,12,3
2016-10-01,0.024767913125694603,0.22672081566303032,228,-0.20195290253733572,bens,12,3
2016-11-01,0.021715996009311605,0.1574797694268928,228,-0.1357637734175812,bens,12,3
2016-12-01,0.03202250470469525,0.19255476765615837,228,-0.1605322629514631,bens,12,3
2017-01-01,0.0449123901917135,0.2083216083762165,228,-0.163409218184503,bens,12,3
2017-02-01,0.037302974299417646,0.20192517071373137,228,-0.16462219641431372,bens,12,3
2017-03-01,0.018263467164258796,0.20539726343063172,228,-0.18713379626637291,bens,12,3
2017-04-01,0.047701262548153975,0.3570143126282935,228,-0.3093130500801395,bens,12,3
2017-05-01,0.029113044258105014,0.3844082103941527,228,-0.35529516613604767,bens,12,3
2017-06-01,0.0266021220905688,0.208868312178098,228,-0.1822661900875292,bens,12,3
2017-07-01,0.02267668884844455,0.1880877654629155,228,-0.16541107661447096,bens,12,3
2017-08-01,0.015414897569636482,0.19832889463697703,228,-0.18291399706734054,bens,12,3
2017-09-01,0.002549261400863487,0.31941587294320956,228,-0.3168666115423461,bens,12,3
2017-10-01,0.02315167217691784,0.4161469987562439,228,-0.39299532657932607,bens,12,3
2017-11-01,0.007139314671926001,0.498042166937707,228,-0.49090285226578095,bens,12,3
2017-12-01,0.018681560876020784,0.30651157665181883,228,-0.28783001577579803,bens,12,3
2018-01-01,0.00869600482017056,0.2663578744901743,228,-0.2576618696700037,bens,12,3
2018-02-01,0.04124591549377303,0.2404424724974169,228,-0.19919655700364386,bens,12,3
2018-03-01,0.015303210325225981,0.1916963703289535,228,-0.17639316000372754,bens,12,3
2018-04-01,0.05289357242664183,0.12943351187703775,228,-0.07653993945039592,bens,12,3
2018-05-01,0.02651285577752395,0.13826662626168443,237,-0.11175377048416048,bens,12,3
2018-06-01,0.04917621598919704,0.18021460091171845,237,-0.1310383849225214,bens,12,3
2018-07-01,0.07228757865570774,0.1243269516220102,237,-0.052039372966302455,bens,12,3
2018-08-01,0.06290085886844521,0.10216675728927321,237,-0.039265898420828005,bens,12,3
2018-09-01,0.10792644224159868,0.17728975871721447,237,-0.06936331647561579,bens,12,3
2018-10-01,0.0471334400187923,0.1990633212455772,237,-0.1519298812267849,bens,12,3
2018-11-01,0.045169105505058066,0.2579507891394699,237,-0.21278168363441183,bens,12,3
2018-12-01,0.04962238758476939,0.19210502500386809,237,-0.1424826374190987,bens,12,3
2019-01-01,0.0474036300627106,0.12812208360831606,237,-0.08071845354560546,bens,12,3
2019-02-01,0.049547850111441305,0.12047269687964339,237,-0.07092484676820209,bens,12,3
2019-03-01,0.03395015193338127,0.08876504836352671,237,-0.054814896430145435,bens,12,3
2019-04-01,0.03294194484341089,0.15073995832767398,237,-0.11779801348426308,bens,12,3
2019-05-01,0.13675663788513626,0.10928783073682262,237,0.027468807148313637,bens,12,3
2019-06-01,0.05508415432752143,0.19313912507415118,237,-0.13805497074662976,bens,12,3
2019-07-01,0.08066169319379657,0.1927570161492275,237,-0.11209532295543093,bens,12,3
2019-08-01,0.039326695226866826,0.10375932389368135,237,-0.06443262866681453,bens,12,3
2019-09-01,0.1867453841720473,0.1381925204717199,237,0.04855286370032741,bens,12,3
2019-10-01,0.0584585401361303,0.22545149294253355,237,-0.16699295280640325,bens,12,3
2019-11-01,0.050637702335161204,0.17524124717970385,237,-0.12460354484454264,bens,12,3
2019-12-01,0.0799327660098739,0.09221206281039251,237,-0.012279296800518619,bens,12,3
2020-01-01,0.04920911344109719,0.14587864642421,230,-0.09666953298311282,bens,12,3
2020-02-01,0.042823325322105574,0.1360920869549504,230,-0.09326876163284482,bens,12,3
2020-03-01,0.061894127797797294,0.07815343566244444,230,-0.016259307864647146,bens,12,3
2020-04-01,0.1058991810396077,0.2547928819263044,230,-0.14889370088669668,bens,12,3
2020-05-01,0.09047174068297051,0.24206689003613466,230,-0.15159514935316415,bens,12,3
2020-06-01,0.057830618455046355,0.25325237588665017,230,-0.1954217574316038,bens,12,3
2020-07-01,0.10328636840228624,0.27290378837891555,230,-0.16961741997662932,bens,12,3
2020-08-01,0.13116745587907164,0.22640066017588162,230,-0.09523320429680998,bens,12,3
2020-09-01,0.1650693956274926,0.03129426642692882,230,0.13377512920056378,bens,12,3
2020-10-01,0.18099498526309907,0.025094637444300103,230,0.15590034781879897,bens,12,3
2020-11-01,0.3845557386355769,0.03151091787707176,230,0.35304482075850513,bens,12,3
2020-12-01,0.3409365760741093,0.04165224928312772,230,0.2992843267909816,bens,12,3
2021-01-01,0.30966894934237743,0.0491122864478808,230,0.26055666289449664,bens,12,3
2021-02-01,0.286434876598811,0.07447578712657586,230,0.21195908947223513,bens,12,3
2021-03-01,0.17362781543844302,0.12476424119833808,230,0.04886357424010494,bens,12,3
2021-04-01,0.11172202132527757,0.05411487023510104,230,0.057607151090176535,bens,12,3
2021-05-01,0.1306753547580016,0.0811037450210157,230,0.049571609736985905,bens,12,3
2021-06-01,0.29449648711943793,0.05846879735500757,230,0.23602768976443037,bens,12,3
2021-07-01,0.20082926157869382,0.13136053953616406,230,0.06946872204252977,bens,12,3
2021-08-01,0.24103773422043911,0.049566517396273185,230,0.19147121682416593,bens,12,3
2021-09-01,0.2001168987450576,0.05083720130651538,230,0.1492796974385422,bens,12,3
2021-10-01,0.21311045920389948,0.09446755995573773,230,0.11864289924816175,bens,12,3
2021-11-01,0.2840898518664006,0.11974046469637609,230,0.16434938717002454,bens,12,3
2021-12-01,0.29441032580410115,0.10591235557406058,230,0.18849797023004056,bens,12,3
2022-01-01,0.20567795203717534,0.1529402815810583,230,0.05273767045611705,bens,12,3
2022-02-01,0.2754849324855817,0.12390639008254242,230,0.15157854240303928,bens,12,3
2022-03-01,0.3197396591590306,0.243994176586452,230,0.07574548257257857,bens,12,3
2022-04-01,0.27696242242378777,0.14636159039759938,230,0.13060083202618838,bens,12,3
2022-05-01,0.26889042235797933,0.15185741443580741,230,0.11703300792217192,bens,12,3
2022-06-01,0.23723593034161217,0.028540776875898226,230,0.20869515346571393,bens,12,3
2022-07-01,0.189918070861636,0.07545289916051244,230,0.11446517170112357,bens,12,3
2022-08-01,0.2500752650819645,0.058243594197144886,230,0.1918316708848196,bens,12,3
2022-09-01,0.09397947570898667,0.08136907319280962,230,0.012610402516177052,bens,12,3
2022-10-01,0.07525913606034612,0.10604443454972859,230,-0.030785298489382468,bens,12,3
2022-11-01,0.06430397290812692,0.29470910885781343,230,-0.2304051359496865,bens,12,3
2022-12-01,0.050503070691232194,0.3025120867633608,230,-0.25200901607212856,bens,12,3
2023-01-01,0.11515580459357734,0.2874997553832004,230,-0.17234395078962306,bens,12,3
2023-02-01,0.0975375759513911,0.2777324553102341,230,-0.18019487935884299,bens,12,3
2023-03-01,0.0808684531500166,0.19824902276007403,230,-0.11738056961005743,bens,12,3
2023-04-01,0.03391232697201439,0.15201974909907973,230,-0.11810742212706533,bens,12,3
2023-05-01,0.06229824839921681,0.12481809281896597,230,-0.06251984441974916,bens,12,3
2023-06-01,0.07000367395168258,0.18388955637860901,230,-0.11388588242692643,bens,12,3
2023-07-01,0.03711876009384367,0.16413337498255384,230,-0.1270146148887102,bens,12,3
2023-08-01,0.02694615777644941,0.1733283463962144,230,-0.14638218861976499,bens,12,3
2023-09-01,0.054469706147612706,0.3056845562600116,230,-0.2512148501123989,bens,12,3
2023-10-01,0.060165700700989255,0.20802118907040076,230,-0.1478554883694115,bens,12,3
2023-11-01,0.032256097767510865,0.13941964089136982,230,-0.10716354312385895,bens,12,3
2023-12-01,0.08473428937935983,0.12695420252967476,230,-0.04221991315031494,bens,12,3
2024-01-01,0.0878921651221567,0.2349351305812974,230,-0.1470429654591407,bens,12,3
2024-02-01,0.11321532184038967,0.11110478321753288,230,0.002110538622856789,bens,12,3
2024-03-01,0.11254704849394455,0.11623034539722191,230,-0.0036832969032773583,bens,12,3
2024-04-01,0.12607010149001685,0.10551075043641713,230,0.020559351053599725,bens,12,3
2024-05-01,0.09707438801656486,0.04384738380844701,230,0.05322700420811785,bens,12,3
2024-06-01,0.21355719021479153,0.09360375458702552,230,0.119953435627766,bens,12,3
2024-07-01,0.186146564365332,0.05241217595206045,230,0.13373438841327157,bens,12,3
2024-08-01,0.1970679970835246,0.07926129459101834,230,0.11780670249250626,bens,12,3
2024-09-01,0.10199321960568254,0.12377430683481323,230,-0.02178108722913069,bens,12,3
2024-10-01,0.11456677198276154,0.16431002171721612,230,-0.049743249734454584,bens,12,3
2024-11-01,0.1957810403080596,0.19226411658787587,230,0.0035169237201837233,bens,12,3
2024-12-01,0.16770057344980976,0.10120116297765154,230,0.06649941047215822,bens,12,3
2025-01-01,0.10214969611189743,0.10503038881025727,230,-0.0028806926983598324,bens,12,3
2025-02-01,0.1367365602799279,0.10394907751033824,230,0.03278748276958965,bens,12,3
2025-03-01,0.09802272052024183,0.049189959706629545,230,0.048832760813612285,bens,12,3
2025-04-01,0.11484017277899518,0.07062457811133538,230,0.0442155946676598,bens,12,3
2025-05-01,0.20114556037381442,0.05371015136105691,230,0.1474354090127575,bens,12,3
2025-06-01,0.040183205701796565,0.07899668014287657,230,-0.038813474441080006,bens,12,3
2025-07-01,0.03200023937841405,0.18055449349854877,230,-0.14855425412013473,bens,12,3
2025-08-01,0.029231381120926207,0.21349336060615176,230,-0.18426197948522555,bens,12,3
2025-09-01,0.04438562795708999,0.167035849801578,230,-0.12265022184448802,bens,12,3
2025-10-01,0.06276681704935695,0.3462662446973268,230,-0.28349942764796987,bens,12,3
2025-11-01,0.03765977870964483,0.3280351639468499,230,-0.2903753852372051,bens,12,3
2025-12-01,0.09378597058555471,0.2922676532241459,230,-0.19848168263859117,bens,12,3
2026-01-01,0.016344203595522303,0.11707889967703071,230,-0.10073469608150841,bens,12,3
2026-02-01,0.038677003073198934,0.10967161736813813,230,-0.0709946142949392,bens,12,3
2026-03-01,0.27036922564846294,0.03744561470245596,230,0.232923610946007,bens,12,3
2026-04-01,0.25559409207031314,0.05672762955318321,230,0.19886646251712992,bens,12,3
2026-05-01,0.2444073152081277,0.012564803055975692,230,0.231842512152152,bens,12,3
2026-06-01,0.06379212663888675,0.11184155388756845,230,-0.04804942724868169,bens,12,3
2026-07-01,0.0475141947564284,0.16872682531625144,230,-0.12121263055982304,bens,12,3
2009-07-01,0.0,0.0,226,0.0,bens,12,4
2009-08-01,0.0,0.0,226,0.0,bens,12,4
2009-09-01,0.0,0.0,226,0.0,bens,12,4
2009-10-01,0.0027578747333257634,0.11636856919187993,226,-0.11361069445855417,bens,12,4
2009-11-01,0.0016340945141112742,0.13082632508305153,226,-0.12919223056894025,bens,12,4
2009-12-01,0.011738653581215763,0.12513858962826602,226,-0.11339993604705026,bens,12,4
2010-01-01,0.013996671158908833,0.0816910751798142,226,-0.06769440402090536,bens,12,4
2010-02-01,0.013026351129547285,0.06617923542928765,226,-0.05315288429974037,bens,12,4
2010-03-01,0.04742397512184912,0.05103908142212122,226,-0.0036151063002720987,bens,12,4
2010-04-01,0.043118438466240555,0.028970154479795368,226,0.014148283986445187,bens,12,4
2010-05-01,0.03751462996866165,0.023331299141217156,226,0.014183330827444496,bens,12,4
2010-06-01,0.04239991038951086,0.014602972474251723,226,0.027796937915259137,bens,12,4
2010-07-01,0.13651382442813573,0.051200818787141965,226,0.08531300564099376,bens,12,4
2010-08-01,0.022132533276186393,0.06492725670881254,226,-0.04279472343262615,bens,12,4
2010-09-01,0.008785375600155071,0.10090358751081024,226,-0.09211821191065517,bens,12,4
2010-10-01,0.01661692871883955,0.054875061244487995,226,-0.03825813252564844,bens,12,4
2010-11-01,0.04087341238611478,0.04740514108357135,226,-0.006531728697456572,bens,12,4
2010-12-01,0.1629954273860134,0.01206994784590437,226,0.15092547954010901,bens,12,4
2011-01-01,0.15771259207601446,0.016461084717197694,226,0.14125150735881675,bens,12,4
2011-02-01,0.018043094230858633,0.049428199525823995,226,-0.03138510529496536,bens,12,4
2011-03-01,0.058428648281991916,0.015694805042920965,226,0.04273384323907095,bens,12,4
2011-04-01,0.02828578538284761,0.022659074608077055,226,0.005626710774770553,bens,12,4
2011-05-01,0.01704258887833257,0.034366679568833054,226,-0.017324090690500484,bens,12,4
2011-06-01,0.049159313402695456,0.033308456619400906,226,0.01585085678329455,bens,12,4
2011-07-01,0.020703424613420927,0.06141059645301623,226,-0.040707171839595296,bens,12,4
2011-08-01,0.030279881771546426,0.0344784021530271,226,-0.004198520381480678,bens,12,4
2011-09-01,0.030148178517043458,0.04892233805786576,226,-0.0187741595408223,bens,12,4
2011-10-01,0.04649862404122021,0.07293459804438199,226,-0.026435974003161777,bens,12,4
2011-11-01,0.055032292787944026,0.04194844854214443,226,0.013083844245799593,bens,12,4
2011-12-01,0.04783783704990773,0.05242658441516794,226,-0.004588747365260208,bens,12,4
2012-01-01,0.07197173005451481,0.04653342114501403,220,0.02543830890950078,bens,12,4
2012-02-01,0.005169539438396081,0.022759890404604168,220,-0.017590350966208087,bens,12,4
2012-03-01,0.007068114626254162,0.021544800614568056,220,-0.014476685988313894,bens,12,4
2012-04-01,0.03279630418171107,0.07656165238542438,220,-0.04376534820371331,bens,12,4
2012-05-01,0.02272016553513969,0.08063700633908401,220,-0.05791684080394432,bens,12,4
2012-06-01,0.02002167655319496,0.10858088500938151,220,-0.08855920845618655,bens,12,4
2012-07-01,0.03546152775199555,0.10984488119547059,220,-0.07438335344347505,bens,12,4
2012-08-01,0.0527866963512821,0.03373392123540498,220,0.01905277511587712,bens,12,4
2012-09-01,0.06560680957220734,0.03127887369490899,220,0.03432793587729835,bens,12,4
2012-10-01,0.23488164243572024,0.01293785976417575,220,0.2219437826715445,bens,12,4
2012-11-01,0.24361751375942295,0.028973372730338173,220,0.21464414102908477,bens,12,4
2012-12-01,0.07528369775809576,0.024499159678252357,220,0.05078453807984341,bens,12,4
2013-01-01,0.04947036735252052,0.024860540515900375,220,0.024609826836620146,bens,12,4
2013-02-01,0.09426534978957363,0.015349081067293931,220,0.07891626872227969,bens,12,4
2013-03-01,0.10023250243070723,0.0140262375470289,220,0.08620626488367833,bens,12,4
2013-04-01,0.0574296523270412,0.045630847092988966,220,0.011798805234052231,bens,12,4
2013-05-01,0.1870936672285095,0.05681799091718511,220,0.1302756763113244,bens,12,4
2013-06-01,0.026432124810439668,0.0715824580449125,220,-0.04515033323447284,bens,12,4
2013-07-01,0.06535969681436603,0.06387794145245639,220,0.0014817553619096424,bens,12,4
2013-08-01,0.09581001505854854,0.05099678601128267,220,0.04481322904726587,bens,12,4
2013-09-01,0.11426859828381947,0.183078943741791,220,-0.06881034545797154,bens,12,4
2013-10-01,0.06490272329744667,0.031192139074450308,220,0.033710584222996366,bens,12,4
2013-11-01,0.05374060855972704,0.027427767848638835,220,0.026312840711088203,bens,12,4
2013-12-01,0.049391565354224884,0.04065004227962794,220,0.00874152307459694,bens,12,4
2014-01-01,0.01716274671098651,0.02484317379309573,228,-0.007680427082109222,bens,12,4
2014-02-01,0.05875756770738663,0.056646299688203464,228,0.0021112680191831684,bens,12,4
2014-03-01,0.08430209746308981,0.00955124827640326,228,0.07475084918668655,bens,12,4
2014-04-01,0.08452176822383003,0.010157110395494402,228,0.07436465782833564,bens,12,4
2014-05-01,0.08690622192929032,0.006132103019330724,228,0.08077411890995959,bens,12,4
2014-06-01,0.08238049776869963,0.02624553184876002,228,0.056134965919939606,bens,12,4
2014-07-01,0.07137864293969394,0.05269504434883105,228,0.01868359859086289,bens,12,4
2014-08-01,0.0253837795670465,0.07309503245758225,228,-0.04771125289053575,bens,12,4
2014-09-01,0.04007357257464877,0.04689972102800342,228,-0.00682614845335465,bens,12,4
2014-10-01,0.04,0.08623481781376519,228,-0.046234817813765185,bens,12,4
2014-11-01,0.026263421278115952,0.10023081667797025,228,-0.0739673953998543,bens,12,4
2014-12-01,0.058085871162581876,0.07155465453825496,228,-0.013468783375673088,bens,12,4
2015-01-01,0.03165942513368984,0.09208723262032087,228,-0.06042780748663103,bens,12,4
2015-02-01,0.08385670403631311,0.10471327111580676,228,-0.020856567079493654,bens,12,4
2015-03-01,0.09693082397952008,0.0524854418094354,228,0.044445382170084674,bens,12,4
2015-04-01,0.09272635408816216,0.03534220204979691,228,0.05738415203836524,bens,12,4
2015-05-01,0.13804380894432614,0.01943683872494338,228,0.11860697021938275,bens,12,4
2015-06-01,0.13448777256293368,0.011747434371561383,228,0.1227403381913723,bens,12,4
2015-07-01,0.1450133133890237,0.03714533947033237,228,0.10786797391869134,bens,12,4
2015-08-01,0.12362178134233853,0.016521739130434778,228,0.10710004221190375,bens,12,4
2015-09-01,0.055606442794132155,0.05349830193199273,228,0.0021081408621394238,bens,12,4
2015-10-01,0.061685944996016255,0.07125824296910759,228,-0.00957229797309133,bens,12,4
2015-11-01,0.0928490608735008,0.10683978275627971,228,-0.013990721882778917,bens,12,4
2015-12-01,0.04037343171353338,0.05510229944942761,228,-0.014728867735894227,bens,12,4
2016-01-01,0.04051349841847202,0.00861911698255127,228,0.03189438143592075,bens,12,4
2016-02-01,0.07547792523808858,0.08142419623253667,228,-0.005946270994448097,bens,12,4
2016-03-01,0.09847857702203826,0.07707517619420517,228,0.021403400827833083,bens,12,4
2016-04-01,0.10393366917389335,0.02988110355022187,228,0.07405256562367148,bens,12,4
2016-05-01,0.07112150801987854,0.19271822190686574,228,-0.1215967138869872,bens,12,4
2016-06-01,0.05372818262703761,0.18432059515659172,228,-0.1305924125295541,bens,12,4
2016-07-01,0.021905156919673718,0.21838517904050878,228,-0.19648002212083507,bens,12,4
2016-08-01,0.04264341830257937,0.2866108037703325,228,-0.24396738546775312,bens,12,4
2016-09-01,0.006455188692252119,0.23515527196721944,228,-0.22870008327496733,bens,12,4
2016-10-01,0.010566242210782987,0.07251781774752708,228,-0.061951575536744095,bens,12,4
2016-11-01,0.013191442190444517,0.11948231903336659,228,-0.10629087684292207,bens,12,4
2016-12-01,0.01688408798405546,0.10050674501802656,228,-0.08362265703397109,bens,12,4
2017-01-01,0.015128677341253368,0.13506593372914932,228,-0.11993725638789596,bens,12,4
2017-02-01,0.015524759772418914,0.13947995823585574,228,-0.12395519846343682,bens,12,4
2017-03-01,0.01140658766267525,0.10854384047076412,228,-0.09713725280808888,bens,12,4
2017-04-01,0.01850799988752355,0.15258555239996624,228,-0.1340775525124427,bens,12,4
2017-05-01,0.013236514057665575,0.29609098246715393,228,-0.28285446840948836,bens,12,4
2017-06-01,0.0013987785314232644,0.15330274971151953,228,-0.15190397118009627,bens,12,4
2017-07-01,0.019371960805305597,0.09358043195302948,228,-0.07420847114772389,bens,12,4
2017-08-01,0.0012961560605931686,0.1373443265519129,228,-0.13604817049131973,bens,12,4
2017-09-01,0.0010328657303161827,0.12289957741199897,228,-0.1218667116816828,bens,12,4
2017-10-01,0.0011288594498174577,0.29161627970437093,228,-0.2904874202545535,bens,12,4
2017-11-01,0.004645167987266877,0.39741704439292763,228,-0.39277187640566075,bens,12,4
2017-12-01,0.002377969561989606,0.24280519209354118,228,-0.24042722253155158,bens,12,4
2018-01-01,0.00034471171672228405,0.21900201612903225,228,-0.21865730441230996,bens,12,4
2018-02-01,0.0002170685328772,0.20846972472815783,228,-0.20825265619528063,bens,12,4
2018-03-01,0.0,0.0853805563321219,228,-0.0853805563321219,bens,12,4
2018-04-01,0.012162319515603169,0.096040987424313,228,-0.08387866790870982,bens,12,4
2018-05-01,0.010402340380894659,0.09004580526352594,237,-0.07964346488263128,bens,12,4
2018-06-01,0.012713310331351039,0.054609778078508114,237,-0.04189646774715708,bens,12,4
2018-07-01,0.018394230265493937,0.07052964905438522,237,-0.05213541878889128,bens,12,4
2018-08-01,0.022059296417776066,0.05476236413917294,237,-0.032703067721396875,bens,12,4
2018-09-01,0.027629496813218635,0.0766290024891702,237,-0.04899950567595157,bens,12,4
2018-10-01,0.01777046966071088,0.13696944782934242,237,-0.11919897816863154,bens,12,4
2018-11-01,0.024021751564053607,0.1642131629812783,237,-0.1401914114172247,bens,12,4
2018-12-01,0.015910225458112316,0.10338727240349499,237,-0.08747704694538268,bens,12,4
2019-01-01,0.02950043754960592,0.07908454737601066,237,-0.04958410982640474,bens,12,4
2019-02-01,0.025753389673105496,0.08267842217682021,237,-0.056925032503714716,bens,12,4
2019-03-01,0.016883741968407136,0.05063672844517641,237,-0.033752986476769276,bens,12,4
2019-04-01,0.017446312923911883,0.03628844647764809,237,-0.018842133553736207,bens,12,4
2019-05-01,0.010182527373318827,0.08409627537674484,237,-0.07391374800342601,bens,12,4
2019-06-01,0.04476114594116757,0.08925767392088213,237,-0.04449652797971456,bens,12,4
2019-07-01,0.04536983652765403,0.1351165621305566,237,-0.08974672560290256,bens,12,4
2019-08-01,0.002305438500239299,0.05961163575239007,237,-0.05730619725215077,bens,12,4
2019-09-01,0.005426943972288942,0.06374538124647103,237,-0.05831843727418209,bens,12,4
2019-10-01,0.010041003454621767,0.09575495372802706,237,-0.0857139502734053,bens,12,4
2019-11-01,0.03199807530374112,0.11018299284400278,237,-0.07818491754026166,bens,12,4
2019-12-01,0.021059023347091074,0.0669025136477373,237,-0.04584349030064623,bens,12,4
2020-01-01,0.003042149303774144,0.05231268381157462,230,-0.04927053450780047,bens,12,4
2020-02-01,0.0,0.0757115235186758,230,-0.0757115235186758,bens,12,4
2020-03-01,0.01541099614996991,0.03356994221329602,230,-0.01815894606332611,bens,12,4
2020-04-01,0.03196215415767419,0.05817393090179321,230,-0.026211776744119016,bens,12,4
2020-05-01,0.021872679403226895,0.1831605950676326,230,-0.1612879156644057,bens,12,4
2020-06-01,0.030330768659855026,0.17335402036423783,230,-0.1430232517043828,bens,12,4
2020-07-01,0.04533981028097762,0.15862049487928095,230,-0.11328068459830334,bens,12,4
2020-08-01,0.06450881710223871,0.21750741104094576,230,-0.15299859393870704,bens,12,4
2020-09-01,0.08765149936238682,0.009488249195477009,230,0.07816325016690981,bens,12,4
2020-10-01,0.10602885918227661,0.0026261017754124235,230,0.10340275740686419,bens,12,4
2020-11-01,0.12805485938992814,0.003638138491574473,230,0.12441672089835366,bens,12,4
2020-12-01,0.2800101407022436,0.0020829550554484007,230,0.2779271856467952,bens,12,4
2021-01-01,0.25958228060158706,0.030140892260669485,230,0.22944138834091757,bens,12,4
2021-02-01,0.25017080043371415,0.04261343358157462,230,0.20755736685213952,bens,12,4
2021-03-01,0.12327110212114585,0.021850399081565712,230,0.10142070303958015,bens,12,4
2021-04-01,0.08910649220171965,0.02815156842978107,230,0.06095492377193858,bens,12,4
2021-05-01,0.06810597546851427,0.037463957136916484,230,0.030642018331597784,bens,12,4
2021-06-01,0.11155117784818845,0.03687491389998622,230,0.07467626394820223,bens,12,4
2021-07-01,0.1226343679031037,0.04043424403000482,230,0.08220012387309888,bens,12,4
2021-08-01,0.16708501507090057,0.025180315643007826,230,0.14190469942789274,bens,12,4
2021-09-01,0.146102802131683,0.03775141825683342,230,0.10835138387484958,bens,12,4
2021-10-01,0.14374209294388962,0.027312307602149685,230,0.11642978534173994,bens,12,4
2021-11-01,0.1457525731278277,0.07615493554689519,230,0.0695976375809325,bens,12,4
2021-12-01,0.23940876444259393,0.07573991186981714,230,0.1636688525727768,bens,12,4
2022-01-01,0.146716731668188,0.05123364589384007,230,0.09548308577434791,bens,12,4
2022-02-01,0.14482538308549994,0.10973712142290372,230,0.035088261662596223,bens,12,4
2022-03-01,0.23918472210327996,0.08997516485398648,230,0.14920955724929347,bens,12,4
2022-04-01,0.20083543613176022,0.14619791311464228,230,0.05463752301711794,bens,12,4
2022-05-01,0.1971815740158173,0.13790059061110999,230,0.059280983404707305,bens,12,4
2022-06-01,0.20695099487885352,0.011999946022171394,230,0.19495104885668213,bens,12,4
2022-07-01,0.1288650424456218,0.00489757174690157,230,0.12396747069872023,bens,12,4
2022-08-01,0.10763733809736489,0.048543496600664975,230,0.05909384149669992,bens,12,4
2022-09-01,0.040645180333675514,0.034492484593662984,230,0.00615269574001253,bens,12,4
2022-10-01,0.03426554652662733,0.054515155285196994,230,-0.02024960875856966,bens,12,4
2022-11-01,0.03840848320813803,0.05806055138237852,230,-0.019652068174240492,bens,12,4
2022-12-01,0.03775643538481641,0.26362210897687177,230,-0.22586567359205537,bens,12,4
2023-01-01,0.019993346423050076,0.21517146006875362,230,-0.19517811364570353,bens,12,4
2023-02-01,0.07895028814211964,0.2230735594525626,230,-0.14412327131044295,bens,12,4
2023-03-01,0.06540356967909709,0.12860444549647732,230,-0.06320087581738022,bens,12,4
2023-04-01,0.014014315449500481,0.08606477360344947,230,-0.07205045815394899,bens,12,4
2023-05-01,0.022639175530507486,0.08529131608191777,230,-0.06265214055141029,bens,12,4
2023-06-01,0.023761530747003747,0.11273404892644484,230,-0.0889725181794411,bens,12,4
2023-07-01,0.03262928427586849,0.08238570279736546,230,-0.04975641852149697,bens,12,4
2023-08-01,0.016911059980163567,0.0899852729513206,230,-0.07307421297115703,bens,12,4
2023-09-01,0.010422135174790346,0.13553487057303235,230,-0.125112735398242,bens,12,4
2023-10-01,0.031135860331197918,0.07434487857319691,230,-0.04320901824199899,bens,12,4
2023-11-01,0.0078480918331747,0.04887698107583553,230,-0.041028889242660835,bens,12,4
2023-12-01,0.019387178332932818,0.04969995227667345,230,-0.03031277394374063,bens,12,4
2024-01-01,0.06381128896377422,0.07707834877843302,230,-0.013267059814658796,bens,12,4
2024-02-01,0.048123630662441116,0.03186913320513765,230,0.016254497457303466,bens,12,4
2024-03-01,0.056760377529538567,0.07382374568127562,230,-0.01706336815173705,bens,12,4
2024-04-01,0.048332568277082155,0.07179354873296634,230,-0.023460980455884184,bens,12,4
2024-05-01,0.0757327410301526,0.005144741859733865,230,0.07058799917041873,bens,12,4
2024-06-01,0.05244178617185331,0.02144235819108118,230,0.030999427980772126,bens,12,4
2024-07-01,0.13216112126182036,0.02598396002364911,230,0.10617716123817125,bens,12,4
2024-08-01,0.14637735950960004,0.022227998163700684,230,0.12414936134589935,bens,12,4
2024-09-01,0.055774320355041186,0.053773326618286786,230,0.0020009937367544,bens,12,4
2024-10-01,0.04930349302139923,0.08848243341068542,230,-0.03917894038928618,bens,12,4
2024-11-01,0.10281353897614696,0.08851992473850677,230,0.014293614237640195,bens,12,4
2024-12-01,0.041799533737070585,0.07251192454043626,230,-0.03071239080336567,bens,12,4
2025-01-01,0.02531679293980518,0.04199483806510698,230,-0.016678045125301803,bens,12,4
2025-02-01,0.07089319796416074,0.05372574488389354,230,0.017167453080267202,bens,12,4
2025-03-01,0.08204891955680631,0.036998461040283356,230,0.04505045851652295,bens,12,4
2025-04-01,0.0287998244278109,0.01803937738377487,230,0.010760447044036031,bens,12,4
2025-05-01,0.03747088891907203,0.03145156214284058,230,0.006019326776231446,bens,12,4
2025-06-01,0.03144743780657272,0.031049452936630858,230,0.00039798486994186213,bens,12,4
2025-07-01,0.02509151237287178,0.04178150735257448,230,-0.0166899949797027,bens,12,4
2025-08-01,0.014268095815828262,0.1288874628591673,230,-0.11461936704333904,bens,12,4
2025-09-01,0.02297412148913531,0.1340067858313982,230,-0.11103266434226289,bens,12,4
2025-10-01,0.025119520571005322,0.143114941754764,230,-0.11799542118375868,bens,12,4
2025-11-01,0.024500244194075347,0.28822647737415585,230,-0.2637262331800805,bens,12,4
2025-12-01,0.021276021184881637,0.24858142981073356,230,-0.2273054086258519,bens,12,4
2026-01-01,0.006655124817338423,0.06063183188047774,230,-0.05397670706313932,bens,12,4
2026-02-01,0.0036648488926003184,0.037896025126528565,230,-0.03423117623392825,bens,12,4
2026-03-01,0.03302686234618429,0.012244121632866551,230,0.020782740713317736,bens,12,4
2026-04-01,0.205921464462754,0.019625425076556076,230,0.18629603938619793,bens,12,4
2026-05-01,0.19620967388777913,0.011106207955912025,230,0.1851034659318671,bens,12,4
2026-06-01,0.03602785143665541,0.006822059893327791,230,0.02920579154332762,bens,12,4
2026-07-01,0.02952912740487244,0.07304290531114166,230,-0.043513777906269216,bens,12,4
